maze,agent,seed,seconds,peak20,final20,first_ep_ge90,collapsed,n_trained,n_skipped,cache_used
large_full,qlearning,0,0.0,1.000,1.000,20,False,,,
large_full,mlp,0,13.5,1.000,1.000,30,False,,,
large_full,khot_rank,0,2.6,1.000,1.000,20,False,138,5813,True
large_full,khot,0,553.9,0.800,0.050,,True,47662,0,True
large_full,khot_decay,0,52.5,0.600,0.000,,True,4300,45116,True
large_full,qlearning,1,0.0,1.000,1.000,20,False,,,
large_full,mlp,1,15.1,1.000,1.000,46,False,,,
large_full,khot_rank,1,3.1,1.000,1.000,20,False,181,5733,True
large_full,khot,1,613.3,0.000,0.000,,False,52500,0,True
large_full,khot_decay,1,54.0,0.050,0.000,,False,4380,48061,True
large_full,qlearning,2,0.0,1.000,1.000,20,False,,,
large_full,mlp,2,14.9,1.000,1.000,44,False,,,
large_full,khot_rank,2,2.4,1.000,1.000,20,False,124,5510,True
large_full,khot,2,576.8,0.600,0.000,,True,49238,0,True
large_full,khot_decay,2,55.5,0.550,0.000,,True,4543,46814,True
