maze,agent,seed,episode,steps,total_reward,reached_goal,optimal_steps
large_full,qlearning,0,0,350,-350.0,False,30
large_full,qlearning,0,1,350,-350.0,False,30
large_full,qlearning,0,2,321,-310.0,True,30
large_full,qlearning,0,3,31,-20.0,True,30
large_full,qlearning,0,4,33,-22.0,True,30
large_full,qlearning,0,5,33,-22.0,True,30
large_full,qlearning,0,6,32,-21.0,True,30
large_full,qlearning,0,7,34,-23.0,True,30
large_full,qlearning,0,8,31,-20.0,True,30
large_full,qlearning,0,9,34,-23.0,True,30
large_full,qlearning,0,10,35,-24.0,True,30
large_full,qlearning,0,11,32,-21.0,True,30
large_full,qlearning,0,12,31,-20.0,True,30
large_full,qlearning,0,13,30,-19.0,True,30
large_full,qlearning,0,14,35,-24.0,True,30
large_full,qlearning,0,15,30,-19.0,True,30
large_full,qlearning,0,16,52,-41.0,True,30
large_full,qlearning,0,17,31,-20.0,True,30
large_full,qlearning,0,18,30,-19.0,True,30
large_full,qlearning,0,19,33,-22.0,True,30
large_full,qlearning,0,20,57,-46.0,True,30
large_full,qlearning,0,21,33,-22.0,True,30
large_full,qlearning,0,22,30,-19.0,True,30
large_full,qlearning,0,23,32,-21.0,True,30
large_full,qlearning,0,24,32,-21.0,True,30
large_full,qlearning,0,25,31,-20.0,True,30
large_full,qlearning,0,26,37,-26.0,True,30
large_full,qlearning,0,27,31,-20.0,True,30
large_full,qlearning,0,28,32,-21.0,True,30
large_full,qlearning,0,29,32,-21.0,True,30
large_full,qlearning,0,30,33,-22.0,True,30
large_full,qlearning,0,31,32,-21.0,True,30
large_full,qlearning,0,32,33,-22.0,True,30
large_full,qlearning,0,33,31,-20.0,True,30
large_full,qlearning,0,34,30,-19.0,True,30
large_full,qlearning,0,35,35,-24.0,True,30
large_full,qlearning,0,36,30,-19.0,True,30
large_full,qlearning,0,37,32,-21.0,True,30
large_full,qlearning,0,38,36,-25.0,True,30
large_full,qlearning,0,39,33,-22.0,True,30
large_full,qlearning,0,40,34,-23.0,True,30
large_full,qlearning,0,41,35,-24.0,True,30
large_full,qlearning,0,42,32,-21.0,True,30
large_full,qlearning,0,43,33,-22.0,True,30
large_full,qlearning,0,44,33,-22.0,True,30
large_full,qlearning,0,45,32,-21.0,True,30
large_full,qlearning,0,46,32,-21.0,True,30
large_full,qlearning,0,47,33,-22.0,True,30
large_full,qlearning,0,48,32,-21.0,True,30
large_full,qlearning,0,49,32,-21.0,True,30
large_full,qlearning,0,50,30,-19.0,True,30
large_full,qlearning,0,51,34,-23.0,True,30
large_full,qlearning,0,52,30,-19.0,True,30
large_full,qlearning,0,53,30,-19.0,True,30
large_full,qlearning,0,54,32,-21.0,True,30
large_full,qlearning,0,55,37,-26.0,True,30
large_full,qlearning,0,56,30,-19.0,True,30
large_full,qlearning,0,57,30,-19.0,True,30
large_full,qlearning,0,58,42,-31.0,True,30
large_full,qlearning,0,59,33,-22.0,True,30
large_full,qlearning,0,60,30,-19.0,True,30
large_full,qlearning,0,61,30,-19.0,True,30
large_full,qlearning,0,62,30,-19.0,True,30
large_full,qlearning,0,63,30,-19.0,True,30
large_full,qlearning,0,64,31,-20.0,True,30
large_full,qlearning,0,65,31,-20.0,True,30
large_full,qlearning,0,66,30,-19.0,True,30
large_full,qlearning,0,67,30,-19.0,True,30
large_full,qlearning,0,68,31,-20.0,True,30
large_full,qlearning,0,69,31,-20.0,True,30
large_full,qlearning,0,70,30,-19.0,True,30
large_full,qlearning,0,71,31,-20.0,True,30
large_full,qlearning,0,72,32,-21.0,True,30
large_full,qlearning,0,73,30,-19.0,True,30
large_full,qlearning,0,74,32,-21.0,True,30
large_full,qlearning,0,75,31,-20.0,True,30
large_full,qlearning,0,76,30,-19.0,True,30
large_full,qlearning,0,77,30,-19.0,True,30
large_full,qlearning,0,78,30,-19.0,True,30
large_full,qlearning,0,79,30,-19.0,True,30
large_full,qlearning,0,80,33,-22.0,True,30
large_full,qlearning,0,81,30,-19.0,True,30
large_full,qlearning,0,82,30,-19.0,True,30
large_full,qlearning,0,83,32,-21.0,True,30
large_full,qlearning,0,84,30,-19.0,True,30
large_full,qlearning,0,85,30,-19.0,True,30
large_full,qlearning,0,86,30,-19.0,True,30
large_full,qlearning,0,87,31,-20.0,True,30
large_full,qlearning,0,88,30,-19.0,True,30
large_full,qlearning,0,89,30,-19.0,True,30
large_full,qlearning,0,90,30,-19.0,True,30
large_full,qlearning,0,91,30,-19.0,True,30
large_full,qlearning,0,92,30,-19.0,True,30
large_full,qlearning,0,93,30,-19.0,True,30
large_full,qlearning,0,94,30,-19.0,True,30
large_full,qlearning,0,95,30,-19.0,True,30
large_full,qlearning,0,96,31,-20.0,True,30
large_full,qlearning,0,97,31,-20.0,True,30
large_full,qlearning,0,98,32,-21.0,True,30
large_full,qlearning,0,99,30,-19.0,True,30
large_full,qlearning,0,100,30,-19.0,True,30
large_full,qlearning,0,101,30,-19.0,True,30
large_full,qlearning,0,102,33,-22.0,True,30
large_full,qlearning,0,103,30,-19.0,True,30
large_full,qlearning,0,104,30,-19.0,True,30
large_full,qlearning,0,105,32,-21.0,True,30
large_full,qlearning,0,106,30,-19.0,True,30
large_full,qlearning,0,107,30,-19.0,True,30
large_full,qlearning,0,108,30,-19.0,True,30
large_full,qlearning,0,109,30,-19.0,True,30
large_full,qlearning,0,110,30,-19.0,True,30
large_full,qlearning,0,111,30,-19.0,True,30
large_full,qlearning,0,112,30,-19.0,True,30
large_full,qlearning,0,113,30,-19.0,True,30
large_full,qlearning,0,114,30,-19.0,True,30
large_full,qlearning,0,115,30,-19.0,True,30
large_full,qlearning,0,116,30,-19.0,True,30
large_full,qlearning,0,117,31,-20.0,True,30
large_full,qlearning,0,118,30,-19.0,True,30
large_full,qlearning,0,119,30,-19.0,True,30
large_full,qlearning,0,120,31,-20.0,True,30
large_full,qlearning,0,121,30,-19.0,True,30
large_full,qlearning,0,122,30,-19.0,True,30
large_full,qlearning,0,123,30,-19.0,True,30
large_full,qlearning,0,124,30,-19.0,True,30
large_full,qlearning,0,125,30,-19.0,True,30
large_full,qlearning,0,126,30,-19.0,True,30
large_full,qlearning,0,127,30,-19.0,True,30
large_full,qlearning,0,128,31,-20.0,True,30
large_full,qlearning,0,129,30,-19.0,True,30
large_full,qlearning,0,130,31,-20.0,True,30
large_full,qlearning,0,131,30,-19.0,True,30
large_full,qlearning,0,132,30,-19.0,True,30
large_full,qlearning,0,133,32,-21.0,True,30
large_full,qlearning,0,134,30,-19.0,True,30
large_full,qlearning,0,135,30,-19.0,True,30
large_full,qlearning,0,136,30,-19.0,True,30
large_full,qlearning,0,137,30,-19.0,True,30
large_full,qlearning,0,138,30,-19.0,True,30
large_full,qlearning,0,139,30,-19.0,True,30
large_full,qlearning,0,140,31,-20.0,True,30
large_full,qlearning,0,141,31,-20.0,True,30
large_full,qlearning,0,142,30,-19.0,True,30
large_full,qlearning,0,143,34,-23.0,True,30
large_full,qlearning,0,144,30,-19.0,True,30
large_full,qlearning,0,145,30,-19.0,True,30
large_full,qlearning,0,146,30,-19.0,True,30
large_full,qlearning,0,147,30,-19.0,True,30
large_full,qlearning,0,148,30,-19.0,True,30
large_full,qlearning,0,149,32,-21.0,True,30
large_full,mlp,0,0,350,-350.0,False,30
large_full,mlp,0,1,350,-350.0,False,30
large_full,mlp,0,2,350,-350.0,False,30
large_full,mlp,0,3,350,-350.0,False,30
large_full,mlp,0,4,350,-350.0,False,30
large_full,mlp,0,5,350,-350.0,False,30
large_full,mlp,0,6,350,-350.0,False,30
large_full,mlp,0,7,350,-350.0,False,30
large_full,mlp,0,8,350,-350.0,False,30
large_full,mlp,0,9,350,-350.0,False,30
large_full,mlp,0,10,350,-350.0,False,30
large_full,mlp,0,11,345,-334.0,True,30
large_full,mlp,0,12,131,-120.0,True,30
large_full,mlp,0,13,350,-350.0,False,30
large_full,mlp,0,14,163,-152.0,True,30
large_full,mlp,0,15,86,-75.0,True,30
large_full,mlp,0,16,150,-139.0,True,30
large_full,mlp,0,17,121,-110.0,True,30
large_full,mlp,0,18,121,-110.0,True,30
large_full,mlp,0,19,47,-36.0,True,30
large_full,mlp,0,20,79,-68.0,True,30
large_full,mlp,0,21,73,-62.0,True,30
large_full,mlp,0,22,68,-57.0,True,30
large_full,mlp,0,23,115,-104.0,True,30
large_full,mlp,0,24,81,-70.0,True,30
large_full,mlp,0,25,105,-94.0,True,30
large_full,mlp,0,26,61,-50.0,True,30
large_full,mlp,0,27,165,-154.0,True,30
large_full,mlp,0,28,72,-61.0,True,30
large_full,mlp,0,29,97,-86.0,True,30
large_full,mlp,0,30,156,-145.0,True,30
large_full,mlp,0,31,153,-142.0,True,30
large_full,mlp,0,32,95,-84.0,True,30
large_full,mlp,0,33,157,-146.0,True,30
large_full,mlp,0,34,105,-94.0,True,30
large_full,mlp,0,35,114,-103.0,True,30
large_full,mlp,0,36,151,-140.0,True,30
large_full,mlp,0,37,146,-135.0,True,30
large_full,mlp,0,38,77,-66.0,True,30
large_full,mlp,0,39,111,-100.0,True,30
large_full,mlp,0,40,91,-80.0,True,30
large_full,mlp,0,41,115,-104.0,True,30
large_full,mlp,0,42,99,-88.0,True,30
large_full,mlp,0,43,145,-134.0,True,30
large_full,mlp,0,44,50,-39.0,True,30
large_full,mlp,0,45,85,-74.0,True,30
large_full,mlp,0,46,152,-141.0,True,30
large_full,mlp,0,47,124,-113.0,True,30
large_full,mlp,0,48,31,-20.0,True,30
large_full,mlp,0,49,68,-57.0,True,30
large_full,mlp,0,50,156,-145.0,True,30
large_full,mlp,0,51,51,-40.0,True,30
large_full,mlp,0,52,158,-147.0,True,30
large_full,mlp,0,53,62,-51.0,True,30
large_full,mlp,0,54,53,-42.0,True,30
large_full,mlp,0,55,126,-115.0,True,30
large_full,mlp,0,56,350,-350.0,False,30
large_full,mlp,0,57,34,-23.0,True,30
large_full,mlp,0,58,35,-24.0,True,30
large_full,mlp,0,59,30,-19.0,True,30
large_full,mlp,0,60,67,-56.0,True,30
large_full,mlp,0,61,33,-22.0,True,30
large_full,mlp,0,62,37,-26.0,True,30
large_full,mlp,0,63,350,-350.0,False,30
large_full,mlp,0,64,30,-19.0,True,30
large_full,mlp,0,65,30,-19.0,True,30
large_full,mlp,0,66,34,-23.0,True,30
large_full,mlp,0,67,51,-40.0,True,30
large_full,mlp,0,68,36,-25.0,True,30
large_full,mlp,0,69,35,-24.0,True,30
large_full,mlp,0,70,40,-29.0,True,30
large_full,mlp,0,71,36,-25.0,True,30
large_full,mlp,0,72,38,-27.0,True,30
large_full,mlp,0,73,36,-25.0,True,30
large_full,mlp,0,74,35,-24.0,True,30
large_full,mlp,0,75,37,-26.0,True,30
large_full,mlp,0,76,53,-42.0,True,30
large_full,mlp,0,77,33,-22.0,True,30
large_full,mlp,0,78,40,-29.0,True,30
large_full,mlp,0,79,36,-25.0,True,30
large_full,mlp,0,80,32,-21.0,True,30
large_full,mlp,0,81,30,-19.0,True,30
large_full,mlp,0,82,32,-21.0,True,30
large_full,mlp,0,83,30,-19.0,True,30
large_full,mlp,0,84,30,-19.0,True,30
large_full,mlp,0,85,31,-20.0,True,30
large_full,mlp,0,86,39,-28.0,True,30
large_full,mlp,0,87,32,-21.0,True,30
large_full,mlp,0,88,38,-27.0,True,30
large_full,mlp,0,89,30,-19.0,True,30
large_full,mlp,0,90,33,-22.0,True,30
large_full,mlp,0,91,35,-24.0,True,30
large_full,mlp,0,92,31,-20.0,True,30
large_full,mlp,0,93,30,-19.0,True,30
large_full,mlp,0,94,31,-20.0,True,30
large_full,mlp,0,95,30,-19.0,True,30
large_full,mlp,0,96,30,-19.0,True,30
large_full,mlp,0,97,30,-19.0,True,30
large_full,mlp,0,98,30,-19.0,True,30
large_full,mlp,0,99,31,-20.0,True,30
large_full,mlp,0,100,30,-19.0,True,30
large_full,mlp,0,101,30,-19.0,True,30
large_full,mlp,0,102,34,-23.0,True,30
large_full,mlp,0,103,30,-19.0,True,30
large_full,mlp,0,104,30,-19.0,True,30
large_full,mlp,0,105,32,-21.0,True,30
large_full,mlp,0,106,46,-35.0,True,30
large_full,mlp,0,107,30,-19.0,True,30
large_full,mlp,0,108,30,-19.0,True,30
large_full,mlp,0,109,31,-20.0,True,30
large_full,mlp,0,110,30,-19.0,True,30
large_full,mlp,0,111,61,-50.0,True,30
large_full,mlp,0,112,35,-24.0,True,30
large_full,mlp,0,113,30,-19.0,True,30
large_full,mlp,0,114,30,-19.0,True,30
large_full,mlp,0,115,30,-19.0,True,30
large_full,mlp,0,116,30,-19.0,True,30
large_full,mlp,0,117,30,-19.0,True,30
large_full,mlp,0,118,32,-21.0,True,30
large_full,mlp,0,119,30,-19.0,True,30
large_full,mlp,0,120,30,-19.0,True,30
large_full,mlp,0,121,33,-22.0,True,30
large_full,mlp,0,122,30,-19.0,True,30
large_full,mlp,0,123,32,-21.0,True,30
large_full,mlp,0,124,46,-35.0,True,30
large_full,mlp,0,125,30,-19.0,True,30
large_full,mlp,0,126,34,-23.0,True,30
large_full,mlp,0,127,30,-19.0,True,30
large_full,mlp,0,128,30,-19.0,True,30
large_full,mlp,0,129,32,-21.0,True,30
large_full,mlp,0,130,41,-30.0,True,30
large_full,mlp,0,131,32,-21.0,True,30
large_full,mlp,0,132,73,-62.0,True,30
large_full,mlp,0,133,65,-54.0,True,30
large_full,mlp,0,134,30,-19.0,True,30
large_full,mlp,0,135,33,-22.0,True,30
large_full,mlp,0,136,37,-26.0,True,30
large_full,mlp,0,137,32,-21.0,True,30
large_full,mlp,0,138,46,-35.0,True,30
large_full,mlp,0,139,32,-21.0,True,30
large_full,mlp,0,140,43,-32.0,True,30
large_full,mlp,0,141,32,-21.0,True,30
large_full,mlp,0,142,32,-21.0,True,30
large_full,mlp,0,143,32,-21.0,True,30
large_full,mlp,0,144,30,-19.0,True,30
large_full,mlp,0,145,31,-20.0,True,30
large_full,mlp,0,146,37,-26.0,True,30
large_full,mlp,0,147,36,-25.0,True,30
large_full,mlp,0,148,32,-21.0,True,30
large_full,mlp,0,149,32,-21.0,True,30
large_full,khot_rank,0,0,350,-350.0,False,30
large_full,khot_rank,0,1,350,-350.0,False,30
large_full,khot_rank,0,2,306,-295.0,True,30
large_full,khot_rank,0,3,42,-31.0,True,30
large_full,khot_rank,0,4,35,-24.0,True,30
large_full,khot_rank,0,5,30,-19.0,True,30
large_full,khot_rank,0,6,37,-26.0,True,30
large_full,khot_rank,0,7,42,-31.0,True,30
large_full,khot_rank,0,8,32,-21.0,True,30
large_full,khot_rank,0,9,32,-21.0,True,30
large_full,khot_rank,0,10,39,-28.0,True,30
large_full,khot_rank,0,11,31,-20.0,True,30
large_full,khot_rank,0,12,31,-20.0,True,30
large_full,khot_rank,0,13,31,-20.0,True,30
large_full,khot_rank,0,14,60,-49.0,True,30
large_full,khot_rank,0,15,32,-21.0,True,30
large_full,khot_rank,0,16,30,-19.0,True,30
large_full,khot_rank,0,17,30,-19.0,True,30
large_full,khot_rank,0,18,53,-42.0,True,30
large_full,khot_rank,0,19,31,-20.0,True,30
large_full,khot_rank,0,20,32,-21.0,True,30
large_full,khot_rank,0,21,32,-21.0,True,30
large_full,khot_rank,0,22,32,-21.0,True,30
large_full,khot_rank,0,23,31,-20.0,True,30
large_full,khot_rank,0,24,30,-19.0,True,30
large_full,khot_rank,0,25,36,-25.0,True,30
large_full,khot_rank,0,26,32,-21.0,True,30
large_full,khot_rank,0,27,32,-21.0,True,30
large_full,khot_rank,0,28,33,-22.0,True,30
large_full,khot_rank,0,29,31,-20.0,True,30
large_full,khot_rank,0,30,54,-43.0,True,30
large_full,khot_rank,0,31,32,-21.0,True,30
large_full,khot_rank,0,32,30,-19.0,True,30
large_full,khot_rank,0,33,31,-20.0,True,30
large_full,khot_rank,0,34,286,-275.0,True,30
large_full,khot_rank,0,35,58,-47.0,True,30
large_full,khot_rank,0,36,32,-21.0,True,30
large_full,khot_rank,0,37,34,-23.0,True,30
large_full,khot_rank,0,38,34,-23.0,True,30
large_full,khot_rank,0,39,34,-23.0,True,30
large_full,khot_rank,0,40,35,-24.0,True,30
large_full,khot_rank,0,41,32,-21.0,True,30
large_full,khot_rank,0,42,33,-22.0,True,30
large_full,khot_rank,0,43,33,-22.0,True,30
large_full,khot_rank,0,44,32,-21.0,True,30
large_full,khot_rank,0,45,32,-21.0,True,30
large_full,khot_rank,0,46,33,-22.0,True,30
large_full,khot_rank,0,47,32,-21.0,True,30
large_full,khot_rank,0,48,32,-21.0,True,30
large_full,khot_rank,0,49,30,-19.0,True,30
large_full,khot_rank,0,50,34,-23.0,True,30
large_full,khot_rank,0,51,30,-19.0,True,30
large_full,khot_rank,0,52,30,-19.0,True,30
large_full,khot_rank,0,53,32,-21.0,True,30
large_full,khot_rank,0,54,37,-26.0,True,30
large_full,khot_rank,0,55,30,-19.0,True,30
large_full,khot_rank,0,56,30,-19.0,True,30
large_full,khot_rank,0,57,32,-21.0,True,30
large_full,khot_rank,0,58,33,-22.0,True,30
large_full,khot_rank,0,59,30,-19.0,True,30
large_full,khot_rank,0,60,30,-19.0,True,30
large_full,khot_rank,0,61,30,-19.0,True,30
large_full,khot_rank,0,62,30,-19.0,True,30
large_full,khot_rank,0,63,31,-20.0,True,30
large_full,khot_rank,0,64,31,-20.0,True,30
large_full,khot_rank,0,65,30,-19.0,True,30
large_full,khot_rank,0,66,30,-19.0,True,30
large_full,khot_rank,0,67,31,-20.0,True,30
large_full,khot_rank,0,68,31,-20.0,True,30
large_full,khot_rank,0,69,30,-19.0,True,30
large_full,khot_rank,0,70,31,-20.0,True,30
large_full,khot_rank,0,71,32,-21.0,True,30
large_full,khot_rank,0,72,30,-19.0,True,30
large_full,khot_rank,0,73,32,-21.0,True,30
large_full,khot_rank,0,74,31,-20.0,True,30
large_full,khot_rank,0,75,30,-19.0,True,30
large_full,khot_rank,0,76,30,-19.0,True,30
large_full,khot_rank,0,77,30,-19.0,True,30
large_full,khot_rank,0,78,30,-19.0,True,30
large_full,khot_rank,0,79,33,-22.0,True,30
large_full,khot_rank,0,80,30,-19.0,True,30
large_full,khot_rank,0,81,30,-19.0,True,30
large_full,khot_rank,0,82,32,-21.0,True,30
large_full,khot_rank,0,83,30,-19.0,True,30
large_full,khot_rank,0,84,30,-19.0,True,30
large_full,khot_rank,0,85,30,-19.0,True,30
large_full,khot_rank,0,86,31,-20.0,True,30
large_full,khot_rank,0,87,30,-19.0,True,30
large_full,khot_rank,0,88,30,-19.0,True,30
large_full,khot_rank,0,89,30,-19.0,True,30
large_full,khot_rank,0,90,30,-19.0,True,30
large_full,khot_rank,0,91,30,-19.0,True,30
large_full,khot_rank,0,92,30,-19.0,True,30
large_full,khot_rank,0,93,30,-19.0,True,30
large_full,khot_rank,0,94,30,-19.0,True,30
large_full,khot_rank,0,95,31,-20.0,True,30
large_full,khot_rank,0,96,31,-20.0,True,30
large_full,khot_rank,0,97,32,-21.0,True,30
large_full,khot_rank,0,98,30,-19.0,True,30
large_full,khot_rank,0,99,30,-19.0,True,30
large_full,khot_rank,0,100,30,-19.0,True,30
large_full,khot_rank,0,101,33,-22.0,True,30
large_full,khot_rank,0,102,30,-19.0,True,30
large_full,khot_rank,0,103,30,-19.0,True,30
large_full,khot_rank,0,104,32,-21.0,True,30
large_full,khot_rank,0,105,30,-19.0,True,30
large_full,khot_rank,0,106,30,-19.0,True,30
large_full,khot_rank,0,107,30,-19.0,True,30
large_full,khot_rank,0,108,30,-19.0,True,30
large_full,khot_rank,0,109,30,-19.0,True,30
large_full,khot_rank,0,110,30,-19.0,True,30
large_full,khot_rank,0,111,30,-19.0,True,30
large_full,khot_rank,0,112,30,-19.0,True,30
large_full,khot_rank,0,113,30,-19.0,True,30
large_full,khot_rank,0,114,30,-19.0,True,30
large_full,khot_rank,0,115,30,-19.0,True,30
large_full,khot_rank,0,116,31,-20.0,True,30
large_full,khot_rank,0,117,30,-19.0,True,30
large_full,khot_rank,0,118,30,-19.0,True,30
large_full,khot_rank,0,119,31,-20.0,True,30
large_full,khot_rank,0,120,30,-19.0,True,30
large_full,khot_rank,0,121,30,-19.0,True,30
large_full,khot_rank,0,122,30,-19.0,True,30
large_full,khot_rank,0,123,30,-19.0,True,30
large_full,khot_rank,0,124,30,-19.0,True,30
large_full,khot_rank,0,125,30,-19.0,True,30
large_full,khot_rank,0,126,30,-19.0,True,30
large_full,khot_rank,0,127,31,-20.0,True,30
large_full,khot_rank,0,128,30,-19.0,True,30
large_full,khot_rank,0,129,31,-20.0,True,30
large_full,khot_rank,0,130,30,-19.0,True,30
large_full,khot_rank,0,131,30,-19.0,True,30
large_full,khot_rank,0,132,32,-21.0,True,30
large_full,khot_rank,0,133,30,-19.0,True,30
large_full,khot_rank,0,134,30,-19.0,True,30
large_full,khot_rank,0,135,30,-19.0,True,30
large_full,khot_rank,0,136,30,-19.0,True,30
large_full,khot_rank,0,137,30,-19.0,True,30
large_full,khot_rank,0,138,30,-19.0,True,30
large_full,khot_rank,0,139,31,-20.0,True,30
large_full,khot_rank,0,140,31,-20.0,True,30
large_full,khot_rank,0,141,30,-19.0,True,30
large_full,khot_rank,0,142,34,-23.0,True,30
large_full,khot_rank,0,143,30,-19.0,True,30
large_full,khot_rank,0,144,30,-19.0,True,30
large_full,khot_rank,0,145,30,-19.0,True,30
large_full,khot_rank,0,146,30,-19.0,True,30
large_full,khot_rank,0,147,30,-19.0,True,30
large_full,khot_rank,0,148,32,-21.0,True,30
large_full,khot_rank,0,149,30,-19.0,True,30
large_full,khot,0,0,350,-350.0,False,30
large_full,khot,0,1,350,-350.0,False,30
large_full,khot,0,2,350,-350.0,False,30
large_full,khot,0,3,118,-107.0,True,30
large_full,khot,0,4,350,-350.0,False,30
large_full,khot,0,5,165,-154.0,True,30
large_full,khot,0,6,103,-92.0,True,30
large_full,khot,0,7,142,-131.0,True,30
large_full,khot,0,8,129,-118.0,True,30
large_full,khot,0,9,111,-100.0,True,30
large_full,khot,0,10,350,-350.0,False,30
large_full,khot,0,11,174,-163.0,True,30
large_full,khot,0,12,253,-242.0,True,30
large_full,khot,0,13,168,-157.0,True,30
large_full,khot,0,14,94,-83.0,True,30
large_full,khot,0,15,257,-246.0,True,30
large_full,khot,0,16,350,-350.0,False,30
large_full,khot,0,17,221,-210.0,True,30
large_full,khot,0,18,314,-303.0,True,30
large_full,khot,0,19,155,-144.0,True,30
large_full,khot,0,20,250,-239.0,True,30
large_full,khot,0,21,215,-204.0,True,30
large_full,khot,0,22,350,-350.0,False,30
large_full,khot,0,23,350,-350.0,False,30
large_full,khot,0,24,267,-256.0,True,30
large_full,khot,0,25,222,-211.0,True,30
large_full,khot,0,26,350,-350.0,False,30
large_full,khot,0,27,100,-89.0,True,30
large_full,khot,0,28,200,-189.0,True,30
large_full,khot,0,29,199,-188.0,True,30
large_full,khot,0,30,280,-269.0,True,30
large_full,khot,0,31,225,-214.0,True,30
large_full,khot,0,32,319,-308.0,True,30
large_full,khot,0,33,350,-350.0,False,30
large_full,khot,0,34,350,-350.0,False,30
large_full,khot,0,35,127,-116.0,True,30
large_full,khot,0,36,298,-287.0,True,30
large_full,khot,0,37,242,-231.0,True,30
large_full,khot,0,38,249,-238.0,True,30
large_full,khot,0,39,350,-350.0,False,30
large_full,khot,0,40,350,-350.0,False,30
large_full,khot,0,41,350,-350.0,False,30
large_full,khot,0,42,151,-140.0,True,30
large_full,khot,0,43,350,-350.0,False,30
large_full,khot,0,44,350,-350.0,False,30
large_full,khot,0,45,350,-350.0,False,30
large_full,khot,0,46,315,-304.0,True,30
large_full,khot,0,47,350,-350.0,False,30
large_full,khot,0,48,253,-242.0,True,30
large_full,khot,0,49,350,-350.0,False,30
large_full,khot,0,50,350,-350.0,False,30
large_full,khot,0,51,350,-350.0,False,30
large_full,khot,0,52,350,-350.0,False,30
large_full,khot,0,53,350,-350.0,False,30
large_full,khot,0,54,350,-350.0,False,30
large_full,khot,0,55,350,-350.0,False,30
large_full,khot,0,56,350,-350.0,False,30
large_full,khot,0,57,350,-350.0,False,30
large_full,khot,0,58,350,-350.0,False,30
large_full,khot,0,59,350,-350.0,False,30
large_full,khot,0,60,350,-350.0,False,30
large_full,khot,0,61,350,-350.0,False,30
large_full,khot,0,62,350,-350.0,False,30
large_full,khot,0,63,267,-256.0,True,30
large_full,khot,0,64,350,-350.0,False,30
large_full,khot,0,65,350,-350.0,False,30
large_full,khot,0,66,350,-350.0,False,30
large_full,khot,0,67,350,-350.0,False,30
large_full,khot,0,68,350,-350.0,False,30
large_full,khot,0,69,350,-350.0,False,30
large_full,khot,0,70,350,-350.0,False,30
large_full,khot,0,71,350,-350.0,False,30
large_full,khot,0,72,350,-350.0,False,30
large_full,khot,0,73,350,-350.0,False,30
large_full,khot,0,74,350,-350.0,False,30
large_full,khot,0,75,350,-350.0,False,30
large_full,khot,0,76,350,-350.0,False,30
large_full,khot,0,77,350,-350.0,False,30
large_full,khot,0,78,350,-350.0,False,30
large_full,khot,0,79,350,-350.0,False,30
large_full,khot,0,80,350,-350.0,False,30
large_full,khot,0,81,350,-350.0,False,30
large_full,khot,0,82,350,-350.0,False,30
large_full,khot,0,83,350,-350.0,False,30
large_full,khot,0,84,350,-350.0,False,30
large_full,khot,0,85,350,-350.0,False,30
large_full,khot,0,86,350,-350.0,False,30
large_full,khot,0,87,350,-350.0,False,30
large_full,khot,0,88,350,-350.0,False,30
large_full,khot,0,89,350,-350.0,False,30
large_full,khot,0,90,350,-350.0,False,30
large_full,khot,0,91,350,-350.0,False,30
large_full,khot,0,92,350,-350.0,False,30
large_full,khot,0,93,350,-350.0,False,30
large_full,khot,0,94,350,-350.0,False,30
large_full,khot,0,95,350,-350.0,False,30
large_full,khot,0,96,350,-350.0,False,30
large_full,khot,0,97,350,-350.0,False,30
large_full,khot,0,98,350,-350.0,False,30
large_full,khot,0,99,350,-350.0,False,30
large_full,khot,0,100,350,-350.0,False,30
large_full,khot,0,101,350,-350.0,False,30
large_full,khot,0,102,350,-350.0,False,30
large_full,khot,0,103,350,-350.0,False,30
large_full,khot,0,104,350,-350.0,False,30
large_full,khot,0,105,350,-350.0,False,30
large_full,khot,0,106,350,-350.0,False,30
large_full,khot,0,107,350,-350.0,False,30
large_full,khot,0,108,150,-139.0,True,30
large_full,khot,0,109,350,-350.0,False,30
large_full,khot,0,110,350,-350.0,False,30
large_full,khot,0,111,350,-350.0,False,30
large_full,khot,0,112,350,-350.0,False,30
large_full,khot,0,113,350,-350.0,False,30
large_full,khot,0,114,350,-350.0,False,30
large_full,khot,0,115,350,-350.0,False,30
large_full,khot,0,116,350,-350.0,False,30
large_full,khot,0,117,350,-350.0,False,30
large_full,khot,0,118,350,-350.0,False,30
large_full,khot,0,119,350,-350.0,False,30
large_full,khot,0,120,350,-350.0,False,30
large_full,khot,0,121,350,-350.0,False,30
large_full,khot,0,122,350,-350.0,False,30
large_full,khot,0,123,350,-350.0,False,30
large_full,khot,0,124,350,-350.0,False,30
large_full,khot,0,125,350,-350.0,False,30
large_full,khot,0,126,350,-350.0,False,30
large_full,khot,0,127,350,-350.0,False,30
large_full,khot,0,128,350,-350.0,False,30
large_full,khot,0,129,350,-350.0,False,30
large_full,khot,0,130,350,-350.0,False,30
large_full,khot,0,131,350,-350.0,False,30
large_full,khot,0,132,350,-350.0,False,30
large_full,khot,0,133,350,-350.0,False,30
large_full,khot,0,134,350,-350.0,False,30
large_full,khot,0,135,350,-350.0,False,30
large_full,khot,0,136,350,-350.0,False,30
large_full,khot,0,137,350,-350.0,False,30
large_full,khot,0,138,350,-350.0,False,30
large_full,khot,0,139,350,-350.0,False,30
large_full,khot,0,140,350,-350.0,False,30
large_full,khot,0,141,350,-350.0,False,30
large_full,khot,0,142,350,-350.0,False,30
large_full,khot,0,143,329,-318.0,True,30
large_full,khot,0,144,350,-350.0,False,30
large_full,khot,0,145,350,-350.0,False,30
large_full,khot,0,146,350,-350.0,False,30
large_full,khot,0,147,350,-350.0,False,30
large_full,khot,0,148,350,-350.0,False,30
large_full,khot,0,149,350,-350.0,False,30
large_full,khot_decay,0,0,350,-350.0,False,30
large_full,khot_decay,0,1,350,-350.0,False,30
large_full,khot_decay,0,2,350,-350.0,False,30
large_full,khot_decay,0,3,350,-350.0,False,30
large_full,khot_decay,0,4,286,-275.0,True,30
large_full,khot_decay,0,5,134,-123.0,True,30
large_full,khot_decay,0,6,277,-266.0,True,30
large_full,khot_decay,0,7,156,-145.0,True,30
large_full,khot_decay,0,8,102,-91.0,True,30
large_full,khot_decay,0,9,350,-350.0,False,30
large_full,khot_decay,0,10,278,-267.0,True,30
large_full,khot_decay,0,11,350,-350.0,False,30
large_full,khot_decay,0,12,166,-155.0,True,30
large_full,khot_decay,0,13,228,-217.0,True,30
large_full,khot_decay,0,14,199,-188.0,True,30
large_full,khot_decay,0,15,350,-350.0,False,30
large_full,khot_decay,0,16,350,-350.0,False,30
large_full,khot_decay,0,17,199,-188.0,True,30
large_full,khot_decay,0,18,350,-350.0,False,30
large_full,khot_decay,0,19,350,-350.0,False,30
large_full,khot_decay,0,20,350,-350.0,False,30
large_full,khot_decay,0,21,128,-117.0,True,30
large_full,khot_decay,0,22,350,-350.0,False,30
large_full,khot_decay,0,23,121,-110.0,True,30
large_full,khot_decay,0,24,135,-124.0,True,30
large_full,khot_decay,0,25,350,-350.0,False,30
large_full,khot_decay,0,26,324,-313.0,True,30
large_full,khot_decay,0,27,350,-350.0,False,30
large_full,khot_decay,0,28,350,-350.0,False,30
large_full,khot_decay,0,29,350,-350.0,False,30
large_full,khot_decay,0,30,350,-350.0,False,30
large_full,khot_decay,0,31,350,-350.0,False,30
large_full,khot_decay,0,32,191,-180.0,True,30
large_full,khot_decay,0,33,350,-350.0,False,30
large_full,khot_decay,0,34,350,-350.0,False,30
large_full,khot_decay,0,35,350,-350.0,False,30
large_full,khot_decay,0,36,350,-350.0,False,30
large_full,khot_decay,0,37,350,-350.0,False,30
large_full,khot_decay,0,38,350,-350.0,False,30
large_full,khot_decay,0,39,350,-350.0,False,30
large_full,khot_decay,0,40,350,-350.0,False,30
large_full,khot_decay,0,41,126,-115.0,True,30
large_full,khot_decay,0,42,249,-238.0,True,30
large_full,khot_decay,0,43,350,-350.0,False,30
large_full,khot_decay,0,44,350,-350.0,False,30
large_full,khot_decay,0,45,350,-350.0,False,30
large_full,khot_decay,0,46,236,-225.0,True,30
large_full,khot_decay,0,47,350,-350.0,False,30
large_full,khot_decay,0,48,350,-350.0,False,30
large_full,khot_decay,0,49,350,-350.0,False,30
large_full,khot_decay,0,50,350,-350.0,False,30
large_full,khot_decay,0,51,350,-350.0,False,30
large_full,khot_decay,0,52,350,-350.0,False,30
large_full,khot_decay,0,53,350,-350.0,False,30
large_full,khot_decay,0,54,350,-350.0,False,30
large_full,khot_decay,0,55,350,-350.0,False,30
large_full,khot_decay,0,56,350,-350.0,False,30
large_full,khot_decay,0,57,350,-350.0,False,30
large_full,khot_decay,0,58,350,-350.0,False,30
large_full,khot_decay,0,59,350,-350.0,False,30
large_full,khot_decay,0,60,330,-319.0,True,30
large_full,khot_decay,0,61,350,-350.0,False,30
large_full,khot_decay,0,62,173,-162.0,True,30
large_full,khot_decay,0,63,350,-350.0,False,30
large_full,khot_decay,0,64,350,-350.0,False,30
large_full,khot_decay,0,65,350,-350.0,False,30
large_full,khot_decay,0,66,350,-350.0,False,30
large_full,khot_decay,0,67,350,-350.0,False,30
large_full,khot_decay,0,68,350,-350.0,False,30
large_full,khot_decay,0,69,350,-350.0,False,30
large_full,khot_decay,0,70,350,-350.0,False,30
large_full,khot_decay,0,71,350,-350.0,False,30
large_full,khot_decay,0,72,260,-249.0,True,30
large_full,khot_decay,0,73,350,-350.0,False,30
large_full,khot_decay,0,74,350,-350.0,False,30
large_full,khot_decay,0,75,350,-350.0,False,30
large_full,khot_decay,0,76,350,-350.0,False,30
large_full,khot_decay,0,77,350,-350.0,False,30
large_full,khot_decay,0,78,350,-350.0,False,30
large_full,khot_decay,0,79,350,-350.0,False,30
large_full,khot_decay,0,80,350,-350.0,False,30
large_full,khot_decay,0,81,350,-350.0,False,30
large_full,khot_decay,0,82,350,-350.0,False,30
large_full,khot_decay,0,83,350,-350.0,False,30
large_full,khot_decay,0,84,350,-350.0,False,30
large_full,khot_decay,0,85,350,-350.0,False,30
large_full,khot_decay,0,86,350,-350.0,False,30
large_full,khot_decay,0,87,318,-307.0,True,30
large_full,khot_decay,0,88,350,-350.0,False,30
large_full,khot_decay,0,89,350,-350.0,False,30
large_full,khot_decay,0,90,350,-350.0,False,30
large_full,khot_decay,0,91,350,-350.0,False,30
large_full,khot_decay,0,92,350,-350.0,False,30
large_full,khot_decay,0,93,350,-350.0,False,30
large_full,khot_decay,0,94,350,-350.0,False,30
large_full,khot_decay,0,95,350,-350.0,False,30
large_full,khot_decay,0,96,350,-350.0,False,30
large_full,khot_decay,0,97,350,-350.0,False,30
large_full,khot_decay,0,98,350,-350.0,False,30
large_full,khot_decay,0,99,350,-350.0,False,30
large_full,khot_decay,0,100,350,-350.0,False,30
large_full,khot_decay,0,101,350,-350.0,False,30
large_full,khot_decay,0,102,350,-350.0,False,30
large_full,khot_decay,0,103,350,-350.0,False,30
large_full,khot_decay,0,104,350,-350.0,False,30
large_full,khot_decay,0,105,350,-350.0,False,30
large_full,khot_decay,0,106,350,-350.0,False,30
large_full,khot_decay,0,107,350,-350.0,False,30
large_full,khot_decay,0,108,350,-350.0,False,30
large_full,khot_decay,0,109,350,-350.0,False,30
large_full,khot_decay,0,110,350,-350.0,False,30
large_full,khot_decay,0,111,350,-350.0,False,30
large_full,khot_decay,0,112,350,-350.0,False,30
large_full,khot_decay,0,113,350,-350.0,False,30
large_full,khot_decay,0,114,350,-350.0,False,30
large_full,khot_decay,0,115,350,-350.0,False,30
large_full,khot_decay,0,116,350,-350.0,False,30
large_full,khot_decay,0,117,350,-350.0,False,30
large_full,khot_decay,0,118,350,-350.0,False,30
large_full,khot_decay,0,119,350,-350.0,False,30
large_full,khot_decay,0,120,350,-350.0,False,30
large_full,khot_decay,0,121,350,-350.0,False,30
large_full,khot_decay,0,122,350,-350.0,False,30
large_full,khot_decay,0,123,350,-350.0,False,30
large_full,khot_decay,0,124,350,-350.0,False,30
large_full,khot_decay,0,125,350,-350.0,False,30
large_full,khot_decay,0,126,350,-350.0,False,30
large_full,khot_decay,0,127,350,-350.0,False,30
large_full,khot_decay,0,128,350,-350.0,False,30
large_full,khot_decay,0,129,350,-350.0,False,30
large_full,khot_decay,0,130,350,-350.0,False,30
large_full,khot_decay,0,131,350,-350.0,False,30
large_full,khot_decay,0,132,350,-350.0,False,30
large_full,khot_decay,0,133,350,-350.0,False,30
large_full,khot_decay,0,134,350,-350.0,False,30
large_full,khot_decay,0,135,350,-350.0,False,30
large_full,khot_decay,0,136,350,-350.0,False,30
large_full,khot_decay,0,137,350,-350.0,False,30
large_full,khot_decay,0,138,350,-350.0,False,30
large_full,khot_decay,0,139,350,-350.0,False,30
large_full,khot_decay,0,140,350,-350.0,False,30
large_full,khot_decay,0,141,350,-350.0,False,30
large_full,khot_decay,0,142,350,-350.0,False,30
large_full,khot_decay,0,143,350,-350.0,False,30
large_full,khot_decay,0,144,350,-350.0,False,30
large_full,khot_decay,0,145,350,-350.0,False,30
large_full,khot_decay,0,146,350,-350.0,False,30
large_full,khot_decay,0,147,350,-350.0,False,30
large_full,khot_decay,0,148,350,-350.0,False,30
large_full,khot_decay,0,149,350,-350.0,False,30
large_full,qlearning,1,0,350,-350.0,False,30
large_full,qlearning,1,1,350,-350.0,False,30
large_full,qlearning,1,2,286,-275.0,True,30
large_full,qlearning,1,3,32,-21.0,True,30
large_full,qlearning,1,4,30,-19.0,True,30
large_full,qlearning,1,5,30,-19.0,True,30
large_full,qlearning,1,6,35,-24.0,True,30
large_full,qlearning,1,7,31,-20.0,True,30
large_full,qlearning,1,8,34,-23.0,True,30
large_full,qlearning,1,9,62,-51.0,True,30
large_full,qlearning,1,10,59,-48.0,True,30
large_full,qlearning,1,11,44,-33.0,True,30
large_full,qlearning,1,12,30,-19.0,True,30
large_full,qlearning,1,13,31,-20.0,True,30
large_full,qlearning,1,14,32,-21.0,True,30
large_full,qlearning,1,15,34,-23.0,True,30
large_full,qlearning,1,16,32,-21.0,True,30
large_full,qlearning,1,17,31,-20.0,True,30
large_full,qlearning,1,18,32,-21.0,True,30
large_full,qlearning,1,19,33,-22.0,True,30
large_full,qlearning,1,20,30,-19.0,True,30
large_full,qlearning,1,21,31,-20.0,True,30
large_full,qlearning,1,22,30,-19.0,True,30
large_full,qlearning,1,23,31,-20.0,True,30
large_full,qlearning,1,24,31,-20.0,True,30
large_full,qlearning,1,25,35,-24.0,True,30
large_full,qlearning,1,26,35,-24.0,True,30
large_full,qlearning,1,27,30,-19.0,True,30
large_full,qlearning,1,28,52,-41.0,True,30
large_full,qlearning,1,29,31,-20.0,True,30
large_full,qlearning,1,30,32,-21.0,True,30
large_full,qlearning,1,31,32,-21.0,True,30
large_full,qlearning,1,32,30,-19.0,True,30
large_full,qlearning,1,33,31,-20.0,True,30
large_full,qlearning,1,34,30,-19.0,True,30
large_full,qlearning,1,35,30,-19.0,True,30
large_full,qlearning,1,36,32,-21.0,True,30
large_full,qlearning,1,37,32,-21.0,True,30
large_full,qlearning,1,38,35,-24.0,True,30
large_full,qlearning,1,39,35,-24.0,True,30
large_full,qlearning,1,40,30,-19.0,True,30
large_full,qlearning,1,41,34,-23.0,True,30
large_full,qlearning,1,42,34,-23.0,True,30
large_full,qlearning,1,43,30,-19.0,True,30
large_full,qlearning,1,44,32,-21.0,True,30
large_full,qlearning,1,45,30,-19.0,True,30
large_full,qlearning,1,46,34,-23.0,True,30
large_full,qlearning,1,47,31,-20.0,True,30
large_full,qlearning,1,48,31,-20.0,True,30
large_full,qlearning,1,49,32,-21.0,True,30
large_full,qlearning,1,50,30,-19.0,True,30
large_full,qlearning,1,51,30,-19.0,True,30
large_full,qlearning,1,52,32,-21.0,True,30
large_full,qlearning,1,53,31,-20.0,True,30
large_full,qlearning,1,54,30,-19.0,True,30
large_full,qlearning,1,55,31,-20.0,True,30
large_full,qlearning,1,56,30,-19.0,True,30
large_full,qlearning,1,57,30,-19.0,True,30
large_full,qlearning,1,58,30,-19.0,True,30
large_full,qlearning,1,59,30,-19.0,True,30
large_full,qlearning,1,60,32,-21.0,True,30
large_full,qlearning,1,61,30,-19.0,True,30
large_full,qlearning,1,62,31,-20.0,True,30
large_full,qlearning,1,63,30,-19.0,True,30
large_full,qlearning,1,64,30,-19.0,True,30
large_full,qlearning,1,65,33,-22.0,True,30
large_full,qlearning,1,66,30,-19.0,True,30
large_full,qlearning,1,67,30,-19.0,True,30
large_full,qlearning,1,68,32,-21.0,True,30
large_full,qlearning,1,69,32,-21.0,True,30
large_full,qlearning,1,70,30,-19.0,True,30
large_full,qlearning,1,71,31,-20.0,True,30
large_full,qlearning,1,72,31,-20.0,True,30
large_full,qlearning,1,73,30,-19.0,True,30
large_full,qlearning,1,74,32,-21.0,True,30
large_full,qlearning,1,75,30,-19.0,True,30
large_full,qlearning,1,76,30,-19.0,True,30
large_full,qlearning,1,77,32,-21.0,True,30
large_full,qlearning,1,78,30,-19.0,True,30
large_full,qlearning,1,79,30,-19.0,True,30
large_full,qlearning,1,80,30,-19.0,True,30
large_full,qlearning,1,81,30,-19.0,True,30
large_full,qlearning,1,82,34,-23.0,True,30
large_full,qlearning,1,83,30,-19.0,True,30
large_full,qlearning,1,84,30,-19.0,True,30
large_full,qlearning,1,85,31,-20.0,True,30
large_full,qlearning,1,86,31,-20.0,True,30
large_full,qlearning,1,87,33,-22.0,True,30
large_full,qlearning,1,88,30,-19.0,True,30
large_full,qlearning,1,89,30,-19.0,True,30
large_full,qlearning,1,90,32,-21.0,True,30
large_full,qlearning,1,91,30,-19.0,True,30
large_full,qlearning,1,92,30,-19.0,True,30
large_full,qlearning,1,93,30,-19.0,True,30
large_full,qlearning,1,94,31,-20.0,True,30
large_full,qlearning,1,95,30,-19.0,True,30
large_full,qlearning,1,96,30,-19.0,True,30
large_full,qlearning,1,97,30,-19.0,True,30
large_full,qlearning,1,98,30,-19.0,True,30
large_full,qlearning,1,99,31,-20.0,True,30
large_full,qlearning,1,100,31,-20.0,True,30
large_full,qlearning,1,101,32,-21.0,True,30
large_full,qlearning,1,102,31,-20.0,True,30
large_full,qlearning,1,103,30,-19.0,True,30
large_full,qlearning,1,104,30,-19.0,True,30
large_full,qlearning,1,105,30,-19.0,True,30
large_full,qlearning,1,106,30,-19.0,True,30
large_full,qlearning,1,107,30,-19.0,True,30
large_full,qlearning,1,108,32,-21.0,True,30
large_full,qlearning,1,109,30,-19.0,True,30
large_full,qlearning,1,110,30,-19.0,True,30
large_full,qlearning,1,111,30,-19.0,True,30
large_full,qlearning,1,112,30,-19.0,True,30
large_full,qlearning,1,113,30,-19.0,True,30
large_full,qlearning,1,114,30,-19.0,True,30
large_full,qlearning,1,115,30,-19.0,True,30
large_full,qlearning,1,116,30,-19.0,True,30
large_full,qlearning,1,117,32,-21.0,True,30
large_full,qlearning,1,118,30,-19.0,True,30
large_full,qlearning,1,119,30,-19.0,True,30
large_full,qlearning,1,120,30,-19.0,True,30
large_full,qlearning,1,121,32,-21.0,True,30
large_full,qlearning,1,122,30,-19.0,True,30
large_full,qlearning,1,123,30,-19.0,True,30
large_full,qlearning,1,124,31,-20.0,True,30
large_full,qlearning,1,125,30,-19.0,True,30
large_full,qlearning,1,126,30,-19.0,True,30
large_full,qlearning,1,127,30,-19.0,True,30
large_full,qlearning,1,128,30,-19.0,True,30
large_full,qlearning,1,129,30,-19.0,True,30
large_full,qlearning,1,130,31,-20.0,True,30
large_full,qlearning,1,131,30,-19.0,True,30
large_full,qlearning,1,132,30,-19.0,True,30
large_full,qlearning,1,133,32,-21.0,True,30
large_full,qlearning,1,134,31,-20.0,True,30
large_full,qlearning,1,135,30,-19.0,True,30
large_full,qlearning,1,136,30,-19.0,True,30
large_full,qlearning,1,137,30,-19.0,True,30
large_full,qlearning,1,138,30,-19.0,True,30
large_full,qlearning,1,139,30,-19.0,True,30
large_full,qlearning,1,140,31,-20.0,True,30
large_full,qlearning,1,141,31,-20.0,True,30
large_full,qlearning,1,142,30,-19.0,True,30
large_full,qlearning,1,143,30,-19.0,True,30
large_full,qlearning,1,144,30,-19.0,True,30
large_full,qlearning,1,145,30,-19.0,True,30
large_full,qlearning,1,146,30,-19.0,True,30
large_full,qlearning,1,147,30,-19.0,True,30
large_full,qlearning,1,148,30,-19.0,True,30
large_full,qlearning,1,149,30,-19.0,True,30
large_full,mlp,1,0,350,-350.0,False,30
large_full,mlp,1,1,350,-350.0,False,30
large_full,mlp,1,2,350,-350.0,False,30
large_full,mlp,1,3,350,-350.0,False,30
large_full,mlp,1,4,294,-283.0,True,30
large_full,mlp,1,5,194,-183.0,True,30
large_full,mlp,1,6,350,-350.0,False,30
large_full,mlp,1,7,350,-350.0,False,30
large_full,mlp,1,8,189,-178.0,True,30
large_full,mlp,1,9,350,-350.0,False,30
large_full,mlp,1,10,89,-78.0,True,30
large_full,mlp,1,11,46,-35.0,True,30
large_full,mlp,1,12,38,-27.0,True,30
large_full,mlp,1,13,53,-42.0,True,30
large_full,mlp,1,14,33,-22.0,True,30
large_full,mlp,1,15,42,-31.0,True,30
large_full,mlp,1,16,46,-35.0,True,30
large_full,mlp,1,17,31,-20.0,True,30
large_full,mlp,1,18,30,-19.0,True,30
large_full,mlp,1,19,350,-350.0,False,30
large_full,mlp,1,20,175,-164.0,True,30
large_full,mlp,1,21,325,-314.0,True,30
large_full,mlp,1,22,189,-178.0,True,30
large_full,mlp,1,23,156,-145.0,True,30
large_full,mlp,1,24,350,-350.0,False,30
large_full,mlp,1,25,350,-350.0,False,30
large_full,mlp,1,26,350,-350.0,False,30
large_full,mlp,1,27,350,-350.0,False,30
large_full,mlp,1,28,121,-110.0,True,30
large_full,mlp,1,29,34,-23.0,True,30
large_full,mlp,1,30,54,-43.0,True,30
large_full,mlp,1,31,30,-19.0,True,30
large_full,mlp,1,32,33,-22.0,True,30
large_full,mlp,1,33,37,-26.0,True,30
large_full,mlp,1,34,34,-23.0,True,30
large_full,mlp,1,35,34,-23.0,True,30
large_full,mlp,1,36,104,-93.0,True,30
large_full,mlp,1,37,54,-43.0,True,30
large_full,mlp,1,38,30,-19.0,True,30
large_full,mlp,1,39,30,-19.0,True,30
large_full,mlp,1,40,47,-36.0,True,30
large_full,mlp,1,41,32,-21.0,True,30
large_full,mlp,1,42,33,-22.0,True,30
large_full,mlp,1,43,34,-23.0,True,30
large_full,mlp,1,44,30,-19.0,True,30
large_full,mlp,1,45,30,-19.0,True,30
large_full,mlp,1,46,30,-19.0,True,30
large_full,mlp,1,47,50,-39.0,True,30
large_full,mlp,1,48,37,-26.0,True,30
large_full,mlp,1,49,30,-19.0,True,30
large_full,mlp,1,50,31,-20.0,True,30
large_full,mlp,1,51,35,-24.0,True,30
large_full,mlp,1,52,106,-95.0,True,30
large_full,mlp,1,53,35,-24.0,True,30
large_full,mlp,1,54,32,-21.0,True,30
large_full,mlp,1,55,31,-20.0,True,30
large_full,mlp,1,56,38,-27.0,True,30
large_full,mlp,1,57,30,-19.0,True,30
large_full,mlp,1,58,43,-32.0,True,30
large_full,mlp,1,59,191,-180.0,True,30
large_full,mlp,1,60,32,-21.0,True,30
large_full,mlp,1,61,43,-32.0,True,30
large_full,mlp,1,62,30,-19.0,True,30
large_full,mlp,1,63,30,-19.0,True,30
large_full,mlp,1,64,30,-19.0,True,30
large_full,mlp,1,65,37,-26.0,True,30
large_full,mlp,1,66,30,-19.0,True,30
large_full,mlp,1,67,32,-21.0,True,30
large_full,mlp,1,68,37,-26.0,True,30
large_full,mlp,1,69,30,-19.0,True,30
large_full,mlp,1,70,36,-25.0,True,30
large_full,mlp,1,71,30,-19.0,True,30
large_full,mlp,1,72,30,-19.0,True,30
large_full,mlp,1,73,31,-20.0,True,30
large_full,mlp,1,74,30,-19.0,True,30
large_full,mlp,1,75,30,-19.0,True,30
large_full,mlp,1,76,32,-21.0,True,30
large_full,mlp,1,77,30,-19.0,True,30
large_full,mlp,1,78,41,-30.0,True,30
large_full,mlp,1,79,33,-22.0,True,30
large_full,mlp,1,80,32,-21.0,True,30
large_full,mlp,1,81,30,-19.0,True,30
large_full,mlp,1,82,30,-19.0,True,30
large_full,mlp,1,83,30,-19.0,True,30
large_full,mlp,1,84,30,-19.0,True,30
large_full,mlp,1,85,30,-19.0,True,30
large_full,mlp,1,86,33,-22.0,True,30
large_full,mlp,1,87,30,-19.0,True,30
large_full,mlp,1,88,30,-19.0,True,30
large_full,mlp,1,89,39,-28.0,True,30
large_full,mlp,1,90,34,-23.0,True,30
large_full,mlp,1,91,44,-33.0,True,30
large_full,mlp,1,92,57,-46.0,True,30
large_full,mlp,1,93,60,-49.0,True,30
large_full,mlp,1,94,148,-137.0,True,30
large_full,mlp,1,95,90,-79.0,True,30
large_full,mlp,1,96,350,-350.0,False,30
large_full,mlp,1,97,350,-350.0,False,30
large_full,mlp,1,98,177,-166.0,True,30
large_full,mlp,1,99,62,-51.0,True,30
large_full,mlp,1,100,39,-28.0,True,30
large_full,mlp,1,101,43,-32.0,True,30
large_full,mlp,1,102,79,-68.0,True,30
large_full,mlp,1,103,41,-30.0,True,30
large_full,mlp,1,104,350,-350.0,False,30
large_full,mlp,1,105,350,-350.0,False,30
large_full,mlp,1,106,350,-350.0,False,30
large_full,mlp,1,107,350,-350.0,False,30
large_full,mlp,1,108,350,-350.0,False,30
large_full,mlp,1,109,350,-350.0,False,30
large_full,mlp,1,110,350,-350.0,False,30
large_full,mlp,1,111,350,-350.0,False,30
large_full,mlp,1,112,200,-189.0,True,30
large_full,mlp,1,113,69,-58.0,True,30
large_full,mlp,1,114,94,-83.0,True,30
large_full,mlp,1,115,111,-100.0,True,30
large_full,mlp,1,116,30,-19.0,True,30
large_full,mlp,1,117,35,-24.0,True,30
large_full,mlp,1,118,47,-36.0,True,30
large_full,mlp,1,119,30,-19.0,True,30
large_full,mlp,1,120,55,-44.0,True,30
large_full,mlp,1,121,30,-19.0,True,30
large_full,mlp,1,122,30,-19.0,True,30
large_full,mlp,1,123,30,-19.0,True,30
large_full,mlp,1,124,30,-19.0,True,30
large_full,mlp,1,125,30,-19.0,True,30
large_full,mlp,1,126,30,-19.0,True,30
large_full,mlp,1,127,30,-19.0,True,30
large_full,mlp,1,128,47,-36.0,True,30
large_full,mlp,1,129,32,-21.0,True,30
large_full,mlp,1,130,31,-20.0,True,30
large_full,mlp,1,131,41,-30.0,True,30
large_full,mlp,1,132,30,-19.0,True,30
large_full,mlp,1,133,32,-21.0,True,30
large_full,mlp,1,134,30,-19.0,True,30
large_full,mlp,1,135,30,-19.0,True,30
large_full,mlp,1,136,30,-19.0,True,30
large_full,mlp,1,137,32,-21.0,True,30
large_full,mlp,1,138,30,-19.0,True,30
large_full,mlp,1,139,30,-19.0,True,30
large_full,mlp,1,140,30,-19.0,True,30
large_full,mlp,1,141,30,-19.0,True,30
large_full,mlp,1,142,30,-19.0,True,30
large_full,mlp,1,143,31,-20.0,True,30
large_full,mlp,1,144,30,-19.0,True,30
large_full,mlp,1,145,32,-21.0,True,30
large_full,mlp,1,146,30,-19.0,True,30
large_full,mlp,1,147,30,-19.0,True,30
large_full,mlp,1,148,30,-19.0,True,30
large_full,mlp,1,149,30,-19.0,True,30
large_full,khot_rank,1,0,350,-350.0,False,30
large_full,khot_rank,1,1,350,-350.0,False,30
large_full,khot_rank,1,2,326,-315.0,True,30
large_full,khot_rank,1,3,45,-34.0,True,30
large_full,khot_rank,1,4,32,-21.0,True,30
large_full,khot_rank,1,5,35,-24.0,True,30
large_full,khot_rank,1,6,33,-22.0,True,30
large_full,khot_rank,1,7,36,-25.0,True,30
large_full,khot_rank,1,8,37,-26.0,True,30
large_full,khot_rank,1,9,36,-25.0,True,30
large_full,khot_rank,1,10,34,-23.0,True,30
large_full,khot_rank,1,11,32,-21.0,True,30
large_full,khot_rank,1,12,30,-19.0,True,30
large_full,khot_rank,1,13,35,-24.0,True,30
large_full,khot_rank,1,14,31,-20.0,True,30
large_full,khot_rank,1,15,30,-19.0,True,30
large_full,khot_rank,1,16,32,-21.0,True,30
large_full,khot_rank,1,17,31,-20.0,True,30
large_full,khot_rank,1,18,31,-20.0,True,30
large_full,khot_rank,1,19,30,-19.0,True,30
large_full,khot_rank,1,20,32,-21.0,True,30
large_full,khot_rank,1,21,30,-19.0,True,30
large_full,khot_rank,1,22,34,-23.0,True,30
large_full,khot_rank,1,23,284,-273.0,True,30
large_full,khot_rank,1,24,57,-46.0,True,30
large_full,khot_rank,1,25,38,-27.0,True,30
large_full,khot_rank,1,26,32,-21.0,True,30
large_full,khot_rank,1,27,31,-20.0,True,30
large_full,khot_rank,1,28,31,-20.0,True,30
large_full,khot_rank,1,29,33,-22.0,True,30
large_full,khot_rank,1,30,31,-20.0,True,30
large_full,khot_rank,1,31,31,-20.0,True,30
large_full,khot_rank,1,32,30,-19.0,True,30
large_full,khot_rank,1,33,31,-20.0,True,30
large_full,khot_rank,1,34,31,-20.0,True,30
large_full,khot_rank,1,35,33,-22.0,True,30
large_full,khot_rank,1,36,32,-21.0,True,30
large_full,khot_rank,1,37,33,-22.0,True,30
large_full,khot_rank,1,38,32,-21.0,True,30
large_full,khot_rank,1,39,31,-20.0,True,30
large_full,khot_rank,1,40,34,-23.0,True,30
large_full,khot_rank,1,41,30,-19.0,True,30
large_full,khot_rank,1,42,32,-21.0,True,30
large_full,khot_rank,1,43,30,-19.0,True,30
large_full,khot_rank,1,44,34,-23.0,True,30
large_full,khot_rank,1,45,31,-20.0,True,30
large_full,khot_rank,1,46,31,-20.0,True,30
large_full,khot_rank,1,47,32,-21.0,True,30
large_full,khot_rank,1,48,30,-19.0,True,30
large_full,khot_rank,1,49,30,-19.0,True,30
large_full,khot_rank,1,50,32,-21.0,True,30
large_full,khot_rank,1,51,33,-22.0,True,30
large_full,khot_rank,1,52,30,-19.0,True,30
large_full,khot_rank,1,53,31,-20.0,True,30
large_full,khot_rank,1,54,31,-20.0,True,30
large_full,khot_rank,1,55,30,-19.0,True,30
large_full,khot_rank,1,56,30,-19.0,True,30
large_full,khot_rank,1,57,30,-19.0,True,30
large_full,khot_rank,1,58,32,-21.0,True,30
large_full,khot_rank,1,59,30,-19.0,True,30
large_full,khot_rank,1,60,30,-19.0,True,30
large_full,khot_rank,1,61,35,-24.0,True,30
large_full,khot_rank,1,62,30,-19.0,True,30
large_full,khot_rank,1,63,33,-22.0,True,30
large_full,khot_rank,1,64,30,-19.0,True,30
large_full,khot_rank,1,65,30,-19.0,True,30
large_full,khot_rank,1,66,32,-21.0,True,30
large_full,khot_rank,1,67,32,-21.0,True,30
large_full,khot_rank,1,68,30,-19.0,True,30
large_full,khot_rank,1,69,32,-21.0,True,30
large_full,khot_rank,1,70,30,-19.0,True,30
large_full,khot_rank,1,71,34,-23.0,True,30
large_full,khot_rank,1,72,30,-19.0,True,30
large_full,khot_rank,1,73,30,-19.0,True,30
large_full,khot_rank,1,74,30,-19.0,True,30
large_full,khot_rank,1,75,31,-20.0,True,30
large_full,khot_rank,1,76,30,-19.0,True,30
large_full,khot_rank,1,77,30,-19.0,True,30
large_full,khot_rank,1,78,30,-19.0,True,30
large_full,khot_rank,1,79,30,-19.0,True,30
large_full,khot_rank,1,80,33,-22.0,True,30
large_full,khot_rank,1,81,30,-19.0,True,30
large_full,khot_rank,1,82,31,-20.0,True,30
large_full,khot_rank,1,83,30,-19.0,True,30
large_full,khot_rank,1,84,34,-23.0,True,30
large_full,khot_rank,1,85,30,-19.0,True,30
large_full,khot_rank,1,86,30,-19.0,True,30
large_full,khot_rank,1,87,30,-19.0,True,30
large_full,khot_rank,1,88,31,-20.0,True,30
large_full,khot_rank,1,89,30,-19.0,True,30
large_full,khot_rank,1,90,30,-19.0,True,30
large_full,khot_rank,1,91,30,-19.0,True,30
large_full,khot_rank,1,92,32,-21.0,True,30
large_full,khot_rank,1,93,30,-19.0,True,30
large_full,khot_rank,1,94,30,-19.0,True,30
large_full,khot_rank,1,95,30,-19.0,True,30
large_full,khot_rank,1,96,30,-19.0,True,30
large_full,khot_rank,1,97,31,-20.0,True,30
large_full,khot_rank,1,98,32,-21.0,True,30
large_full,khot_rank,1,99,30,-19.0,True,30
large_full,khot_rank,1,100,34,-23.0,True,30
large_full,khot_rank,1,101,30,-19.0,True,30
large_full,khot_rank,1,102,30,-19.0,True,30
large_full,khot_rank,1,103,30,-19.0,True,30
large_full,khot_rank,1,104,30,-19.0,True,30
large_full,khot_rank,1,105,30,-19.0,True,30
large_full,khot_rank,1,106,32,-21.0,True,30
large_full,khot_rank,1,107,30,-19.0,True,30
large_full,khot_rank,1,108,30,-19.0,True,30
large_full,khot_rank,1,109,30,-19.0,True,30
large_full,khot_rank,1,110,30,-19.0,True,30
large_full,khot_rank,1,111,30,-19.0,True,30
large_full,khot_rank,1,112,30,-19.0,True,30
large_full,khot_rank,1,113,30,-19.0,True,30
large_full,khot_rank,1,114,31,-20.0,True,30
large_full,khot_rank,1,115,30,-19.0,True,30
large_full,khot_rank,1,116,30,-19.0,True,30
large_full,khot_rank,1,117,32,-21.0,True,30
large_full,khot_rank,1,118,30,-19.0,True,30
large_full,khot_rank,1,119,30,-19.0,True,30
large_full,khot_rank,1,120,30,-19.0,True,30
large_full,khot_rank,1,121,30,-19.0,True,30
large_full,khot_rank,1,122,30,-19.0,True,30
large_full,khot_rank,1,123,30,-19.0,True,30
large_full,khot_rank,1,124,30,-19.0,True,30
large_full,khot_rank,1,125,30,-19.0,True,30
large_full,khot_rank,1,126,30,-19.0,True,30
large_full,khot_rank,1,127,30,-19.0,True,30
large_full,khot_rank,1,128,32,-21.0,True,30
large_full,khot_rank,1,129,30,-19.0,True,30
large_full,khot_rank,1,130,30,-19.0,True,30
large_full,khot_rank,1,131,59,-48.0,True,30
large_full,khot_rank,1,132,30,-19.0,True,30
large_full,khot_rank,1,133,32,-21.0,True,30
large_full,khot_rank,1,134,30,-19.0,True,30
large_full,khot_rank,1,135,30,-19.0,True,30
large_full,khot_rank,1,136,30,-19.0,True,30
large_full,khot_rank,1,137,31,-20.0,True,30
large_full,khot_rank,1,138,30,-19.0,True,30
large_full,khot_rank,1,139,31,-20.0,True,30
large_full,khot_rank,1,140,30,-19.0,True,30
large_full,khot_rank,1,141,30,-19.0,True,30
large_full,khot_rank,1,142,30,-19.0,True,30
large_full,khot_rank,1,143,30,-19.0,True,30
large_full,khot_rank,1,144,30,-19.0,True,30
large_full,khot_rank,1,145,30,-19.0,True,30
large_full,khot_rank,1,146,30,-19.0,True,30
large_full,khot_rank,1,147,30,-19.0,True,30
large_full,khot_rank,1,148,30,-19.0,True,30
large_full,khot_rank,1,149,31,-20.0,True,30
large_full,khot,1,0,350,-350.0,False,30
large_full,khot,1,1,350,-350.0,False,30
large_full,khot,1,2,350,-350.0,False,30
large_full,khot,1,3,350,-350.0,False,30
large_full,khot,1,4,350,-350.0,False,30
large_full,khot,1,5,350,-350.0,False,30
large_full,khot,1,6,350,-350.0,False,30
large_full,khot,1,7,350,-350.0,False,30
large_full,khot,1,8,350,-350.0,False,30
large_full,khot,1,9,350,-350.0,False,30
large_full,khot,1,10,350,-350.0,False,30
large_full,khot,1,11,350,-350.0,False,30
large_full,khot,1,12,350,-350.0,False,30
large_full,khot,1,13,350,-350.0,False,30
large_full,khot,1,14,350,-350.0,False,30
large_full,khot,1,15,350,-350.0,False,30
large_full,khot,1,16,350,-350.0,False,30
large_full,khot,1,17,350,-350.0,False,30
large_full,khot,1,18,350,-350.0,False,30
large_full,khot,1,19,350,-350.0,False,30
large_full,khot,1,20,350,-350.0,False,30
large_full,khot,1,21,350,-350.0,False,30
large_full,khot,1,22,350,-350.0,False,30
large_full,khot,1,23,350,-350.0,False,30
large_full,khot,1,24,350,-350.0,False,30
large_full,khot,1,25,350,-350.0,False,30
large_full,khot,1,26,350,-350.0,False,30
large_full,khot,1,27,350,-350.0,False,30
large_full,khot,1,28,350,-350.0,False,30
large_full,khot,1,29,350,-350.0,False,30
large_full,khot,1,30,350,-350.0,False,30
large_full,khot,1,31,350,-350.0,False,30
large_full,khot,1,32,350,-350.0,False,30
large_full,khot,1,33,350,-350.0,False,30
large_full,khot,1,34,350,-350.0,False,30
large_full,khot,1,35,350,-350.0,False,30
large_full,khot,1,36,350,-350.0,False,30
large_full,khot,1,37,350,-350.0,False,30
large_full,khot,1,38,350,-350.0,False,30
large_full,khot,1,39,350,-350.0,False,30
large_full,khot,1,40,350,-350.0,False,30
large_full,khot,1,41,350,-350.0,False,30
large_full,khot,1,42,350,-350.0,False,30
large_full,khot,1,43,350,-350.0,False,30
large_full,khot,1,44,350,-350.0,False,30
large_full,khot,1,45,350,-350.0,False,30
large_full,khot,1,46,350,-350.0,False,30
large_full,khot,1,47,350,-350.0,False,30
large_full,khot,1,48,350,-350.0,False,30
large_full,khot,1,49,350,-350.0,False,30
large_full,khot,1,50,350,-350.0,False,30
large_full,khot,1,51,350,-350.0,False,30
large_full,khot,1,52,350,-350.0,False,30
large_full,khot,1,53,350,-350.0,False,30
large_full,khot,1,54,350,-350.0,False,30
large_full,khot,1,55,350,-350.0,False,30
large_full,khot,1,56,350,-350.0,False,30
large_full,khot,1,57,350,-350.0,False,30
large_full,khot,1,58,350,-350.0,False,30
large_full,khot,1,59,350,-350.0,False,30
large_full,khot,1,60,350,-350.0,False,30
large_full,khot,1,61,350,-350.0,False,30
large_full,khot,1,62,350,-350.0,False,30
large_full,khot,1,63,350,-350.0,False,30
large_full,khot,1,64,350,-350.0,False,30
large_full,khot,1,65,350,-350.0,False,30
large_full,khot,1,66,350,-350.0,False,30
large_full,khot,1,67,350,-350.0,False,30
large_full,khot,1,68,350,-350.0,False,30
large_full,khot,1,69,350,-350.0,False,30
large_full,khot,1,70,350,-350.0,False,30
large_full,khot,1,71,350,-350.0,False,30
large_full,khot,1,72,350,-350.0,False,30
large_full,khot,1,73,350,-350.0,False,30
large_full,khot,1,74,350,-350.0,False,30
large_full,khot,1,75,350,-350.0,False,30
large_full,khot,1,76,350,-350.0,False,30
large_full,khot,1,77,350,-350.0,False,30
large_full,khot,1,78,350,-350.0,False,30
large_full,khot,1,79,350,-350.0,False,30
large_full,khot,1,80,350,-350.0,False,30
large_full,khot,1,81,350,-350.0,False,30
large_full,khot,1,82,350,-350.0,False,30
large_full,khot,1,83,350,-350.0,False,30
large_full,khot,1,84,350,-350.0,False,30
large_full,khot,1,85,350,-350.0,False,30
large_full,khot,1,86,350,-350.0,False,30
large_full,khot,1,87,350,-350.0,False,30
large_full,khot,1,88,350,-350.0,False,30
large_full,khot,1,89,350,-350.0,False,30
large_full,khot,1,90,350,-350.0,False,30
large_full,khot,1,91,350,-350.0,False,30
large_full,khot,1,92,350,-350.0,False,30
large_full,khot,1,93,350,-350.0,False,30
large_full,khot,1,94,350,-350.0,False,30
large_full,khot,1,95,350,-350.0,False,30
large_full,khot,1,96,350,-350.0,False,30
large_full,khot,1,97,350,-350.0,False,30
large_full,khot,1,98,350,-350.0,False,30
large_full,khot,1,99,350,-350.0,False,30
large_full,khot,1,100,350,-350.0,False,30
large_full,khot,1,101,350,-350.0,False,30
large_full,khot,1,102,350,-350.0,False,30
large_full,khot,1,103,350,-350.0,False,30
large_full,khot,1,104,350,-350.0,False,30
large_full,khot,1,105,350,-350.0,False,30
large_full,khot,1,106,350,-350.0,False,30
large_full,khot,1,107,350,-350.0,False,30
large_full,khot,1,108,350,-350.0,False,30
large_full,khot,1,109,350,-350.0,False,30
large_full,khot,1,110,350,-350.0,False,30
large_full,khot,1,111,350,-350.0,False,30
large_full,khot,1,112,350,-350.0,False,30
large_full,khot,1,113,350,-350.0,False,30
large_full,khot,1,114,350,-350.0,False,30
large_full,khot,1,115,350,-350.0,False,30
large_full,khot,1,116,350,-350.0,False,30
large_full,khot,1,117,350,-350.0,False,30
large_full,khot,1,118,350,-350.0,False,30
large_full,khot,1,119,350,-350.0,False,30
large_full,khot,1,120,350,-350.0,False,30
large_full,khot,1,121,350,-350.0,False,30
large_full,khot,1,122,350,-350.0,False,30
large_full,khot,1,123,350,-350.0,False,30
large_full,khot,1,124,350,-350.0,False,30
large_full,khot,1,125,350,-350.0,False,30
large_full,khot,1,126,350,-350.0,False,30
large_full,khot,1,127,350,-350.0,False,30
large_full,khot,1,128,350,-350.0,False,30
large_full,khot,1,129,350,-350.0,False,30
large_full,khot,1,130,350,-350.0,False,30
large_full,khot,1,131,350,-350.0,False,30
large_full,khot,1,132,350,-350.0,False,30
large_full,khot,1,133,350,-350.0,False,30
large_full,khot,1,134,350,-350.0,False,30
large_full,khot,1,135,350,-350.0,False,30
large_full,khot,1,136,350,-350.0,False,30
large_full,khot,1,137,350,-350.0,False,30
large_full,khot,1,138,350,-350.0,False,30
large_full,khot,1,139,350,-350.0,False,30
large_full,khot,1,140,350,-350.0,False,30
large_full,khot,1,141,350,-350.0,False,30
large_full,khot,1,142,350,-350.0,False,30
large_full,khot,1,143,350,-350.0,False,30
large_full,khot,1,144,350,-350.0,False,30
large_full,khot,1,145,350,-350.0,False,30
large_full,khot,1,146,350,-350.0,False,30
large_full,khot,1,147,350,-350.0,False,30
large_full,khot,1,148,350,-350.0,False,30
large_full,khot,1,149,350,-350.0,False,30
large_full,khot_decay,1,0,350,-350.0,False,30
large_full,khot_decay,1,1,350,-350.0,False,30
large_full,khot_decay,1,2,350,-350.0,False,30
large_full,khot_decay,1,3,323,-312.0,True,30
large_full,khot_decay,1,4,350,-350.0,False,30
large_full,khot_decay,1,5,350,-350.0,False,30
large_full,khot_decay,1,6,350,-350.0,False,30
large_full,khot_decay,1,7,350,-350.0,False,30
large_full,khot_decay,1,8,350,-350.0,False,30
large_full,khot_decay,1,9,350,-350.0,False,30
large_full,khot_decay,1,10,350,-350.0,False,30
large_full,khot_decay,1,11,350,-350.0,False,30
large_full,khot_decay,1,12,350,-350.0,False,30
large_full,khot_decay,1,13,350,-350.0,False,30
large_full,khot_decay,1,14,350,-350.0,False,30
large_full,khot_decay,1,15,350,-350.0,False,30
large_full,khot_decay,1,16,350,-350.0,False,30
large_full,khot_decay,1,17,350,-350.0,False,30
large_full,khot_decay,1,18,350,-350.0,False,30
large_full,khot_decay,1,19,350,-350.0,False,30
large_full,khot_decay,1,20,350,-350.0,False,30
large_full,khot_decay,1,21,350,-350.0,False,30
large_full,khot_decay,1,22,350,-350.0,False,30
large_full,khot_decay,1,23,350,-350.0,False,30
large_full,khot_decay,1,24,350,-350.0,False,30
large_full,khot_decay,1,25,350,-350.0,False,30
large_full,khot_decay,1,26,350,-350.0,False,30
large_full,khot_decay,1,27,350,-350.0,False,30
large_full,khot_decay,1,28,350,-350.0,False,30
large_full,khot_decay,1,29,350,-350.0,False,30
large_full,khot_decay,1,30,350,-350.0,False,30
large_full,khot_decay,1,31,350,-350.0,False,30
large_full,khot_decay,1,32,350,-350.0,False,30
large_full,khot_decay,1,33,318,-307.0,True,30
large_full,khot_decay,1,34,350,-350.0,False,30
large_full,khot_decay,1,35,350,-350.0,False,30
large_full,khot_decay,1,36,350,-350.0,False,30
large_full,khot_decay,1,37,350,-350.0,False,30
large_full,khot_decay,1,38,350,-350.0,False,30
large_full,khot_decay,1,39,350,-350.0,False,30
large_full,khot_decay,1,40,350,-350.0,False,30
large_full,khot_decay,1,41,350,-350.0,False,30
large_full,khot_decay,1,42,350,-350.0,False,30
large_full,khot_decay,1,43,350,-350.0,False,30
large_full,khot_decay,1,44,350,-350.0,False,30
large_full,khot_decay,1,45,350,-350.0,False,30
large_full,khot_decay,1,46,350,-350.0,False,30
large_full,khot_decay,1,47,350,-350.0,False,30
large_full,khot_decay,1,48,350,-350.0,False,30
large_full,khot_decay,1,49,350,-350.0,False,30
large_full,khot_decay,1,50,350,-350.0,False,30
large_full,khot_decay,1,51,350,-350.0,False,30
large_full,khot_decay,1,52,350,-350.0,False,30
large_full,khot_decay,1,53,350,-350.0,False,30
large_full,khot_decay,1,54,350,-350.0,False,30
large_full,khot_decay,1,55,350,-350.0,False,30
large_full,khot_decay,1,56,350,-350.0,False,30
large_full,khot_decay,1,57,350,-350.0,False,30
large_full,khot_decay,1,58,350,-350.0,False,30
large_full,khot_decay,1,59,350,-350.0,False,30
large_full,khot_decay,1,60,350,-350.0,False,30
large_full,khot_decay,1,61,350,-350.0,False,30
large_full,khot_decay,1,62,350,-350.0,False,30
large_full,khot_decay,1,63,350,-350.0,False,30
large_full,khot_decay,1,64,350,-350.0,False,30
large_full,khot_decay,1,65,350,-350.0,False,30
large_full,khot_decay,1,66,350,-350.0,False,30
large_full,khot_decay,1,67,350,-350.0,False,30
large_full,khot_decay,1,68,350,-350.0,False,30
large_full,khot_decay,1,69,350,-350.0,False,30
large_full,khot_decay,1,70,350,-350.0,False,30
large_full,khot_decay,1,71,350,-350.0,False,30
large_full,khot_decay,1,72,350,-350.0,False,30
large_full,khot_decay,1,73,350,-350.0,False,30
large_full,khot_decay,1,74,350,-350.0,False,30
large_full,khot_decay,1,75,350,-350.0,False,30
large_full,khot_decay,1,76,350,-350.0,False,30
large_full,khot_decay,1,77,350,-350.0,False,30
large_full,khot_decay,1,78,350,-350.0,False,30
large_full,khot_decay,1,79,350,-350.0,False,30
large_full,khot_decay,1,80,350,-350.0,False,30
large_full,khot_decay,1,81,350,-350.0,False,30
large_full,khot_decay,1,82,350,-350.0,False,30
large_full,khot_decay,1,83,350,-350.0,False,30
large_full,khot_decay,1,84,350,-350.0,False,30
large_full,khot_decay,1,85,350,-350.0,False,30
large_full,khot_decay,1,86,350,-350.0,False,30
large_full,khot_decay,1,87,350,-350.0,False,30
large_full,khot_decay,1,88,350,-350.0,False,30
large_full,khot_decay,1,89,350,-350.0,False,30
large_full,khot_decay,1,90,350,-350.0,False,30
large_full,khot_decay,1,91,350,-350.0,False,30
large_full,khot_decay,1,92,350,-350.0,False,30
large_full,khot_decay,1,93,350,-350.0,False,30
large_full,khot_decay,1,94,350,-350.0,False,30
large_full,khot_decay,1,95,350,-350.0,False,30
large_full,khot_decay,1,96,350,-350.0,False,30
large_full,khot_decay,1,97,350,-350.0,False,30
large_full,khot_decay,1,98,350,-350.0,False,30
large_full,khot_decay,1,99,350,-350.0,False,30
large_full,khot_decay,1,100,350,-350.0,False,30
large_full,khot_decay,1,101,350,-350.0,False,30
large_full,khot_decay,1,102,350,-350.0,False,30
large_full,khot_decay,1,103,350,-350.0,False,30
large_full,khot_decay,1,104,350,-350.0,False,30
large_full,khot_decay,1,105,350,-350.0,False,30
large_full,khot_decay,1,106,350,-350.0,False,30
large_full,khot_decay,1,107,350,-350.0,False,30
large_full,khot_decay,1,108,350,-350.0,False,30
large_full,khot_decay,1,109,350,-350.0,False,30
large_full,khot_decay,1,110,350,-350.0,False,30
large_full,khot_decay,1,111,350,-350.0,False,30
large_full,khot_decay,1,112,350,-350.0,False,30
large_full,khot_decay,1,113,350,-350.0,False,30
large_full,khot_decay,1,114,350,-350.0,False,30
large_full,khot_decay,1,115,350,-350.0,False,30
large_full,khot_decay,1,116,350,-350.0,False,30
large_full,khot_decay,1,117,350,-350.0,False,30
large_full,khot_decay,1,118,350,-350.0,False,30
large_full,khot_decay,1,119,350,-350.0,False,30
large_full,khot_decay,1,120,350,-350.0,False,30
large_full,khot_decay,1,121,350,-350.0,False,30
large_full,khot_decay,1,122,350,-350.0,False,30
large_full,khot_decay,1,123,350,-350.0,False,30
large_full,khot_decay,1,124,350,-350.0,False,30
large_full,khot_decay,1,125,350,-350.0,False,30
large_full,khot_decay,1,126,350,-350.0,False,30
large_full,khot_decay,1,127,350,-350.0,False,30
large_full,khot_decay,1,128,350,-350.0,False,30
large_full,khot_decay,1,129,350,-350.0,False,30
large_full,khot_decay,1,130,350,-350.0,False,30
large_full,khot_decay,1,131,350,-350.0,False,30
large_full,khot_decay,1,132,350,-350.0,False,30
large_full,khot_decay,1,133,350,-350.0,False,30
large_full,khot_decay,1,134,350,-350.0,False,30
large_full,khot_decay,1,135,350,-350.0,False,30
large_full,khot_decay,1,136,350,-350.0,False,30
large_full,khot_decay,1,137,350,-350.0,False,30
large_full,khot_decay,1,138,350,-350.0,False,30
large_full,khot_decay,1,139,350,-350.0,False,30
large_full,khot_decay,1,140,350,-350.0,False,30
large_full,khot_decay,1,141,350,-350.0,False,30
large_full,khot_decay,1,142,350,-350.0,False,30
large_full,khot_decay,1,143,350,-350.0,False,30
large_full,khot_decay,1,144,350,-350.0,False,30
large_full,khot_decay,1,145,350,-350.0,False,30
large_full,khot_decay,1,146,350,-350.0,False,30
large_full,khot_decay,1,147,350,-350.0,False,30
large_full,khot_decay,1,148,350,-350.0,False,30
large_full,khot_decay,1,149,350,-350.0,False,30
large_full,qlearning,2,0,350,-350.0,False,30
large_full,qlearning,2,1,350,-350.0,False,30
large_full,qlearning,2,2,286,-275.0,True,30
large_full,qlearning,2,3,37,-26.0,True,30
large_full,qlearning,2,4,31,-20.0,True,30
large_full,qlearning,2,5,31,-20.0,True,30
large_full,qlearning,2,6,34,-23.0,True,30
large_full,qlearning,2,7,60,-49.0,True,30
large_full,qlearning,2,8,32,-21.0,True,30
large_full,qlearning,2,9,31,-20.0,True,30
large_full,qlearning,2,10,52,-41.0,True,30
large_full,qlearning,2,11,30,-19.0,True,30
large_full,qlearning,2,12,33,-22.0,True,30
large_full,qlearning,2,13,37,-26.0,True,30
large_full,qlearning,2,14,30,-19.0,True,30
large_full,qlearning,2,15,42,-31.0,True,30
large_full,qlearning,2,16,32,-21.0,True,30
large_full,qlearning,2,17,33,-22.0,True,30
large_full,qlearning,2,18,30,-19.0,True,30
large_full,qlearning,2,19,31,-20.0,True,30
large_full,qlearning,2,20,30,-19.0,True,30
large_full,qlearning,2,21,30,-19.0,True,30
large_full,qlearning,2,22,31,-20.0,True,30
large_full,qlearning,2,23,30,-19.0,True,30
large_full,qlearning,2,24,30,-19.0,True,30
large_full,qlearning,2,25,30,-19.0,True,30
large_full,qlearning,2,26,32,-21.0,True,30
large_full,qlearning,2,27,30,-19.0,True,30
large_full,qlearning,2,28,32,-21.0,True,30
large_full,qlearning,2,29,30,-19.0,True,30
large_full,qlearning,2,30,30,-19.0,True,30
large_full,qlearning,2,31,32,-21.0,True,30
large_full,qlearning,2,32,32,-21.0,True,30
large_full,qlearning,2,33,34,-23.0,True,30
large_full,qlearning,2,34,32,-21.0,True,30
large_full,qlearning,2,35,31,-20.0,True,30
large_full,qlearning,2,36,31,-20.0,True,30
large_full,qlearning,2,37,31,-20.0,True,30
large_full,qlearning,2,38,30,-19.0,True,30
large_full,qlearning,2,39,33,-22.0,True,30
large_full,qlearning,2,40,30,-19.0,True,30
large_full,qlearning,2,41,31,-20.0,True,30
large_full,qlearning,2,42,35,-24.0,True,30
large_full,qlearning,2,43,30,-19.0,True,30
large_full,qlearning,2,44,30,-19.0,True,30
large_full,qlearning,2,45,32,-21.0,True,30
large_full,qlearning,2,46,31,-20.0,True,30
large_full,qlearning,2,47,33,-22.0,True,30
large_full,qlearning,2,48,34,-23.0,True,30
large_full,qlearning,2,49,34,-23.0,True,30
large_full,qlearning,2,50,31,-20.0,True,30
large_full,qlearning,2,51,30,-19.0,True,30
large_full,qlearning,2,52,30,-19.0,True,30
large_full,qlearning,2,53,30,-19.0,True,30
large_full,qlearning,2,54,32,-21.0,True,30
large_full,qlearning,2,55,31,-20.0,True,30
large_full,qlearning,2,56,30,-19.0,True,30
large_full,qlearning,2,57,33,-22.0,True,30
large_full,qlearning,2,58,31,-20.0,True,30
large_full,qlearning,2,59,32,-21.0,True,30
large_full,qlearning,2,60,30,-19.0,True,30
large_full,qlearning,2,61,32,-21.0,True,30
large_full,qlearning,2,62,32,-21.0,True,30
large_full,qlearning,2,63,30,-19.0,True,30
large_full,qlearning,2,64,30,-19.0,True,30
large_full,qlearning,2,65,30,-19.0,True,30
large_full,qlearning,2,66,30,-19.0,True,30
large_full,qlearning,2,67,33,-22.0,True,30
large_full,qlearning,2,68,31,-20.0,True,30
large_full,qlearning,2,69,30,-19.0,True,30
large_full,qlearning,2,70,30,-19.0,True,30
large_full,qlearning,2,71,30,-19.0,True,30
large_full,qlearning,2,72,30,-19.0,True,30
large_full,qlearning,2,73,30,-19.0,True,30
large_full,qlearning,2,74,30,-19.0,True,30
large_full,qlearning,2,75,31,-20.0,True,30
large_full,qlearning,2,76,30,-19.0,True,30
large_full,qlearning,2,77,30,-19.0,True,30
large_full,qlearning,2,78,30,-19.0,True,30
large_full,qlearning,2,79,30,-19.0,True,30
large_full,qlearning,2,80,30,-19.0,True,30
large_full,qlearning,2,81,30,-19.0,True,30
large_full,qlearning,2,82,32,-21.0,True,30
large_full,qlearning,2,83,30,-19.0,True,30
large_full,qlearning,2,84,30,-19.0,True,30
large_full,qlearning,2,85,30,-19.0,True,30
large_full,qlearning,2,86,31,-20.0,True,30
large_full,qlearning,2,87,30,-19.0,True,30
large_full,qlearning,2,88,31,-20.0,True,30
large_full,qlearning,2,89,32,-21.0,True,30
large_full,qlearning,2,90,31,-20.0,True,30
large_full,qlearning,2,91,30,-19.0,True,30
large_full,qlearning,2,92,30,-19.0,True,30
large_full,qlearning,2,93,32,-21.0,True,30
large_full,qlearning,2,94,30,-19.0,True,30
large_full,qlearning,2,95,30,-19.0,True,30
large_full,qlearning,2,96,30,-19.0,True,30
large_full,qlearning,2,97,31,-20.0,True,30
large_full,qlearning,2,98,30,-19.0,True,30
large_full,qlearning,2,99,30,-19.0,True,30
large_full,qlearning,2,100,30,-19.0,True,30
large_full,qlearning,2,101,33,-22.0,True,30
large_full,qlearning,2,102,30,-19.0,True,30
large_full,qlearning,2,103,30,-19.0,True,30
large_full,qlearning,2,104,30,-19.0,True,30
large_full,qlearning,2,105,32,-21.0,True,30
large_full,qlearning,2,106,30,-19.0,True,30
large_full,qlearning,2,107,31,-20.0,True,30
large_full,qlearning,2,108,30,-19.0,True,30
large_full,qlearning,2,109,30,-19.0,True,30
large_full,qlearning,2,110,30,-19.0,True,30
large_full,qlearning,2,111,30,-19.0,True,30
large_full,qlearning,2,112,30,-19.0,True,30
large_full,qlearning,2,113,30,-19.0,True,30
large_full,qlearning,2,114,31,-20.0,True,30
large_full,qlearning,2,115,32,-21.0,True,30
large_full,qlearning,2,116,30,-19.0,True,30
large_full,qlearning,2,117,30,-19.0,True,30
large_full,qlearning,2,118,30,-19.0,True,30
large_full,qlearning,2,119,30,-19.0,True,30
large_full,qlearning,2,120,30,-19.0,True,30
large_full,qlearning,2,121,31,-20.0,True,30
large_full,qlearning,2,122,32,-21.0,True,30
large_full,qlearning,2,123,30,-19.0,True,30
large_full,qlearning,2,124,30,-19.0,True,30
large_full,qlearning,2,125,32,-21.0,True,30
large_full,qlearning,2,126,30,-19.0,True,30
large_full,qlearning,2,127,30,-19.0,True,30
large_full,qlearning,2,128,30,-19.0,True,30
large_full,qlearning,2,129,30,-19.0,True,30
large_full,qlearning,2,130,30,-19.0,True,30
large_full,qlearning,2,131,30,-19.0,True,30
large_full,qlearning,2,132,31,-20.0,True,30
large_full,qlearning,2,133,30,-19.0,True,30
large_full,qlearning,2,134,30,-19.0,True,30
large_full,qlearning,2,135,30,-19.0,True,30
large_full,qlearning,2,136,30,-19.0,True,30
large_full,qlearning,2,137,30,-19.0,True,30
large_full,qlearning,2,138,33,-22.0,True,30
large_full,qlearning,2,139,30,-19.0,True,30
large_full,qlearning,2,140,30,-19.0,True,30
large_full,qlearning,2,141,30,-19.0,True,30
large_full,qlearning,2,142,31,-20.0,True,30
large_full,qlearning,2,143,30,-19.0,True,30
large_full,qlearning,2,144,31,-20.0,True,30
large_full,qlearning,2,145,30,-19.0,True,30
large_full,qlearning,2,146,30,-19.0,True,30
large_full,qlearning,2,147,30,-19.0,True,30
large_full,qlearning,2,148,30,-19.0,True,30
large_full,qlearning,2,149,30,-19.0,True,30
large_full,mlp,2,0,350,-350.0,False,30
large_full,mlp,2,1,350,-350.0,False,30
large_full,mlp,2,2,350,-350.0,False,30
large_full,mlp,2,3,350,-350.0,False,30
large_full,mlp,2,4,350,-350.0,False,30
large_full,mlp,2,5,350,-350.0,False,30
large_full,mlp,2,6,350,-350.0,False,30
large_full,mlp,2,7,350,-350.0,False,30
large_full,mlp,2,8,350,-350.0,False,30
large_full,mlp,2,9,350,-350.0,False,30
large_full,mlp,2,10,350,-350.0,False,30
large_full,mlp,2,11,350,-350.0,False,30
large_full,mlp,2,12,350,-350.0,False,30
large_full,mlp,2,13,350,-350.0,False,30
large_full,mlp,2,14,350,-350.0,False,30
large_full,mlp,2,15,350,-350.0,False,30
large_full,mlp,2,16,350,-350.0,False,30
large_full,mlp,2,17,350,-350.0,False,30
large_full,mlp,2,18,350,-350.0,False,30
large_full,mlp,2,19,350,-350.0,False,30
large_full,mlp,2,20,269,-258.0,True,30
large_full,mlp,2,21,350,-350.0,False,30
large_full,mlp,2,22,350,-350.0,False,30
large_full,mlp,2,23,350,-350.0,False,30
large_full,mlp,2,24,350,-350.0,False,30
large_full,mlp,2,25,321,-310.0,True,30
large_full,mlp,2,26,193,-182.0,True,30
large_full,mlp,2,27,105,-94.0,True,30
large_full,mlp,2,28,350,-350.0,False,30
large_full,mlp,2,29,76,-65.0,True,30
large_full,mlp,2,30,122,-111.0,True,30
large_full,mlp,2,31,93,-82.0,True,30
large_full,mlp,2,32,65,-54.0,True,30
large_full,mlp,2,33,47,-36.0,True,30
large_full,mlp,2,34,65,-54.0,True,30
large_full,mlp,2,35,123,-112.0,True,30
large_full,mlp,2,36,45,-34.0,True,30
large_full,mlp,2,37,78,-67.0,True,30
large_full,mlp,2,38,32,-21.0,True,30
large_full,mlp,2,39,44,-33.0,True,30
large_full,mlp,2,40,33,-22.0,True,30
large_full,mlp,2,41,36,-25.0,True,30
large_full,mlp,2,42,38,-27.0,True,30
large_full,mlp,2,43,38,-27.0,True,30
large_full,mlp,2,44,34,-23.0,True,30
large_full,mlp,2,45,50,-39.0,True,30
large_full,mlp,2,46,31,-20.0,True,30
large_full,mlp,2,47,58,-47.0,True,30
large_full,mlp,2,48,31,-20.0,True,30
large_full,mlp,2,49,293,-282.0,True,30
large_full,mlp,2,50,33,-22.0,True,30
large_full,mlp,2,51,46,-35.0,True,30
large_full,mlp,2,52,48,-37.0,True,30
large_full,mlp,2,53,35,-24.0,True,30
large_full,mlp,2,54,30,-19.0,True,30
large_full,mlp,2,55,44,-33.0,True,30
large_full,mlp,2,56,30,-19.0,True,30
large_full,mlp,2,57,31,-20.0,True,30
large_full,mlp,2,58,39,-28.0,True,30
large_full,mlp,2,59,33,-22.0,True,30
large_full,mlp,2,60,32,-21.0,True,30
large_full,mlp,2,61,62,-51.0,True,30
large_full,mlp,2,62,32,-21.0,True,30
large_full,mlp,2,63,43,-32.0,True,30
large_full,mlp,2,64,36,-25.0,True,30
large_full,mlp,2,65,33,-22.0,True,30
large_full,mlp,2,66,33,-22.0,True,30
large_full,mlp,2,67,33,-22.0,True,30
large_full,mlp,2,68,45,-34.0,True,30
large_full,mlp,2,69,50,-39.0,True,30
large_full,mlp,2,70,44,-33.0,True,30
large_full,mlp,2,71,40,-29.0,True,30
large_full,mlp,2,72,31,-20.0,True,30
large_full,mlp,2,73,32,-21.0,True,30
large_full,mlp,2,74,35,-24.0,True,30
large_full,mlp,2,75,35,-24.0,True,30
large_full,mlp,2,76,30,-19.0,True,30
large_full,mlp,2,77,30,-19.0,True,30
large_full,mlp,2,78,30,-19.0,True,30
large_full,mlp,2,79,36,-25.0,True,30
large_full,mlp,2,80,30,-19.0,True,30
large_full,mlp,2,81,35,-24.0,True,30
large_full,mlp,2,82,40,-29.0,True,30
large_full,mlp,2,83,31,-20.0,True,30
large_full,mlp,2,84,30,-19.0,True,30
large_full,mlp,2,85,30,-19.0,True,30
large_full,mlp,2,86,30,-19.0,True,30
large_full,mlp,2,87,30,-19.0,True,30
large_full,mlp,2,88,36,-25.0,True,30
large_full,mlp,2,89,35,-24.0,True,30
large_full,mlp,2,90,33,-22.0,True,30
large_full,mlp,2,91,30,-19.0,True,30
large_full,mlp,2,92,30,-19.0,True,30
large_full,mlp,2,93,30,-19.0,True,30
large_full,mlp,2,94,74,-63.0,True,30
large_full,mlp,2,95,45,-34.0,True,30
large_full,mlp,2,96,37,-26.0,True,30
large_full,mlp,2,97,30,-19.0,True,30
large_full,mlp,2,98,36,-25.0,True,30
large_full,mlp,2,99,41,-30.0,True,30
large_full,mlp,2,100,30,-19.0,True,30
large_full,mlp,2,101,30,-19.0,True,30
large_full,mlp,2,102,30,-19.0,True,30
large_full,mlp,2,103,30,-19.0,True,30
large_full,mlp,2,104,30,-19.0,True,30
large_full,mlp,2,105,30,-19.0,True,30
large_full,mlp,2,106,30,-19.0,True,30
large_full,mlp,2,107,30,-19.0,True,30
large_full,mlp,2,108,31,-20.0,True,30
large_full,mlp,2,109,30,-19.0,True,30
large_full,mlp,2,110,44,-33.0,True,30
large_full,mlp,2,111,30,-19.0,True,30
large_full,mlp,2,112,42,-31.0,True,30
large_full,mlp,2,113,43,-32.0,True,30
large_full,mlp,2,114,30,-19.0,True,30
large_full,mlp,2,115,31,-20.0,True,30
large_full,mlp,2,116,30,-19.0,True,30
large_full,mlp,2,117,30,-19.0,True,30
large_full,mlp,2,118,36,-25.0,True,30
large_full,mlp,2,119,30,-19.0,True,30
large_full,mlp,2,120,30,-19.0,True,30
large_full,mlp,2,121,30,-19.0,True,30
large_full,mlp,2,122,30,-19.0,True,30
large_full,mlp,2,123,30,-19.0,True,30
large_full,mlp,2,124,35,-24.0,True,30
large_full,mlp,2,125,30,-19.0,True,30
large_full,mlp,2,126,30,-19.0,True,30
large_full,mlp,2,127,30,-19.0,True,30
large_full,mlp,2,128,30,-19.0,True,30
large_full,mlp,2,129,32,-21.0,True,30
large_full,mlp,2,130,31,-20.0,True,30
large_full,mlp,2,131,30,-19.0,True,30
large_full,mlp,2,132,30,-19.0,True,30
large_full,mlp,2,133,30,-19.0,True,30
large_full,mlp,2,134,30,-19.0,True,30
large_full,mlp,2,135,30,-19.0,True,30
large_full,mlp,2,136,30,-19.0,True,30
large_full,mlp,2,137,32,-21.0,True,30
large_full,mlp,2,138,33,-22.0,True,30
large_full,mlp,2,139,35,-24.0,True,30
large_full,mlp,2,140,30,-19.0,True,30
large_full,mlp,2,141,38,-27.0,True,30
large_full,mlp,2,142,34,-23.0,True,30
large_full,mlp,2,143,30,-19.0,True,30
large_full,mlp,2,144,30,-19.0,True,30
large_full,mlp,2,145,31,-20.0,True,30
large_full,mlp,2,146,45,-34.0,True,30
large_full,mlp,2,147,32,-21.0,True,30
large_full,mlp,2,148,33,-22.0,True,30
large_full,mlp,2,149,30,-19.0,True,30
large_full,khot_rank,2,0,350,-350.0,False,30
large_full,khot_rank,2,1,350,-350.0,False,30
large_full,khot_rank,2,2,304,-293.0,True,30
large_full,khot_rank,2,3,44,-33.0,True,30
large_full,khot_rank,2,4,34,-23.0,True,30
large_full,khot_rank,2,5,34,-23.0,True,30
large_full,khot_rank,2,6,37,-26.0,True,30
large_full,khot_rank,2,7,35,-24.0,True,30
large_full,khot_rank,2,8,32,-21.0,True,30
large_full,khot_rank,2,9,31,-20.0,True,30
large_full,khot_rank,2,10,30,-19.0,True,30
large_full,khot_rank,2,11,36,-25.0,True,30
large_full,khot_rank,2,12,34,-23.0,True,30
large_full,khot_rank,2,13,34,-23.0,True,30
large_full,khot_rank,2,14,33,-22.0,True,30
large_full,khot_rank,2,15,31,-20.0,True,30
large_full,khot_rank,2,16,32,-21.0,True,30
large_full,khot_rank,2,17,30,-19.0,True,30
large_full,khot_rank,2,18,30,-19.0,True,30
large_full,khot_rank,2,19,30,-19.0,True,30
large_full,khot_rank,2,20,31,-20.0,True,30
large_full,khot_rank,2,21,30,-19.0,True,30
large_full,khot_rank,2,22,30,-19.0,True,30
large_full,khot_rank,2,23,30,-19.0,True,30
large_full,khot_rank,2,24,30,-19.0,True,30
large_full,khot_rank,2,25,32,-21.0,True,30
large_full,khot_rank,2,26,30,-19.0,True,30
large_full,khot_rank,2,27,32,-21.0,True,30
large_full,khot_rank,2,28,30,-19.0,True,30
large_full,khot_rank,2,29,31,-20.0,True,30
large_full,khot_rank,2,30,33,-22.0,True,30
large_full,khot_rank,2,31,30,-19.0,True,30
large_full,khot_rank,2,32,68,-57.0,True,30
large_full,khot_rank,2,33,30,-19.0,True,30
large_full,khot_rank,2,34,32,-21.0,True,30
large_full,khot_rank,2,35,30,-19.0,True,30
large_full,khot_rank,2,36,32,-21.0,True,30
large_full,khot_rank,2,37,32,-21.0,True,30
large_full,khot_rank,2,38,31,-20.0,True,30
large_full,khot_rank,2,39,30,-19.0,True,30
large_full,khot_rank,2,40,33,-22.0,True,30
large_full,khot_rank,2,41,34,-23.0,True,30
large_full,khot_rank,2,42,31,-20.0,True,30
large_full,khot_rank,2,43,31,-20.0,True,30
large_full,khot_rank,2,44,30,-19.0,True,30
large_full,khot_rank,2,45,34,-23.0,True,30
large_full,khot_rank,2,46,33,-22.0,True,30
large_full,khot_rank,2,47,42,-31.0,True,30
large_full,khot_rank,2,48,34,-23.0,True,30
large_full,khot_rank,2,49,31,-20.0,True,30
large_full,khot_rank,2,50,30,-19.0,True,30
large_full,khot_rank,2,51,30,-19.0,True,30
large_full,khot_rank,2,52,31,-20.0,True,30
large_full,khot_rank,2,53,31,-20.0,True,30
large_full,khot_rank,2,54,31,-20.0,True,30
large_full,khot_rank,2,55,32,-21.0,True,30
large_full,khot_rank,2,56,33,-22.0,True,30
large_full,khot_rank,2,57,30,-19.0,True,30
large_full,khot_rank,2,58,32,-21.0,True,30
large_full,khot_rank,2,59,30,-19.0,True,30
large_full,khot_rank,2,60,32,-21.0,True,30
large_full,khot_rank,2,61,31,-20.0,True,30
large_full,khot_rank,2,62,30,-19.0,True,30
large_full,khot_rank,2,63,31,-20.0,True,30
large_full,khot_rank,2,64,30,-19.0,True,30
large_full,khot_rank,2,65,32,-21.0,True,30
large_full,khot_rank,2,66,31,-20.0,True,30
large_full,khot_rank,2,67,30,-19.0,True,30
large_full,khot_rank,2,68,30,-19.0,True,30
large_full,khot_rank,2,69,30,-19.0,True,30
large_full,khot_rank,2,70,30,-19.0,True,30
large_full,khot_rank,2,71,30,-19.0,True,30
large_full,khot_rank,2,72,30,-19.0,True,30
large_full,khot_rank,2,73,32,-21.0,True,30
large_full,khot_rank,2,74,30,-19.0,True,30
large_full,khot_rank,2,75,30,-19.0,True,30
large_full,khot_rank,2,76,30,-19.0,True,30
large_full,khot_rank,2,77,30,-19.0,True,30
large_full,khot_rank,2,78,31,-20.0,True,30
large_full,khot_rank,2,79,30,-19.0,True,30
large_full,khot_rank,2,80,30,-19.0,True,30
large_full,khot_rank,2,81,30,-19.0,True,30
large_full,khot_rank,2,82,30,-19.0,True,30
large_full,khot_rank,2,83,30,-19.0,True,30
large_full,khot_rank,2,84,30,-19.0,True,30
large_full,khot_rank,2,85,31,-20.0,True,30
large_full,khot_rank,2,86,30,-19.0,True,30
large_full,khot_rank,2,87,57,-46.0,True,30
large_full,khot_rank,2,88,38,-27.0,True,30
large_full,khot_rank,2,89,30,-19.0,True,30
large_full,khot_rank,2,90,30,-19.0,True,30
large_full,khot_rank,2,91,30,-19.0,True,30
large_full,khot_rank,2,92,31,-20.0,True,30
large_full,khot_rank,2,93,30,-19.0,True,30
large_full,khot_rank,2,94,30,-19.0,True,30
large_full,khot_rank,2,95,32,-21.0,True,30
large_full,khot_rank,2,96,30,-19.0,True,30
large_full,khot_rank,2,97,31,-20.0,True,30
large_full,khot_rank,2,98,30,-19.0,True,30
large_full,khot_rank,2,99,32,-21.0,True,30
large_full,khot_rank,2,100,30,-19.0,True,30
large_full,khot_rank,2,101,30,-19.0,True,30
large_full,khot_rank,2,102,30,-19.0,True,30
large_full,khot_rank,2,103,31,-20.0,True,30
large_full,khot_rank,2,104,30,-19.0,True,30
large_full,khot_rank,2,105,31,-20.0,True,30
large_full,khot_rank,2,106,30,-19.0,True,30
large_full,khot_rank,2,107,30,-19.0,True,30
large_full,khot_rank,2,108,30,-19.0,True,30
large_full,khot_rank,2,109,30,-19.0,True,30
large_full,khot_rank,2,110,30,-19.0,True,30
large_full,khot_rank,2,111,30,-19.0,True,30
large_full,khot_rank,2,112,31,-20.0,True,30
large_full,khot_rank,2,113,30,-19.0,True,30
large_full,khot_rank,2,114,32,-21.0,True,30
large_full,khot_rank,2,115,30,-19.0,True,30
large_full,khot_rank,2,116,31,-20.0,True,30
large_full,khot_rank,2,117,30,-19.0,True,30
large_full,khot_rank,2,118,30,-19.0,True,30
large_full,khot_rank,2,119,32,-21.0,True,30
large_full,khot_rank,2,120,30,-19.0,True,30
large_full,khot_rank,2,121,30,-19.0,True,30
large_full,khot_rank,2,122,30,-19.0,True,30
large_full,khot_rank,2,123,32,-21.0,True,30
large_full,khot_rank,2,124,30,-19.0,True,30
large_full,khot_rank,2,125,30,-19.0,True,30
large_full,khot_rank,2,126,30,-19.0,True,30
large_full,khot_rank,2,127,30,-19.0,True,30
large_full,khot_rank,2,128,30,-19.0,True,30
large_full,khot_rank,2,129,30,-19.0,True,30
large_full,khot_rank,2,130,30,-19.0,True,30
large_full,khot_rank,2,131,30,-19.0,True,30
large_full,khot_rank,2,132,30,-19.0,True,30
large_full,khot_rank,2,133,30,-19.0,True,30
large_full,khot_rank,2,134,30,-19.0,True,30
large_full,khot_rank,2,135,30,-19.0,True,30
large_full,khot_rank,2,136,31,-20.0,True,30
large_full,khot_rank,2,137,30,-19.0,True,30
large_full,khot_rank,2,138,30,-19.0,True,30
large_full,khot_rank,2,139,30,-19.0,True,30
large_full,khot_rank,2,140,31,-20.0,True,30
large_full,khot_rank,2,141,30,-19.0,True,30
large_full,khot_rank,2,142,30,-19.0,True,30
large_full,khot_rank,2,143,32,-21.0,True,30
large_full,khot_rank,2,144,30,-19.0,True,30
large_full,khot_rank,2,145,30,-19.0,True,30
large_full,khot_rank,2,146,30,-19.0,True,30
large_full,khot_rank,2,147,30,-19.0,True,30
large_full,khot_rank,2,148,30,-19.0,True,30
large_full,khot_rank,2,149,30,-19.0,True,30
large_full,khot,2,0,350,-350.0,False,30
large_full,khot,2,1,350,-350.0,False,30
large_full,khot,2,2,316,-305.0,True,30
large_full,khot,2,3,299,-288.0,True,30
large_full,khot,2,4,330,-319.0,True,30
large_full,khot,2,5,350,-350.0,False,30
large_full,khot,2,6,83,-72.0,True,30
large_full,khot,2,7,311,-300.0,True,30
large_full,khot,2,8,223,-212.0,True,30
large_full,khot,2,9,126,-115.0,True,30
large_full,khot,2,10,204,-193.0,True,30
large_full,khot,2,11,350,-350.0,False,30
large_full,khot,2,12,276,-265.0,True,30
large_full,khot,2,13,350,-350.0,False,30
large_full,khot,2,14,244,-233.0,True,30
large_full,khot,2,15,350,-350.0,False,30
large_full,khot,2,16,128,-117.0,True,30
large_full,khot,2,17,290,-279.0,True,30
large_full,khot,2,18,350,-350.0,False,30
large_full,khot,2,19,350,-350.0,False,30
large_full,khot,2,20,350,-350.0,False,30
large_full,khot,2,21,350,-350.0,False,30
large_full,khot,2,22,238,-227.0,True,30
large_full,khot,2,23,299,-288.0,True,30
large_full,khot,2,24,350,-350.0,False,30
large_full,khot,2,25,118,-107.0,True,30
large_full,khot,2,26,350,-350.0,False,30
large_full,khot,2,27,296,-285.0,True,30
large_full,khot,2,28,350,-350.0,False,30
large_full,khot,2,29,350,-350.0,False,30
large_full,khot,2,30,350,-350.0,False,30
large_full,khot,2,31,190,-179.0,True,30
large_full,khot,2,32,295,-284.0,True,30
large_full,khot,2,33,182,-171.0,True,30
large_full,khot,2,34,350,-350.0,False,30
large_full,khot,2,35,350,-350.0,False,30
large_full,khot,2,36,350,-350.0,False,30
large_full,khot,2,37,148,-137.0,True,30
large_full,khot,2,38,332,-321.0,True,30
large_full,khot,2,39,248,-237.0,True,30
large_full,khot,2,40,350,-350.0,False,30
large_full,khot,2,41,350,-350.0,False,30
large_full,khot,2,42,239,-228.0,True,30
large_full,khot,2,43,350,-350.0,False,30
large_full,khot,2,44,350,-350.0,False,30
large_full,khot,2,45,350,-350.0,False,30
large_full,khot,2,46,186,-175.0,True,30
large_full,khot,2,47,242,-231.0,True,30
large_full,khot,2,48,350,-350.0,False,30
large_full,khot,2,49,251,-240.0,True,30
large_full,khot,2,50,350,-350.0,False,30
large_full,khot,2,51,311,-300.0,True,30
large_full,khot,2,52,350,-350.0,False,30
large_full,khot,2,53,350,-350.0,False,30
large_full,khot,2,54,350,-350.0,False,30
large_full,khot,2,55,350,-350.0,False,30
large_full,khot,2,56,350,-350.0,False,30
large_full,khot,2,57,350,-350.0,False,30
large_full,khot,2,58,350,-350.0,False,30
large_full,khot,2,59,322,-311.0,True,30
large_full,khot,2,60,218,-207.0,True,30
large_full,khot,2,61,350,-350.0,False,30
large_full,khot,2,62,350,-350.0,False,30
large_full,khot,2,63,350,-350.0,False,30
large_full,khot,2,64,350,-350.0,False,30
large_full,khot,2,65,350,-350.0,False,30
large_full,khot,2,66,350,-350.0,False,30
large_full,khot,2,67,350,-350.0,False,30
large_full,khot,2,68,350,-350.0,False,30
large_full,khot,2,69,293,-282.0,True,30
large_full,khot,2,70,350,-350.0,False,30
large_full,khot,2,71,350,-350.0,False,30
large_full,khot,2,72,350,-350.0,False,30
large_full,khot,2,73,350,-350.0,False,30
large_full,khot,2,74,350,-350.0,False,30
large_full,khot,2,75,350,-350.0,False,30
large_full,khot,2,76,350,-350.0,False,30
large_full,khot,2,77,350,-350.0,False,30
large_full,khot,2,78,350,-350.0,False,30
large_full,khot,2,79,350,-350.0,False,30
large_full,khot,2,80,350,-350.0,False,30
large_full,khot,2,81,350,-350.0,False,30
large_full,khot,2,82,350,-350.0,False,30
large_full,khot,2,83,350,-350.0,False,30
large_full,khot,2,84,350,-350.0,False,30
large_full,khot,2,85,350,-350.0,False,30
large_full,khot,2,86,350,-350.0,False,30
large_full,khot,2,87,350,-350.0,False,30
large_full,khot,2,88,350,-350.0,False,30
large_full,khot,2,89,350,-350.0,False,30
large_full,khot,2,90,350,-350.0,False,30
large_full,khot,2,91,350,-350.0,False,30
large_full,khot,2,92,350,-350.0,False,30
large_full,khot,2,93,350,-350.0,False,30
large_full,khot,2,94,350,-350.0,False,30
large_full,khot,2,95,350,-350.0,False,30
large_full,khot,2,96,350,-350.0,False,30
large_full,khot,2,97,350,-350.0,False,30
large_full,khot,2,98,350,-350.0,False,30
large_full,khot,2,99,350,-350.0,False,30
large_full,khot,2,100,350,-350.0,False,30
large_full,khot,2,101,350,-350.0,False,30
large_full,khot,2,102,350,-350.0,False,30
large_full,khot,2,103,350,-350.0,False,30
large_full,khot,2,104,350,-350.0,False,30
large_full,khot,2,105,350,-350.0,False,30
large_full,khot,2,106,350,-350.0,False,30
large_full,khot,2,107,350,-350.0,False,30
large_full,khot,2,108,350,-350.0,False,30
large_full,khot,2,109,350,-350.0,False,30
large_full,khot,2,110,350,-350.0,False,30
large_full,khot,2,111,350,-350.0,False,30
large_full,khot,2,112,350,-350.0,False,30
large_full,khot,2,113,350,-350.0,False,30
large_full,khot,2,114,350,-350.0,False,30
large_full,khot,2,115,350,-350.0,False,30
large_full,khot,2,116,350,-350.0,False,30
large_full,khot,2,117,350,-350.0,False,30
large_full,khot,2,118,350,-350.0,False,30
large_full,khot,2,119,350,-350.0,False,30
large_full,khot,2,120,350,-350.0,False,30
large_full,khot,2,121,350,-350.0,False,30
large_full,khot,2,122,350,-350.0,False,30
large_full,khot,2,123,350,-350.0,False,30
large_full,khot,2,124,350,-350.0,False,30
large_full,khot,2,125,350,-350.0,False,30
large_full,khot,2,126,350,-350.0,False,30
large_full,khot,2,127,350,-350.0,False,30
large_full,khot,2,128,350,-350.0,False,30
large_full,khot,2,129,350,-350.0,False,30
large_full,khot,2,130,350,-350.0,False,30
large_full,khot,2,131,350,-350.0,False,30
large_full,khot,2,132,350,-350.0,False,30
large_full,khot,2,133,350,-350.0,False,30
large_full,khot,2,134,350,-350.0,False,30
large_full,khot,2,135,350,-350.0,False,30
large_full,khot,2,136,350,-350.0,False,30
large_full,khot,2,137,350,-350.0,False,30
large_full,khot,2,138,350,-350.0,False,30
large_full,khot,2,139,350,-350.0,False,30
large_full,khot,2,140,350,-350.0,False,30
large_full,khot,2,141,350,-350.0,False,30
large_full,khot,2,142,350,-350.0,False,30
large_full,khot,2,143,350,-350.0,False,30
large_full,khot,2,144,350,-350.0,False,30
large_full,khot,2,145,350,-350.0,False,30
large_full,khot,2,146,350,-350.0,False,30
large_full,khot,2,147,350,-350.0,False,30
large_full,khot,2,148,350,-350.0,False,30
large_full,khot,2,149,350,-350.0,False,30
large_full,khot_decay,2,0,350,-350.0,False,30
large_full,khot_decay,2,1,350,-350.0,False,30
large_full,khot_decay,2,2,350,-350.0,False,30
large_full,khot_decay,2,3,232,-221.0,True,30
large_full,khot_decay,2,4,270,-259.0,True,30
large_full,khot_decay,2,5,261,-250.0,True,30
large_full,khot_decay,2,6,350,-350.0,False,30
large_full,khot_decay,2,7,214,-203.0,True,30
large_full,khot_decay,2,8,149,-138.0,True,30
large_full,khot_decay,2,9,350,-350.0,False,30
large_full,khot_decay,2,10,350,-350.0,False,30
large_full,khot_decay,2,11,189,-178.0,True,30
large_full,khot_decay,2,12,186,-175.0,True,30
large_full,khot_decay,2,13,350,-350.0,False,30
large_full,khot_decay,2,14,239,-228.0,True,30
large_full,khot_decay,2,15,350,-350.0,False,30
large_full,khot_decay,2,16,291,-280.0,True,30
large_full,khot_decay,2,17,337,-326.0,True,30
large_full,khot_decay,2,18,350,-350.0,False,30
large_full,khot_decay,2,19,350,-350.0,False,30
large_full,khot_decay,2,20,339,-328.0,True,30
large_full,khot_decay,2,21,350,-350.0,False,30
large_full,khot_decay,2,22,350,-350.0,False,30
large_full,khot_decay,2,23,350,-350.0,False,30
large_full,khot_decay,2,24,350,-350.0,False,30
large_full,khot_decay,2,25,350,-350.0,False,30
large_full,khot_decay,2,26,350,-350.0,False,30
large_full,khot_decay,2,27,350,-350.0,False,30
large_full,khot_decay,2,28,350,-350.0,False,30
large_full,khot_decay,2,29,350,-350.0,False,30
large_full,khot_decay,2,30,350,-350.0,False,30
large_full,khot_decay,2,31,350,-350.0,False,30
large_full,khot_decay,2,32,350,-350.0,False,30
large_full,khot_decay,2,33,350,-350.0,False,30
large_full,khot_decay,2,34,350,-350.0,False,30
large_full,khot_decay,2,35,350,-350.0,False,30
large_full,khot_decay,2,36,350,-350.0,False,30
large_full,khot_decay,2,37,350,-350.0,False,30
large_full,khot_decay,2,38,350,-350.0,False,30
large_full,khot_decay,2,39,350,-350.0,False,30
large_full,khot_decay,2,40,350,-350.0,False,30
large_full,khot_decay,2,41,350,-350.0,False,30
large_full,khot_decay,2,42,350,-350.0,False,30
large_full,khot_decay,2,43,350,-350.0,False,30
large_full,khot_decay,2,44,350,-350.0,False,30
large_full,khot_decay,2,45,350,-350.0,False,30
large_full,khot_decay,2,46,350,-350.0,False,30
large_full,khot_decay,2,47,350,-350.0,False,30
large_full,khot_decay,2,48,350,-350.0,False,30
large_full,khot_decay,2,49,350,-350.0,False,30
large_full,khot_decay,2,50,350,-350.0,False,30
large_full,khot_decay,2,51,350,-350.0,False,30
large_full,khot_decay,2,52,350,-350.0,False,30
large_full,khot_decay,2,53,350,-350.0,False,30
large_full,khot_decay,2,54,350,-350.0,False,30
large_full,khot_decay,2,55,350,-350.0,False,30
large_full,khot_decay,2,56,350,-350.0,False,30
large_full,khot_decay,2,57,350,-350.0,False,30
large_full,khot_decay,2,58,350,-350.0,False,30
large_full,khot_decay,2,59,350,-350.0,False,30
large_full,khot_decay,2,60,350,-350.0,False,30
large_full,khot_decay,2,61,350,-350.0,False,30
large_full,khot_decay,2,62,350,-350.0,False,30
large_full,khot_decay,2,63,350,-350.0,False,30
large_full,khot_decay,2,64,350,-350.0,False,30
large_full,khot_decay,2,65,350,-350.0,False,30
large_full,khot_decay,2,66,350,-350.0,False,30
large_full,khot_decay,2,67,350,-350.0,False,30
large_full,khot_decay,2,68,350,-350.0,False,30
large_full,khot_decay,2,69,350,-350.0,False,30
large_full,khot_decay,2,70,350,-350.0,False,30
large_full,khot_decay,2,71,350,-350.0,False,30
large_full,khot_decay,2,72,350,-350.0,False,30
large_full,khot_decay,2,73,350,-350.0,False,30
large_full,khot_decay,2,74,350,-350.0,False,30
large_full,khot_decay,2,75,350,-350.0,False,30
large_full,khot_decay,2,76,350,-350.0,False,30
large_full,khot_decay,2,77,350,-350.0,False,30
large_full,khot_decay,2,78,350,-350.0,False,30
large_full,khot_decay,2,79,350,-350.0,False,30
large_full,khot_decay,2,80,350,-350.0,False,30
large_full,khot_decay,2,81,350,-350.0,False,30
large_full,khot_decay,2,82,350,-350.0,False,30
large_full,khot_decay,2,83,350,-350.0,False,30
large_full,khot_decay,2,84,350,-350.0,False,30
large_full,khot_decay,2,85,350,-350.0,False,30
large_full,khot_decay,2,86,350,-350.0,False,30
large_full,khot_decay,2,87,350,-350.0,False,30
large_full,khot_decay,2,88,350,-350.0,False,30
large_full,khot_decay,2,89,350,-350.0,False,30
large_full,khot_decay,2,90,350,-350.0,False,30
large_full,khot_decay,2,91,350,-350.0,False,30
large_full,khot_decay,2,92,350,-350.0,False,30
large_full,khot_decay,2,93,350,-350.0,False,30
large_full,khot_decay,2,94,350,-350.0,False,30
large_full,khot_decay,2,95,350,-350.0,False,30
large_full,khot_decay,2,96,350,-350.0,False,30
large_full,khot_decay,2,97,350,-350.0,False,30
large_full,khot_decay,2,98,350,-350.0,False,30
large_full,khot_decay,2,99,350,-350.0,False,30
large_full,khot_decay,2,100,350,-350.0,False,30
large_full,khot_decay,2,101,350,-350.0,False,30
large_full,khot_decay,2,102,350,-350.0,False,30
large_full,khot_decay,2,103,350,-350.0,False,30
large_full,khot_decay,2,104,350,-350.0,False,30
large_full,khot_decay,2,105,350,-350.0,False,30
large_full,khot_decay,2,106,350,-350.0,False,30
large_full,khot_decay,2,107,350,-350.0,False,30
large_full,khot_decay,2,108,350,-350.0,False,30
large_full,khot_decay,2,109,350,-350.0,False,30
large_full,khot_decay,2,110,350,-350.0,False,30
large_full,khot_decay,2,111,350,-350.0,False,30
large_full,khot_decay,2,112,350,-350.0,False,30
large_full,khot_decay,2,113,350,-350.0,False,30
large_full,khot_decay,2,114,350,-350.0,False,30
large_full,khot_decay,2,115,350,-350.0,False,30
large_full,khot_decay,2,116,350,-350.0,False,30
large_full,khot_decay,2,117,350,-350.0,False,30
large_full,khot_decay,2,118,350,-350.0,False,30
large_full,khot_decay,2,119,350,-350.0,False,30
large_full,khot_decay,2,120,350,-350.0,False,30
large_full,khot_decay,2,121,350,-350.0,False,30
large_full,khot_decay,2,122,350,-350.0,False,30
large_full,khot_decay,2,123,350,-350.0,False,30
large_full,khot_decay,2,124,350,-350.0,False,30
large_full,khot_decay,2,125,350,-350.0,False,30
large_full,khot_decay,2,126,350,-350.0,False,30
large_full,khot_decay,2,127,350,-350.0,False,30
large_full,khot_decay,2,128,350,-350.0,False,30
large_full,khot_decay,2,129,350,-350.0,False,30
large_full,khot_decay,2,130,350,-350.0,False,30
large_full,khot_decay,2,131,350,-350.0,False,30
large_full,khot_decay,2,132,350,-350.0,False,30
large_full,khot_decay,2,133,350,-350.0,False,30
large_full,khot_decay,2,134,350,-350.0,False,30
large_full,khot_decay,2,135,350,-350.0,False,30
large_full,khot_decay,2,136,350,-350.0,False,30
large_full,khot_decay,2,137,350,-350.0,False,30
large_full,khot_decay,2,138,350,-350.0,False,30
large_full,khot_decay,2,139,350,-350.0,False,30
large_full,khot_decay,2,140,350,-350.0,False,30
large_full,khot_decay,2,141,350,-350.0,False,30
large_full,khot_decay,2,142,350,-350.0,False,30
large_full,khot_decay,2,143,350,-350.0,False,30
large_full,khot_decay,2,144,350,-350.0,False,30
large_full,khot_decay,2,145,350,-350.0,False,30
large_full,khot_decay,2,146,350,-350.0,False,30
large_full,khot_decay,2,147,350,-350.0,False,30
large_full,khot_decay,2,148,350,-350.0,False,30
large_full,khot_decay,2,149,350,-350.0,False,30
