maze,agent,seed,episode,policy_acc,cum_trained,cum_skipped
medium72_opt,khot,0,0,0.4648,250,0
medium72_opt,khot,0,1,0.5775,500,0
medium72_opt,khot,0,2,0.5634,750,0
medium72_opt,khot,0,3,0.5634,829,0
medium72_opt,khot,0,4,0.5915,913,0
medium72_opt,khot,0,5,0.5915,990,0
medium72_opt,khot,0,6,0.6056,1070,0
medium72_opt,khot,0,7,0.6197,1100,0
medium72_opt,khot,0,8,0.6056,1139,0
medium72_opt,khot,0,9,0.5915,1167,0
medium72_opt,khot,0,10,0.5634,1218,0
medium72_opt,khot,0,11,0.5634,1247,0
medium72_opt,khot,0,12,0.5775,1275,0
medium72_opt,khot,0,13,0.5775,1307,0
medium72_opt,khot,0,14,0.5775,1336,0
medium72_opt,khot,0,15,0.5775,1364,0
medium72_opt,khot,0,16,0.5775,1394,0
medium72_opt,khot,0,17,0.5775,1425,0
medium72_opt,khot,0,18,0.5775,1454,0
medium72_opt,khot,0,19,0.5775,1510,0
medium72_opt,khot,0,20,0.5775,1538,0
medium72_opt,khot,0,21,0.5775,1568,0
medium72_opt,khot,0,22,0.5775,1596,0
medium72_opt,khot,0,23,0.5775,1626,0
medium72_opt,khot,0,24,0.5775,1658,0
medium72_opt,khot,0,25,0.5775,1688,0
medium72_opt,khot,0,26,0.5775,1718,0
medium72_opt,khot,0,27,0.5775,1749,0
medium72_opt,khot,0,28,0.5775,1779,0
medium72_opt,khot,0,29,0.5775,1807,0
medium72_opt,khot,0,30,0.5775,1837,0
medium72_opt,khot,0,31,0.5775,1865,0
medium72_opt,khot,0,32,0.5775,1898,0
medium72_opt,khot,0,33,0.5775,1928,0
medium72_opt,khot,0,34,0.5775,1962,0
medium72_opt,khot,0,35,0.5775,1991,0
medium72_opt,khot,0,36,0.5775,2023,0
medium72_opt,khot,0,37,0.5775,2051,0
medium72_opt,khot,0,38,0.5775,2080,0
medium72_opt,khot,0,39,0.5775,2110,0
medium72_opt,khot,0,40,0.5775,2139,0
medium72_opt,khot,0,41,0.5775,2168,0
medium72_opt,khot,0,42,0.5775,2198,0
medium72_opt,khot,0,43,0.5775,2226,0
medium72_opt,khot,0,44,0.5775,2257,0
medium72_opt,khot,0,45,0.5775,2285,0
medium72_opt,khot,0,46,0.5775,2316,0
medium72_opt,khot,0,47,0.5775,2344,0
medium72_opt,khot,0,48,0.5775,2372,0
medium72_opt,khot,0,49,0.5775,2402,0
medium72_opt,khot,0,50,0.5775,2433,0
medium72_opt,khot,0,51,0.5775,2463,0
medium72_opt,khot,0,52,0.5775,2491,0
medium72_opt,khot,0,53,0.5775,2519,0
medium72_opt,khot,0,54,0.5775,2550,0
medium72_opt,khot,0,55,0.5775,2582,0
medium72_opt,khot,0,56,0.5775,2610,0
medium72_opt,khot,0,57,0.5775,2638,0
medium72_opt,khot,0,58,0.5775,2666,0
medium72_opt,khot,0,59,0.5775,2696,0
medium72_opt,khot,0,60,0.5775,2725,0
medium72_opt,khot,0,61,0.5775,2753,0
medium72_opt,khot,0,62,0.5775,2781,0
medium72_opt,khot,0,63,0.5775,2809,0
medium72_opt,khot,0,64,0.5775,2837,0
medium72_opt,khot,0,65,0.5775,2865,0
medium72_opt,khot,0,66,0.5775,2895,0
medium72_opt,khot,0,67,0.5775,2923,0
medium72_opt,khot,0,68,0.5775,2953,0
medium72_opt,khot,0,69,0.5775,2982,0
medium72_opt,khot,0,70,0.5775,3010,0
medium72_opt,khot,0,71,0.5775,3039,0
medium72_opt,khot,0,72,0.5775,3068,0
medium72_opt,khot,0,73,0.5775,3096,0
medium72_opt,khot,0,74,0.5775,3126,0
medium72_opt,khot,0,75,0.5775,3154,0
medium72_opt,khot,0,76,0.5775,3184,0
medium72_opt,khot,0,77,0.5775,3212,0
medium72_opt,khot,0,78,0.5775,3240,0
medium72_opt,khot,0,79,0.5775,3268,0
medium72_opt,khot,0,80,0.5775,3296,0
medium72_opt,khot,0,81,0.5775,3325,0
medium72_opt,khot,0,82,0.5775,3353,0
medium72_opt,khot,0,83,0.5775,3382,0
medium72_opt,khot,0,84,0.5775,3410,0
medium72_opt,khot,0,85,0.5775,3440,0
medium72_opt,khot,0,86,0.5775,3468,0
medium72_opt,khot,0,87,0.5775,3496,0
medium72_opt,khot,0,88,0.5775,3524,0
medium72_opt,khot,0,89,0.5775,3552,0
medium72_opt,khot,0,90,0.5775,3580,0
medium72_opt,khot,0,91,0.5775,3608,0
medium72_opt,khot,0,92,0.5775,3636,0
medium72_opt,khot,0,93,0.5775,3664,0
medium72_opt,khot,0,94,0.5775,3692,0
medium72_opt,khot,0,95,0.5775,3722,0
medium72_opt,khot,0,96,0.5775,3750,0
medium72_opt,khot,0,97,0.5775,3778,0
medium72_opt,khot,0,98,0.5775,3806,0
medium72_opt,khot,0,99,0.5775,3834,0
medium72_opt,khot,0,100,0.5775,3862,0
medium72_opt,khot,0,101,0.5775,3894,0
medium72_opt,khot,0,102,0.5775,3923,0
medium72_opt,khot,0,103,0.5775,3951,0
medium72_opt,khot,0,104,0.5775,3981,0
medium72_opt,khot,0,105,0.5775,4009,0
medium72_opt,khot,0,106,0.5775,4040,0
medium72_opt,khot,0,107,0.5775,4068,0
medium72_opt,khot,0,108,0.5775,4096,0
medium72_opt,khot,0,109,0.5775,4124,0
medium72_opt,khot,0,110,0.5775,4152,0
medium72_opt,khot,0,111,0.5775,4180,0
medium72_opt,khot,0,112,0.5775,4208,0
medium72_opt,khot,0,113,0.5775,4236,0
medium72_opt,khot,0,114,0.5775,4264,0
medium72_opt,khot,0,115,0.5775,4292,0
medium72_opt,khot,0,116,0.5775,4320,0
medium72_opt,khot,0,117,0.5352,4570,0
medium72_opt,khot,0,118,0.5493,4820,0
medium72_opt,khot,0,119,0.5493,5070,0
medium72_opt,khot,0,120,0.5493,5320,0
medium72_opt,khot,0,121,0.5493,5380,0
medium72_opt,khot,0,122,0.5493,5630,0
medium72_opt,khot,0,123,0.5493,5880,0
medium72_opt,khot,0,124,0.5493,6130,0
medium72_opt,khot,0,125,0.5493,6300,0
medium72_opt,khot,0,126,0.5493,6392,0
medium72_opt,khot,0,127,0.5493,6642,0
medium72_opt,khot,0,128,0.5493,6692,0
medium72_opt,khot,0,129,0.5493,6942,0
medium72_opt,khot,0,130,0.5493,7080,0
medium72_opt,khot,0,131,0.5493,7130,0
medium72_opt,khot,0,132,0.5493,7380,0
medium72_opt,khot,0,133,0.5493,7630,0
medium72_opt,khot,0,134,0.5493,7880,0
medium72_opt,khot,0,135,0.5493,8130,0
medium72_opt,khot,0,136,0.5493,8380,0
medium72_opt,khot,0,137,0.5493,8630,0
medium72_opt,khot,0,138,0.5493,8880,0
medium72_opt,khot,0,139,0.5493,9106,0
medium72_opt,khot,0,140,0.5493,9356,0
medium72_opt,khot,0,141,0.5493,9520,0
medium72_opt,khot,0,142,0.5493,9770,0
medium72_opt,khot,0,143,0.5493,9896,0
medium72_opt,khot,0,144,0.5493,10121,0
medium72_opt,khot,0,145,0.5493,10325,0
medium72_opt,khot,0,146,0.5493,10575,0
medium72_opt,khot,0,147,0.5493,10764,0
medium72_opt,khot,0,148,0.5493,10897,0
medium72_opt,khot,0,149,0.5493,10998,0
medium72_opt,khot,0,150,0.5493,11212,0
medium72_opt,khot,0,151,0.5493,11462,0
medium72_opt,khot,0,152,0.5493,11602,0
medium72_opt,khot,0,153,0.5493,11648,0
medium72_opt,khot,0,154,0.5493,11693,0
medium72_opt,khot,0,155,0.5493,11943,0
medium72_opt,khot,0,156,0.5493,12193,0
medium72_opt,khot,0,157,0.5493,12274,0
medium72_opt,khot,0,158,0.5493,12490,0
medium72_opt,khot,0,159,0.5493,12740,0
medium72_opt,khot,0,160,0.5493,12967,0
medium72_opt,khot,0,161,0.5493,13038,0
medium72_opt,khot,0,162,0.5493,13288,0
medium72_opt,khot,0,163,0.5493,13538,0
medium72_opt,khot,0,164,0.5493,13574,0
medium72_opt,khot,0,165,0.5493,13624,0
medium72_opt,khot,0,166,0.5493,13874,0
medium72_opt,khot,0,167,0.5493,14124,0
medium72_opt,khot,0,168,0.5493,14159,0
medium72_opt,khot,0,169,0.5493,14405,0
medium72_opt,khot,0,170,0.5493,14655,0
medium72_opt,khot,0,171,0.5493,14905,0
medium72_opt,khot,0,172,0.5493,15012,0
medium72_opt,khot,0,173,0.5493,15262,0
medium72_opt,khot,0,174,0.5493,15512,0
medium72_opt,khot,0,175,0.5493,15762,0
medium72_opt,khot,0,176,0.5493,16012,0
medium72_opt,khot,0,177,0.5493,16262,0
medium72_opt,khot,0,178,0.5493,16421,0
medium72_opt,khot,0,179,0.5493,16671,0
medium72_opt,khot,0,180,0.5493,16921,0
medium72_opt,khot,0,181,0.5493,16962,0
medium72_opt,khot,0,182,0.5493,17212,0
medium72_opt,khot,0,183,0.5493,17462,0
medium72_opt,khot,0,184,0.5493,17578,0
medium72_opt,khot,0,185,0.5493,17828,0
medium72_opt,khot,0,186,0.5493,17961,0
medium72_opt,khot,0,187,0.5493,18045,0
medium72_opt,khot,0,188,0.5493,18295,0
medium72_opt,khot,0,189,0.5493,18545,0
medium72_opt,khot,0,190,0.5493,18678,0
medium72_opt,khot,0,191,0.5493,18718,0
medium72_opt,khot,0,192,0.5493,18874,0
medium72_opt,khot,0,193,0.5493,19124,0
medium72_opt,khot,0,194,0.5493,19374,0
medium72_opt,khot,0,195,0.5493,19504,0
medium72_opt,khot,0,196,0.5493,19600,0
medium72_opt,khot,0,197,0.5493,19850,0
medium72_opt,khot,0,198,0.5493,20100,0
medium72_opt,khot,0,199,0.5493,20230,0
medium72_opt,khot,0,200,0.5493,20340,0
medium72_opt,khot,0,201,0.5493,20403,0
medium72_opt,khot,0,202,0.5493,20443,0
medium72_opt,khot,0,203,0.5493,20555,0
medium72_opt,khot,0,204,0.5493,20805,0
medium72_opt,khot,0,205,0.5493,20901,0
medium72_opt,khot,0,206,0.5493,21151,0
medium72_opt,khot,0,207,0.5493,21401,0
medium72_opt,khot,0,208,0.5493,21651,0
medium72_opt,khot,0,209,0.5493,21765,0
medium72_opt,khot,0,210,0.5493,22015,0
medium72_opt,khot,0,211,0.5493,22265,0
medium72_opt,khot,0,212,0.5493,22515,0
medium72_opt,khot,0,213,0.5493,22765,0
medium72_opt,khot,0,214,0.5493,23015,0
medium72_opt,khot,0,215,0.5493,23265,0
medium72_opt,khot,0,216,0.5493,23307,0
medium72_opt,khot,0,217,0.5493,23412,0
medium72_opt,khot,0,218,0.5493,23591,0
medium72_opt,khot,0,219,0.5493,23841,0
medium72_opt,khot,0,220,0.5493,24091,0
medium72_opt,khot,0,221,0.5493,24266,0
medium72_opt,khot,0,222,0.5493,24516,0
medium72_opt,khot,0,223,0.5493,24766,0
medium72_opt,khot,0,224,0.5493,25016,0
medium72_opt,khot,0,225,0.5493,25247,0
medium72_opt,khot,0,226,0.5493,25343,0
medium72_opt,khot,0,227,0.5493,25501,0
medium72_opt,khot,0,228,0.5493,25627,0
medium72_opt,khot,0,229,0.5493,25877,0
medium72_opt,khot,0,230,0.5493,26127,0
medium72_opt,khot,0,231,0.5493,26377,0
medium72_opt,khot,0,232,0.5493,26627,0
medium72_opt,khot,0,233,0.5493,26877,0
medium72_opt,khot,0,234,0.5493,27087,0
medium72_opt,khot,0,235,0.5493,27337,0
medium72_opt,khot,0,236,0.5493,27541,0
medium72_opt,khot,0,237,0.5493,27705,0
medium72_opt,khot,0,238,0.5493,27854,0
medium72_opt,khot,0,239,0.5493,27884,0
medium72_opt,khot,0,240,0.5493,27934,0
medium72_opt,khot,0,241,0.5493,28087,0
medium72_opt,khot,0,242,0.5493,28119,0
medium72_opt,khot,0,243,0.5493,28331,0
medium72_opt,khot,0,244,0.5493,28581,0
medium72_opt,khot,0,245,0.5493,28831,0
medium72_opt,khot,0,246,0.5493,29081,0
medium72_opt,khot,0,247,0.5493,29111,0
medium72_opt,khot,0,248,0.5493,29361,0
medium72_opt,khot,0,249,0.5493,29467,0
medium72_opt,khot,0,250,0.5493,29548,0
medium72_opt,khot,0,251,0.5493,29796,0
medium72_opt,khot,0,252,0.5493,30046,0
medium72_opt,khot,0,253,0.5493,30296,0
medium72_opt,khot,0,254,0.5493,30546,0
medium72_opt,khot,0,255,0.5493,30603,0
medium72_opt,khot,0,256,0.5493,30853,0
medium72_opt,khot,0,257,0.5493,30886,0
medium72_opt,khot,0,258,0.5634,31136,0
medium72_opt,khot,0,259,0.5634,31275,0
medium72_opt,khot,0,260,0.5634,31421,0
medium72_opt,khot,0,261,0.5634,31664,0
medium72_opt,khot,0,262,0.5634,31752,0
medium72_opt,khot,0,263,0.5634,32002,0
medium72_opt,khot,0,264,0.5634,32252,0
medium72_opt,khot,0,265,0.5634,32502,0
medium72_opt,khot,0,266,0.5634,32752,0
medium72_opt,khot,0,267,0.5634,32853,0
medium72_opt,khot,0,268,0.5634,33067,0
medium72_opt,khot,0,269,0.5634,33170,0
medium72_opt,khot,0,270,0.5634,33420,0
medium72_opt,khot,0,271,0.5634,33670,0
medium72_opt,khot,0,272,0.5634,33920,0
medium72_opt,khot,0,273,0.5634,34170,0
medium72_opt,khot,0,274,0.5634,34272,0
medium72_opt,khot,0,275,0.5634,34431,0
medium72_opt,khot,0,276,0.5634,34681,0
medium72_opt,khot,0,277,0.5634,34931,0
medium72_opt,khot,0,278,0.5634,34972,0
medium72_opt,khot,0,279,0.5634,35222,0
medium72_opt,khot,0,280,0.5634,35399,0
medium72_opt,khot,0,281,0.5634,35649,0
medium72_opt,khot,0,282,0.5634,35848,0
medium72_opt,khot,0,283,0.5634,36098,0
medium72_opt,khot,0,284,0.5634,36348,0
medium72_opt,khot,0,285,0.5634,36598,0
medium72_opt,khot,0,286,0.5634,36848,0
medium72_opt,khot,0,287,0.5634,37098,0
medium72_opt,khot,0,288,0.5634,37348,0
medium72_opt,khot,0,289,0.5634,37513,0
medium72_opt,khot,0,290,0.5634,37560,0
medium72_opt,khot,0,291,0.5634,37652,0
medium72_opt,khot,0,292,0.5634,37902,0
medium72_opt,khot,0,293,0.5634,38152,0
medium72_opt,khot,0,294,0.5634,38402,0
medium72_opt,khot,0,295,0.5634,38651,0
medium72_opt,khot,0,296,0.5634,38901,0
medium72_opt,khot,0,297,0.5634,39151,0
medium72_opt,khot,0,298,0.5634,39401,0
medium72_opt,khot,0,299,0.5634,39651,0
medium72_opt,khot,0,300,0.5634,39858,0
medium72_opt,khot,0,301,0.5634,40108,0
medium72_opt,khot,0,302,0.5634,40358,0
medium72_opt,khot,0,303,0.5634,40608,0
medium72_opt,khot,0,304,0.5634,40858,0
medium72_opt,khot,0,305,0.5634,41108,0
medium72_opt,khot,0,306,0.5634,41358,0
medium72_opt,khot,0,307,0.5634,41590,0
medium72_opt,khot,0,308,0.5634,41670,0
medium72_opt,khot,0,309,0.5634,41701,0
medium72_opt,khot,0,310,0.5634,41951,0
medium72_opt,khot,0,311,0.5634,42144,0
medium72_opt,khot,0,312,0.5634,42394,0
medium72_opt,khot,0,313,0.5634,42644,0
medium72_opt,khot,0,314,0.5634,42894,0
medium72_opt,khot,0,315,0.5634,43144,0
medium72_opt,khot,0,316,0.5634,43196,0
medium72_opt,khot,0,317,0.5634,43440,0
medium72_opt,khot,0,318,0.5634,43510,0
medium72_opt,khot,0,319,0.5634,43760,0
medium72_opt,khot,0,320,0.5634,44010,0
medium72_opt,khot,0,321,0.5634,44082,0
medium72_opt,khot,0,322,0.5634,44332,0
medium72_opt,khot,0,323,0.5634,44407,0
medium72_opt,khot,0,324,0.5634,44657,0
medium72_opt,khot,0,325,0.5634,44907,0
medium72_opt,khot,0,326,0.5634,45129,0
medium72_opt,khot,0,327,0.5634,45324,0
medium72_opt,khot,0,328,0.5634,45395,0
medium72_opt,khot,0,329,0.5634,45645,0
medium72_opt,khot,0,330,0.5634,45850,0
medium72_opt,khot,0,331,0.5634,46100,0
medium72_opt,khot,0,332,0.5634,46350,0
medium72_opt,khot,0,333,0.5634,46455,0
medium72_opt,khot,0,334,0.5634,46677,0
medium72_opt,khot,0,335,0.5634,46720,0
medium72_opt,khot,0,336,0.5634,46970,0
medium72_opt,khot,0,337,0.5634,47091,0
medium72_opt,khot,0,338,0.5634,47341,0
medium72_opt,khot,0,339,0.5634,47503,0
medium72_opt,khot,0,340,0.5634,47679,0
medium72_opt,khot,0,341,0.5634,47929,0
medium72_opt,khot,0,342,0.5634,48179,0
medium72_opt,khot,0,343,0.5634,48235,0
medium72_opt,khot,0,344,0.5634,48267,0
medium72_opt,khot,0,345,0.5634,48517,0
medium72_opt,khot,0,346,0.5634,48767,0
medium72_opt,khot,0,347,0.5634,48998,0
medium72_opt,khot,0,348,0.5634,49248,0
medium72_opt,khot,0,349,0.5634,49364,0
medium72_opt,khot,0,350,0.5634,49475,0
medium72_opt,khot,0,351,0.5634,49725,0
medium72_opt,khot,0,352,0.5634,49975,0
medium72_opt,khot,0,353,0.5634,50108,0
medium72_opt,khot,0,354,0.5634,50141,0
medium72_opt,khot,0,355,0.5634,50391,0
medium72_opt,khot,0,356,0.5634,50641,0
medium72_opt,khot,0,357,0.5634,50875,0
medium72_opt,khot,0,358,0.5634,51125,0
medium72_opt,khot,0,359,0.5634,51375,0
medium72_opt,khot,0,360,0.5634,51414,0
medium72_opt,khot,0,361,0.5634,51530,0
medium72_opt,khot,0,362,0.5634,51780,0
medium72_opt,khot,0,363,0.5634,52030,0
medium72_opt,khot,0,364,0.5634,52280,0
medium72_opt,khot,0,365,0.5634,52530,0
medium72_opt,khot,0,366,0.5634,52780,0
medium72_opt,khot,0,367,0.5634,53030,0
medium72_opt,khot,0,368,0.5634,53189,0
medium72_opt,khot,0,369,0.5634,53439,0
medium72_opt,khot,0,370,0.5634,53556,0
medium72_opt,khot,0,371,0.5634,53806,0
medium72_opt,khot,0,372,0.5634,53850,0
medium72_opt,khot,0,373,0.5634,53926,0
medium72_opt,khot,0,374,0.5634,53975,0
medium72_opt,khot,0,375,0.5634,54225,0
medium72_opt,khot,0,376,0.5634,54262,0
medium72_opt,khot,0,377,0.5634,54512,0
medium72_opt,khot,0,378,0.5634,54712,0
medium72_opt,khot,0,379,0.5634,54844,0
medium72_opt,khot,0,380,0.5634,55094,0
medium72_opt,khot,0,381,0.5634,55344,0
medium72_opt,khot,0,382,0.5634,55594,0
medium72_opt,khot,0,383,0.5634,55844,0
medium72_opt,khot,0,384,0.5634,55951,0
medium72_opt,khot,0,385,0.5634,56129,0
medium72_opt,khot,0,386,0.5634,56379,0
medium72_opt,khot,0,387,0.5634,56629,0
medium72_opt,khot,0,388,0.5634,56879,0
medium72_opt,khot,0,389,0.5634,57129,0
medium72_opt,khot,0,390,0.5634,57379,0
medium72_opt,khot,0,391,0.5634,57416,0
medium72_opt,khot,0,392,0.5634,57666,0
medium72_opt,khot,0,393,0.5634,57916,0
medium72_opt,khot,0,394,0.5634,58166,0
medium72_opt,khot,0,395,0.5634,58416,0
medium72_opt,khot,0,396,0.5634,58666,0
medium72_opt,khot,0,397,0.5634,58886,0
medium72_opt,khot,0,398,0.5634,58958,0
medium72_opt,khot,0,399,0.5634,59208,0
medium72_opt,khot,1,0,0.4648,250,0
medium72_opt,khot,1,1,0.5211,500,0
medium72_opt,khot,1,2,0.5493,750,0
medium72_opt,khot,1,3,0.5775,1000,0
medium72_opt,khot,1,4,0.5915,1105,0
medium72_opt,khot,1,5,0.5915,1355,0
medium72_opt,khot,1,6,0.5775,1497,0
medium72_opt,khot,1,7,0.5775,1747,0
medium72_opt,khot,1,8,0.5634,1931,0
medium72_opt,khot,1,9,0.5634,2181,0
medium72_opt,khot,1,10,0.5352,2390,0
medium72_opt,khot,1,11,0.5352,2640,0
medium72_opt,khot,1,12,0.5915,2775,0
medium72_opt,khot,1,13,0.5915,3025,0
medium72_opt,khot,1,14,0.5915,3139,0
medium72_opt,khot,1,15,0.5915,3368,0
medium72_opt,khot,1,16,0.5915,3563,0
medium72_opt,khot,1,17,0.5915,3682,0
medium72_opt,khot,1,18,0.5915,3932,0
medium72_opt,khot,1,19,0.5775,4182,0
medium72_opt,khot,1,20,0.5775,4432,0
medium72_opt,khot,1,21,0.5915,4682,0
medium72_opt,khot,1,22,0.5775,4929,0
medium72_opt,khot,1,23,0.5775,5179,0
medium72_opt,khot,1,24,0.5775,5429,0
medium72_opt,khot,1,25,0.5775,5679,0
medium72_opt,khot,1,26,0.5775,5929,0
medium72_opt,khot,1,27,0.5634,6179,0
medium72_opt,khot,1,28,0.5493,6429,0
medium72_opt,khot,1,29,0.5493,6679,0
medium72_opt,khot,1,30,0.5493,6929,0
medium72_opt,khot,1,31,0.5493,7179,0
medium72_opt,khot,1,32,0.5493,7429,0
medium72_opt,khot,1,33,0.5493,7679,0
medium72_opt,khot,1,34,0.5493,7929,0
medium72_opt,khot,1,35,0.5775,8120,0
medium72_opt,khot,1,36,0.5775,8286,0
medium72_opt,khot,1,37,0.5634,8522,0
medium72_opt,khot,1,38,0.5775,8772,0
medium72_opt,khot,1,39,0.5775,9022,0
medium72_opt,khot,1,40,0.5775,9272,0
medium72_opt,khot,1,41,0.5775,9522,0
medium72_opt,khot,1,42,0.5775,9772,0
medium72_opt,khot,1,43,0.5775,10022,0
medium72_opt,khot,1,44,0.5775,10272,0
medium72_opt,khot,1,45,0.5915,10522,0
medium72_opt,khot,1,46,0.5915,10772,0
medium72_opt,khot,1,47,0.5915,11022,0
medium72_opt,khot,1,48,0.5915,11272,0
medium72_opt,khot,1,49,0.5775,11522,0
medium72_opt,khot,1,50,0.5775,11772,0
medium72_opt,khot,1,51,0.5775,12022,0
medium72_opt,khot,1,52,0.5775,12272,0
medium72_opt,khot,1,53,0.5775,12522,0
medium72_opt,khot,1,54,0.5775,12742,0
medium72_opt,khot,1,55,0.5775,12992,0
medium72_opt,khot,1,56,0.5775,13242,0
medium72_opt,khot,1,57,0.5775,13492,0
medium72_opt,khot,1,58,0.5775,13742,0
medium72_opt,khot,1,59,0.5775,13992,0
medium72_opt,khot,1,60,0.5775,14242,0
medium72_opt,khot,1,61,0.5775,14492,0
medium72_opt,khot,1,62,0.5775,14742,0
medium72_opt,khot,1,63,0.5775,14992,0
medium72_opt,khot,1,64,0.5775,15242,0
medium72_opt,khot,1,65,0.5775,15492,0
medium72_opt,khot,1,66,0.5775,15742,0
medium72_opt,khot,1,67,0.5775,15992,0
medium72_opt,khot,1,68,0.5775,16242,0
medium72_opt,khot,1,69,0.5775,16492,0
medium72_opt,khot,1,70,0.5775,16742,0
medium72_opt,khot,1,71,0.5775,16992,0
medium72_opt,khot,1,72,0.5775,17242,0
medium72_opt,khot,1,73,0.5775,17492,0
medium72_opt,khot,1,74,0.5775,17742,0
medium72_opt,khot,1,75,0.5775,17992,0
medium72_opt,khot,1,76,0.5775,18242,0
medium72_opt,khot,1,77,0.5775,18492,0
medium72_opt,khot,1,78,0.5775,18742,0
medium72_opt,khot,1,79,0.5775,18992,0
medium72_opt,khot,1,80,0.5775,19242,0
medium72_opt,khot,1,81,0.5775,19492,0
medium72_opt,khot,1,82,0.5775,19742,0
medium72_opt,khot,1,83,0.5775,19992,0
medium72_opt,khot,1,84,0.5775,20242,0
medium72_opt,khot,1,85,0.5775,20492,0
medium72_opt,khot,1,86,0.5775,20742,0
medium72_opt,khot,1,87,0.5775,20992,0
medium72_opt,khot,1,88,0.5775,21242,0
medium72_opt,khot,1,89,0.5775,21492,0
medium72_opt,khot,1,90,0.5775,21742,0
medium72_opt,khot,1,91,0.5775,21992,0
medium72_opt,khot,1,92,0.5775,22242,0
medium72_opt,khot,1,93,0.5775,22492,0
medium72_opt,khot,1,94,0.5775,22742,0
medium72_opt,khot,1,95,0.5775,22992,0
medium72_opt,khot,1,96,0.5775,23242,0
medium72_opt,khot,1,97,0.5775,23492,0
medium72_opt,khot,1,98,0.5775,23742,0
medium72_opt,khot,1,99,0.5775,23992,0
medium72_opt,khot,1,100,0.5775,24242,0
medium72_opt,khot,1,101,0.5775,24492,0
medium72_opt,khot,1,102,0.5775,24742,0
medium72_opt,khot,1,103,0.5775,24992,0
medium72_opt,khot,1,104,0.5775,25242,0
medium72_opt,khot,1,105,0.5775,25492,0
medium72_opt,khot,1,106,0.5775,25742,0
medium72_opt,khot,1,107,0.5775,25992,0
medium72_opt,khot,1,108,0.5775,26242,0
medium72_opt,khot,1,109,0.5775,26492,0
medium72_opt,khot,1,110,0.5775,26742,0
medium72_opt,khot,1,111,0.5775,26992,0
medium72_opt,khot,1,112,0.5775,27242,0
medium72_opt,khot,1,113,0.5775,27492,0
medium72_opt,khot,1,114,0.5775,27742,0
medium72_opt,khot,1,115,0.5775,27992,0
medium72_opt,khot,1,116,0.5775,28242,0
medium72_opt,khot,1,117,0.5775,28492,0
medium72_opt,khot,1,118,0.5775,28742,0
medium72_opt,khot,1,119,0.5775,28992,0
medium72_opt,khot,1,120,0.5775,29242,0
medium72_opt,khot,1,121,0.5775,29492,0
medium72_opt,khot,1,122,0.6056,29742,0
medium72_opt,khot,1,123,0.6056,29992,0
medium72_opt,khot,1,124,0.6056,30242,0
medium72_opt,khot,1,125,0.6056,30492,0
medium72_opt,khot,1,126,0.6056,30742,0
medium72_opt,khot,1,127,0.6056,30992,0
medium72_opt,khot,1,128,0.6056,31242,0
medium72_opt,khot,1,129,0.6056,31492,0
medium72_opt,khot,1,130,0.6056,31742,0
medium72_opt,khot,1,131,0.6056,31992,0
medium72_opt,khot,1,132,0.6056,32242,0
medium72_opt,khot,1,133,0.6056,32492,0
medium72_opt,khot,1,134,0.6056,32742,0
medium72_opt,khot,1,135,0.6056,32992,0
medium72_opt,khot,1,136,0.6056,33242,0
medium72_opt,khot,1,137,0.6056,33492,0
medium72_opt,khot,1,138,0.6056,33742,0
medium72_opt,khot,1,139,0.6056,33992,0
medium72_opt,khot,1,140,0.6056,34242,0
medium72_opt,khot,1,141,0.6056,34492,0
medium72_opt,khot,1,142,0.6056,34742,0
medium72_opt,khot,1,143,0.6056,34992,0
medium72_opt,khot,1,144,0.6056,35242,0
medium72_opt,khot,1,145,0.6056,35492,0
medium72_opt,khot,1,146,0.6056,35742,0
medium72_opt,khot,1,147,0.6056,35992,0
medium72_opt,khot,1,148,0.6056,36242,0
medium72_opt,khot,1,149,0.6056,36492,0
medium72_opt,khot,1,150,0.6056,36742,0
medium72_opt,khot,1,151,0.6056,36992,0
medium72_opt,khot,1,152,0.6056,37242,0
medium72_opt,khot,1,153,0.6056,37492,0
medium72_opt,khot,1,154,0.6056,37742,0
medium72_opt,khot,1,155,0.6056,37992,0
medium72_opt,khot,1,156,0.6056,38242,0
medium72_opt,khot,1,157,0.6056,38492,0
medium72_opt,khot,1,158,0.6056,38742,0
medium72_opt,khot,1,159,0.6056,38992,0
medium72_opt,khot,1,160,0.6056,39242,0
medium72_opt,khot,1,161,0.6056,39492,0
medium72_opt,khot,1,162,0.6056,39742,0
medium72_opt,khot,1,163,0.6056,39992,0
medium72_opt,khot,1,164,0.6056,40242,0
medium72_opt,khot,1,165,0.6056,40492,0
medium72_opt,khot,1,166,0.6056,40742,0
medium72_opt,khot,1,167,0.6056,40992,0
medium72_opt,khot,1,168,0.6056,41242,0
medium72_opt,khot,1,169,0.6056,41492,0
medium72_opt,khot,1,170,0.6056,41742,0
medium72_opt,khot,1,171,0.6056,41992,0
medium72_opt,khot,1,172,0.6056,42242,0
medium72_opt,khot,1,173,0.6056,42492,0
medium72_opt,khot,1,174,0.6056,42742,0
medium72_opt,khot,1,175,0.6056,42992,0
medium72_opt,khot,1,176,0.6056,43242,0
medium72_opt,khot,1,177,0.6056,43492,0
medium72_opt,khot,1,178,0.6056,43742,0
medium72_opt,khot,1,179,0.6056,43992,0
medium72_opt,khot,1,180,0.6056,44242,0
medium72_opt,khot,1,181,0.6056,44492,0
medium72_opt,khot,1,182,0.6056,44742,0
medium72_opt,khot,1,183,0.6056,44992,0
medium72_opt,khot,1,184,0.6056,45242,0
medium72_opt,khot,1,185,0.6056,45492,0
medium72_opt,khot,1,186,0.6056,45742,0
medium72_opt,khot,1,187,0.6056,45992,0
medium72_opt,khot,1,188,0.6056,46242,0
medium72_opt,khot,1,189,0.6056,46492,0
medium72_opt,khot,1,190,0.6056,46742,0
medium72_opt,khot,1,191,0.6056,46992,0
medium72_opt,khot,1,192,0.6056,47242,0
medium72_opt,khot,1,193,0.6056,47492,0
medium72_opt,khot,1,194,0.6056,47742,0
medium72_opt,khot,1,195,0.6056,47992,0
medium72_opt,khot,1,196,0.6056,48242,0
medium72_opt,khot,1,197,0.6056,48492,0
medium72_opt,khot,1,198,0.6056,48742,0
medium72_opt,khot,1,199,0.6056,48992,0
medium72_opt,khot,1,200,0.6056,49242,0
medium72_opt,khot,1,201,0.6056,49492,0
medium72_opt,khot,1,202,0.6056,49742,0
medium72_opt,khot,1,203,0.6056,49992,0
medium72_opt,khot,1,204,0.6056,50242,0
medium72_opt,khot,1,205,0.6056,50492,0
medium72_opt,khot,1,206,0.6056,50742,0
medium72_opt,khot,1,207,0.6056,50992,0
medium72_opt,khot,1,208,0.6056,51242,0
medium72_opt,khot,1,209,0.6056,51492,0
medium72_opt,khot,1,210,0.6056,51742,0
medium72_opt,khot,1,211,0.6056,51992,0
medium72_opt,khot,1,212,0.6056,52242,0
medium72_opt,khot,1,213,0.6056,52492,0
medium72_opt,khot,1,214,0.6056,52742,0
medium72_opt,khot,1,215,0.6056,52992,0
medium72_opt,khot,1,216,0.6056,53242,0
medium72_opt,khot,1,217,0.6056,53492,0
medium72_opt,khot,1,218,0.6056,53742,0
medium72_opt,khot,1,219,0.6056,53992,0
medium72_opt,khot,1,220,0.6056,54242,0
medium72_opt,khot,1,221,0.6056,54492,0
medium72_opt,khot,1,222,0.6056,54742,0
medium72_opt,khot,1,223,0.6056,54992,0
medium72_opt,khot,1,224,0.6056,55242,0
medium72_opt,khot,1,225,0.6056,55492,0
medium72_opt,khot,1,226,0.6056,55742,0
medium72_opt,khot,1,227,0.6056,55992,0
medium72_opt,khot,1,228,0.6056,56242,0
medium72_opt,khot,1,229,0.6056,56492,0
medium72_opt,khot,1,230,0.6056,56742,0
medium72_opt,khot,1,231,0.6056,56992,0
medium72_opt,khot,1,232,0.6056,57242,0
medium72_opt,khot,1,233,0.6056,57492,0
medium72_opt,khot,1,234,0.6056,57742,0
medium72_opt,khot,1,235,0.6056,57992,0
medium72_opt,khot,1,236,0.6056,58242,0
medium72_opt,khot,1,237,0.6056,58492,0
medium72_opt,khot,1,238,0.6056,58742,0
medium72_opt,khot,1,239,0.6056,58992,0
medium72_opt,khot,1,240,0.6056,59242,0
medium72_opt,khot,1,241,0.6056,59492,0
medium72_opt,khot,1,242,0.6056,59742,0
medium72_opt,khot,1,243,0.6056,59992,0
medium72_opt,khot,1,244,0.6056,60242,0
medium72_opt,khot,1,245,0.6056,60492,0
medium72_opt,khot,1,246,0.6056,60742,0
medium72_opt,khot,1,247,0.6056,60992,0
medium72_opt,khot,1,248,0.6056,61242,0
medium72_opt,khot,1,249,0.6056,61492,0
medium72_opt,khot,1,250,0.6056,61742,0
medium72_opt,khot,1,251,0.6056,61992,0
medium72_opt,khot,1,252,0.6056,62242,0
medium72_opt,khot,1,253,0.6056,62492,0
medium72_opt,khot,1,254,0.6056,62742,0
medium72_opt,khot,1,255,0.6056,62992,0
medium72_opt,khot,1,256,0.6056,63242,0
medium72_opt,khot,1,257,0.6056,63492,0
medium72_opt,khot,1,258,0.6056,63742,0
medium72_opt,khot,1,259,0.6056,63992,0
medium72_opt,khot,1,260,0.6056,64242,0
medium72_opt,khot,1,261,0.6056,64492,0
medium72_opt,khot,1,262,0.6056,64742,0
medium72_opt,khot,1,263,0.6056,64992,0
medium72_opt,khot,1,264,0.6056,65242,0
medium72_opt,khot,1,265,0.6056,65492,0
medium72_opt,khot,1,266,0.6056,65742,0
medium72_opt,khot,1,267,0.6056,65992,0
medium72_opt,khot,1,268,0.6056,66242,0
medium72_opt,khot,1,269,0.6056,66492,0
medium72_opt,khot,1,270,0.6056,66742,0
medium72_opt,khot,1,271,0.6056,66992,0
medium72_opt,khot,1,272,0.6056,67242,0
medium72_opt,khot,1,273,0.6056,67492,0
medium72_opt,khot,1,274,0.6056,67742,0
medium72_opt,khot,1,275,0.6056,67992,0
medium72_opt,khot,1,276,0.6056,68242,0
medium72_opt,khot,1,277,0.6056,68492,0
medium72_opt,khot,1,278,0.6056,68742,0
medium72_opt,khot,1,279,0.6056,68992,0
medium72_opt,khot,1,280,0.6056,69242,0
medium72_opt,khot,1,281,0.6056,69492,0
medium72_opt,khot,1,282,0.6056,69742,0
medium72_opt,khot,1,283,0.6056,69992,0
medium72_opt,khot,1,284,0.6056,70242,0
medium72_opt,khot,1,285,0.6056,70492,0
medium72_opt,khot,1,286,0.6056,70742,0
medium72_opt,khot,1,287,0.6056,70992,0
medium72_opt,khot,1,288,0.6056,71242,0
medium72_opt,khot,1,289,0.6056,71492,0
medium72_opt,khot,1,290,0.6056,71742,0
medium72_opt,khot,1,291,0.6056,71992,0
medium72_opt,khot,1,292,0.6056,72242,0
medium72_opt,khot,1,293,0.6056,72492,0
medium72_opt,khot,1,294,0.6056,72742,0
medium72_opt,khot,1,295,0.6056,72992,0
medium72_opt,khot,1,296,0.6056,73242,0
medium72_opt,khot,1,297,0.6056,73492,0
medium72_opt,khot,1,298,0.6056,73742,0
medium72_opt,khot,1,299,0.6056,73992,0
medium72_opt,khot,1,300,0.6056,74242,0
medium72_opt,khot,1,301,0.6056,74492,0
medium72_opt,khot,1,302,0.6056,74742,0
medium72_opt,khot,1,303,0.6056,74992,0
medium72_opt,khot,1,304,0.6056,75242,0
medium72_opt,khot,1,305,0.6056,75492,0
medium72_opt,khot,1,306,0.6056,75742,0
medium72_opt,khot,1,307,0.6056,75992,0
medium72_opt,khot,1,308,0.6056,76242,0
medium72_opt,khot,1,309,0.6056,76492,0
medium72_opt,khot,1,310,0.6056,76742,0
medium72_opt,khot,1,311,0.6056,76992,0
medium72_opt,khot,1,312,0.6056,77242,0
medium72_opt,khot,1,313,0.6056,77492,0
medium72_opt,khot,1,314,0.6056,77742,0
medium72_opt,khot,1,315,0.6056,77992,0
medium72_opt,khot,1,316,0.6056,78242,0
medium72_opt,khot,1,317,0.6056,78492,0
medium72_opt,khot,1,318,0.6056,78742,0
medium72_opt,khot,1,319,0.6056,78992,0
medium72_opt,khot,1,320,0.6056,79242,0
medium72_opt,khot,1,321,0.6056,79492,0
medium72_opt,khot,1,322,0.6056,79742,0
medium72_opt,khot,1,323,0.6056,79992,0
medium72_opt,khot,1,324,0.6056,80242,0
medium72_opt,khot,1,325,0.6056,80492,0
medium72_opt,khot,1,326,0.6056,80742,0
medium72_opt,khot,1,327,0.6056,80992,0
medium72_opt,khot,1,328,0.6056,81242,0
medium72_opt,khot,1,329,0.6056,81492,0
medium72_opt,khot,1,330,0.6056,81742,0
medium72_opt,khot,1,331,0.6056,81992,0
medium72_opt,khot,1,332,0.6056,82242,0
medium72_opt,khot,1,333,0.6056,82492,0
medium72_opt,khot,1,334,0.6056,82742,0
medium72_opt,khot,1,335,0.6056,82992,0
medium72_opt,khot,1,336,0.6056,83242,0
medium72_opt,khot,1,337,0.6056,83492,0
medium72_opt,khot,1,338,0.6056,83742,0
medium72_opt,khot,1,339,0.6056,83992,0
medium72_opt,khot,1,340,0.6056,84242,0
medium72_opt,khot,1,341,0.6056,84492,0
medium72_opt,khot,1,342,0.6056,84742,0
medium72_opt,khot,1,343,0.6056,84992,0
medium72_opt,khot,1,344,0.6056,85242,0
medium72_opt,khot,1,345,0.6056,85492,0
medium72_opt,khot,1,346,0.6056,85742,0
medium72_opt,khot,1,347,0.6056,85992,0
medium72_opt,khot,1,348,0.6056,86242,0
medium72_opt,khot,1,349,0.6056,86492,0
medium72_opt,khot,1,350,0.6056,86742,0
medium72_opt,khot,1,351,0.6056,86992,0
medium72_opt,khot,1,352,0.6056,87242,0
medium72_opt,khot,1,353,0.6056,87492,0
medium72_opt,khot,1,354,0.6056,87742,0
medium72_opt,khot,1,355,0.6056,87992,0
medium72_opt,khot,1,356,0.6056,88242,0
medium72_opt,khot,1,357,0.6056,88492,0
medium72_opt,khot,1,358,0.6056,88742,0
medium72_opt,khot,1,359,0.6056,88992,0
medium72_opt,khot,1,360,0.6056,89242,0
medium72_opt,khot,1,361,0.6056,89492,0
medium72_opt,khot,1,362,0.6056,89742,0
medium72_opt,khot,1,363,0.6056,89992,0
medium72_opt,khot,1,364,0.6056,90242,0
medium72_opt,khot,1,365,0.6056,90492,0
medium72_opt,khot,1,366,0.6056,90742,0
medium72_opt,khot,1,367,0.6056,90992,0
medium72_opt,khot,1,368,0.6056,91242,0
medium72_opt,khot,1,369,0.6056,91492,0
medium72_opt,khot,1,370,0.6056,91742,0
medium72_opt,khot,1,371,0.6056,91992,0
medium72_opt,khot,1,372,0.6056,92242,0
medium72_opt,khot,1,373,0.6056,92492,0
medium72_opt,khot,1,374,0.6056,92742,0
medium72_opt,khot,1,375,0.6056,92992,0
medium72_opt,khot,1,376,0.6056,93242,0
medium72_opt,khot,1,377,0.6056,93492,0
medium72_opt,khot,1,378,0.6056,93742,0
medium72_opt,khot,1,379,0.6056,93992,0
medium72_opt,khot,1,380,0.6056,94242,0
medium72_opt,khot,1,381,0.6056,94492,0
medium72_opt,khot,1,382,0.6056,94742,0
medium72_opt,khot,1,383,0.6056,94992,0
medium72_opt,khot,1,384,0.6056,95242,0
medium72_opt,khot,1,385,0.6056,95492,0
medium72_opt,khot,1,386,0.6056,95742,0
medium72_opt,khot,1,387,0.6056,95992,0
medium72_opt,khot,1,388,0.6056,96242,0
medium72_opt,khot,1,389,0.6056,96492,0
medium72_opt,khot,1,390,0.6056,96742,0
medium72_opt,khot,1,391,0.6056,96992,0
medium72_opt,khot,1,392,0.6056,97242,0
medium72_opt,khot,1,393,0.6056,97492,0
medium72_opt,khot,1,394,0.6056,97742,0
medium72_opt,khot,1,395,0.6056,97992,0
medium72_opt,khot,1,396,0.6056,98242,0
medium72_opt,khot,1,397,0.6056,98492,0
medium72_opt,khot,1,398,0.6056,98742,0
medium72_opt,khot,1,399,0.6056,98992,0
medium72_opt,khot,2,0,0.4085,250,0
medium72_opt,khot,2,1,0.4648,500,0
medium72_opt,khot,2,2,0.5070,698,0
medium72_opt,khot,2,3,0.5070,762,0
medium72_opt,khot,2,4,0.5070,813,0
medium72_opt,khot,2,5,0.5070,964,0
medium72_opt,khot,2,6,0.5070,1033,0
medium72_opt,khot,2,7,0.4789,1093,0
medium72_opt,khot,2,8,0.5070,1149,0
medium72_opt,khot,2,9,0.5070,1177,0
medium72_opt,khot,2,10,0.4930,1238,0
medium72_opt,khot,2,11,0.4789,1382,0
medium72_opt,khot,2,12,0.4789,1603,0
medium72_opt,khot,2,13,0.4648,1669,0
medium72_opt,khot,2,14,0.4789,1816,0
medium72_opt,khot,2,15,0.4789,1935,0
medium72_opt,khot,2,16,0.4789,2049,0
medium72_opt,khot,2,17,0.4930,2172,0
medium72_opt,khot,2,18,0.4930,2419,0
medium72_opt,khot,2,19,0.5070,2669,0
medium72_opt,khot,2,20,0.5070,2780,0
medium72_opt,khot,2,21,0.5070,2966,0
medium72_opt,khot,2,22,0.5070,3169,0
medium72_opt,khot,2,23,0.5070,3269,0
medium72_opt,khot,2,24,0.5070,3513,0
medium72_opt,khot,2,25,0.5070,3672,0
medium72_opt,khot,2,26,0.5070,3783,0
medium72_opt,khot,2,27,0.5070,3918,0
medium72_opt,khot,2,28,0.5070,4004,0
medium72_opt,khot,2,29,0.5070,4183,0
medium72_opt,khot,2,30,0.5070,4379,0
medium72_opt,khot,2,31,0.5211,4464,0
medium72_opt,khot,2,32,0.5211,4603,0
medium72_opt,khot,2,33,0.5211,4848,0
medium72_opt,khot,2,34,0.5211,4957,0
medium72_opt,khot,2,35,0.5070,5157,0
medium72_opt,khot,2,36,0.5070,5318,0
medium72_opt,khot,2,37,0.5070,5568,0
medium72_opt,khot,2,38,0.5070,5818,0
medium72_opt,khot,2,39,0.5070,6059,0
medium72_opt,khot,2,40,0.5070,6116,0
medium72_opt,khot,2,41,0.5070,6260,0
medium72_opt,khot,2,42,0.5070,6471,0
medium72_opt,khot,2,43,0.5070,6681,0
medium72_opt,khot,2,44,0.5070,6931,0
medium72_opt,khot,2,45,0.5070,7065,0
medium72_opt,khot,2,46,0.5070,7204,0
medium72_opt,khot,2,47,0.5070,7454,0
medium72_opt,khot,2,48,0.5070,7580,0
medium72_opt,khot,2,49,0.5070,7715,0
medium72_opt,khot,2,50,0.5070,7965,0
medium72_opt,khot,2,51,0.5070,8134,0
medium72_opt,khot,2,52,0.5070,8384,0
medium72_opt,khot,2,53,0.5070,8634,0
medium72_opt,khot,2,54,0.5070,8697,0
medium72_opt,khot,2,55,0.5070,8947,0
medium72_opt,khot,2,56,0.5070,9008,0
medium72_opt,khot,2,57,0.5070,9258,0
medium72_opt,khot,2,58,0.5070,9371,0
medium72_opt,khot,2,59,0.5070,9621,0
medium72_opt,khot,2,60,0.5070,9871,0
medium72_opt,khot,2,61,0.5070,10051,0
medium72_opt,khot,2,62,0.5070,10145,0
medium72_opt,khot,2,63,0.5070,10395,0
medium72_opt,khot,2,64,0.5070,10645,0
medium72_opt,khot,2,65,0.5070,10895,0
medium72_opt,khot,2,66,0.5070,10992,0
medium72_opt,khot,2,67,0.5070,11110,0
medium72_opt,khot,2,68,0.5070,11360,0
medium72_opt,khot,2,69,0.5070,11522,0
medium72_opt,khot,2,70,0.5070,11611,0
medium72_opt,khot,2,71,0.5070,11861,0
medium72_opt,khot,2,72,0.5070,12111,0
medium72_opt,khot,2,73,0.5070,12194,0
medium72_opt,khot,2,74,0.5070,12444,0
medium72_opt,khot,2,75,0.4930,12694,0
medium72_opt,khot,2,76,0.5070,12944,0
medium72_opt,khot,2,77,0.5070,13194,0
medium72_opt,khot,2,78,0.5070,13414,0
medium72_opt,khot,2,79,0.5070,13527,0
medium72_opt,khot,2,80,0.5070,13632,0
medium72_opt,khot,2,81,0.5070,13882,0
medium72_opt,khot,2,82,0.5070,14132,0
medium72_opt,khot,2,83,0.5070,14339,0
medium72_opt,khot,2,84,0.5070,14589,0
medium72_opt,khot,2,85,0.5070,14830,0
medium72_opt,khot,2,86,0.5070,15080,0
medium72_opt,khot,2,87,0.5070,15330,0
medium72_opt,khot,2,88,0.5070,15580,0
medium72_opt,khot,2,89,0.5070,15830,0
medium72_opt,khot,2,90,0.5070,16080,0
medium72_opt,khot,2,91,0.5070,16330,0
medium72_opt,khot,2,92,0.5070,16513,0
medium72_opt,khot,2,93,0.5070,16763,0
medium72_opt,khot,2,94,0.5070,17013,0
medium72_opt,khot,2,95,0.5070,17097,0
medium72_opt,khot,2,96,0.5070,17347,0
medium72_opt,khot,2,97,0.5070,17522,0
medium72_opt,khot,2,98,0.5070,17708,0
medium72_opt,khot,2,99,0.5070,17958,0
medium72_opt,khot,2,100,0.5070,18208,0
medium72_opt,khot,2,101,0.5070,18442,0
medium72_opt,khot,2,102,0.5070,18692,0
medium72_opt,khot,2,103,0.5070,18942,0
medium72_opt,khot,2,104,0.5070,19192,0
medium72_opt,khot,2,105,0.5070,19442,0
medium72_opt,khot,2,106,0.5070,19570,0
medium72_opt,khot,2,107,0.5070,19662,0
medium72_opt,khot,2,108,0.5070,19912,0
medium72_opt,khot,2,109,0.5070,20161,0
medium72_opt,khot,2,110,0.5070,20411,0
medium72_opt,khot,2,111,0.5070,20661,0
medium72_opt,khot,2,112,0.5070,20911,0
medium72_opt,khot,2,113,0.5070,21161,0
medium72_opt,khot,2,114,0.5070,21411,0
medium72_opt,khot,2,115,0.5070,21661,0
medium72_opt,khot,2,116,0.5070,21911,0
medium72_opt,khot,2,117,0.5070,22161,0
medium72_opt,khot,2,118,0.5070,22411,0
medium72_opt,khot,2,119,0.5070,22661,0
medium72_opt,khot,2,120,0.5070,22911,0
medium72_opt,khot,2,121,0.5070,23161,0
medium72_opt,khot,2,122,0.5070,23411,0
medium72_opt,khot,2,123,0.5070,23661,0
medium72_opt,khot,2,124,0.5070,23911,0
medium72_opt,khot,2,125,0.5070,24161,0
medium72_opt,khot,2,126,0.5070,24411,0
medium72_opt,khot,2,127,0.5070,24661,0
medium72_opt,khot,2,128,0.5070,24911,0
medium72_opt,khot,2,129,0.5070,25004,0
medium72_opt,khot,2,130,0.5070,25254,0
medium72_opt,khot,2,131,0.5070,25504,0
medium72_opt,khot,2,132,0.5070,25754,0
medium72_opt,khot,2,133,0.5070,26004,0
medium72_opt,khot,2,134,0.5070,26254,0
medium72_opt,khot,2,135,0.5070,26504,0
medium72_opt,khot,2,136,0.5070,26754,0
medium72_opt,khot,2,137,0.5070,26965,0
medium72_opt,khot,2,138,0.5070,27215,0
medium72_opt,khot,2,139,0.5070,27465,0
medium72_opt,khot,2,140,0.5070,27715,0
medium72_opt,khot,2,141,0.5070,27965,0
medium72_opt,khot,2,142,0.5070,28215,0
medium72_opt,khot,2,143,0.5070,28465,0
medium72_opt,khot,2,144,0.5070,28715,0
medium72_opt,khot,2,145,0.5070,28965,0
medium72_opt,khot,2,146,0.5070,29151,0
medium72_opt,khot,2,147,0.5070,29401,0
medium72_opt,khot,2,148,0.5070,29651,0
medium72_opt,khot,2,149,0.5070,29901,0
medium72_opt,khot,2,150,0.5070,30069,0
medium72_opt,khot,2,151,0.5070,30319,0
medium72_opt,khot,2,152,0.5070,30569,0
medium72_opt,khot,2,153,0.5070,30819,0
medium72_opt,khot,2,154,0.5070,31069,0
medium72_opt,khot,2,155,0.5070,31319,0
medium72_opt,khot,2,156,0.5070,31569,0
medium72_opt,khot,2,157,0.4930,31744,0
medium72_opt,khot,2,158,0.4930,31994,0
medium72_opt,khot,2,159,0.4930,32244,0
medium72_opt,khot,2,160,0.4930,32494,0
medium72_opt,khot,2,161,0.4930,32744,0
medium72_opt,khot,2,162,0.4930,32994,0
medium72_opt,khot,2,163,0.4930,33244,0
medium72_opt,khot,2,164,0.4930,33494,0
medium72_opt,khot,2,165,0.4930,33744,0
medium72_opt,khot,2,166,0.4930,33892,0
medium72_opt,khot,2,167,0.4930,34142,0
medium72_opt,khot,2,168,0.4930,34392,0
medium72_opt,khot,2,169,0.4930,34642,0
medium72_opt,khot,2,170,0.4930,34892,0
medium72_opt,khot,2,171,0.4930,35142,0
medium72_opt,khot,2,172,0.4930,35392,0
medium72_opt,khot,2,173,0.4930,35642,0
medium72_opt,khot,2,174,0.4930,35892,0
medium72_opt,khot,2,175,0.4930,36142,0
medium72_opt,khot,2,176,0.4930,36392,0
medium72_opt,khot,2,177,0.4930,36642,0
medium72_opt,khot,2,178,0.4930,36892,0
medium72_opt,khot,2,179,0.4930,37142,0
medium72_opt,khot,2,180,0.4930,37392,0
medium72_opt,khot,2,181,0.4930,37642,0
medium72_opt,khot,2,182,0.4930,37892,0
medium72_opt,khot,2,183,0.4930,38142,0
medium72_opt,khot,2,184,0.4930,38392,0
medium72_opt,khot,2,185,0.4930,38642,0
medium72_opt,khot,2,186,0.4930,38892,0
medium72_opt,khot,2,187,0.4930,39142,0
medium72_opt,khot,2,188,0.4930,39392,0
medium72_opt,khot,2,189,0.4930,39642,0
medium72_opt,khot,2,190,0.4930,39892,0
medium72_opt,khot,2,191,0.4930,40142,0
medium72_opt,khot,2,192,0.4930,40392,0
medium72_opt,khot,2,193,0.4930,40642,0
medium72_opt,khot,2,194,0.4930,40892,0
medium72_opt,khot,2,195,0.4930,41142,0
medium72_opt,khot,2,196,0.4930,41392,0
medium72_opt,khot,2,197,0.4930,41605,0
medium72_opt,khot,2,198,0.4789,41717,0
medium72_opt,khot,2,199,0.4789,41967,0
medium72_opt,khot,2,200,0.4648,42217,0
medium72_opt,khot,2,201,0.4648,42467,0
medium72_opt,khot,2,202,0.4648,42717,0
medium72_opt,khot,2,203,0.4789,42967,0
medium72_opt,khot,2,204,0.4789,43167,0
medium72_opt,khot,2,205,0.4789,43417,0
medium72_opt,khot,2,206,0.4789,43667,0
medium72_opt,khot,2,207,0.4789,43917,0
medium72_opt,khot,2,208,0.4789,44167,0
medium72_opt,khot,2,209,0.4789,44417,0
medium72_opt,khot,2,210,0.4648,44667,0
medium72_opt,khot,2,211,0.4648,44917,0
medium72_opt,khot,2,212,0.4648,45167,0
medium72_opt,khot,2,213,0.4648,45417,0
medium72_opt,khot,2,214,0.4648,45667,0
medium72_opt,khot,2,215,0.4507,45917,0
medium72_opt,khot,2,216,0.4507,46167,0
medium72_opt,khot,2,217,0.4507,46417,0
medium72_opt,khot,2,218,0.4507,46667,0
medium72_opt,khot,2,219,0.4507,46917,0
medium72_opt,khot,2,220,0.4507,47167,0
medium72_opt,khot,2,221,0.4507,47417,0
medium72_opt,khot,2,222,0.4507,47667,0
medium72_opt,khot,2,223,0.4507,47917,0
medium72_opt,khot,2,224,0.4507,48167,0
medium72_opt,khot,2,225,0.4507,48417,0
medium72_opt,khot,2,226,0.4507,48667,0
medium72_opt,khot,2,227,0.4507,48917,0
medium72_opt,khot,2,228,0.4507,49167,0
medium72_opt,khot,2,229,0.4507,49417,0
medium72_opt,khot,2,230,0.4507,49667,0
medium72_opt,khot,2,231,0.4507,49917,0
medium72_opt,khot,2,232,0.4507,50167,0
medium72_opt,khot,2,233,0.4507,50417,0
medium72_opt,khot,2,234,0.4507,50667,0
medium72_opt,khot,2,235,0.4507,50917,0
medium72_opt,khot,2,236,0.4507,51167,0
medium72_opt,khot,2,237,0.4507,51417,0
medium72_opt,khot,2,238,0.4507,51667,0
medium72_opt,khot,2,239,0.4507,51917,0
medium72_opt,khot,2,240,0.4507,52167,0
medium72_opt,khot,2,241,0.4507,52417,0
medium72_opt,khot,2,242,0.4507,52667,0
medium72_opt,khot,2,243,0.4507,52917,0
medium72_opt,khot,2,244,0.4507,53167,0
medium72_opt,khot,2,245,0.4507,53417,0
medium72_opt,khot,2,246,0.4507,53667,0
medium72_opt,khot,2,247,0.4507,53917,0
medium72_opt,khot,2,248,0.4507,54167,0
medium72_opt,khot,2,249,0.4507,54417,0
medium72_opt,khot,2,250,0.4507,54667,0
medium72_opt,khot,2,251,0.4507,54917,0
medium72_opt,khot,2,252,0.4507,55167,0
medium72_opt,khot,2,253,0.4507,55417,0
medium72_opt,khot,2,254,0.4507,55667,0
medium72_opt,khot,2,255,0.4507,55917,0
medium72_opt,khot,2,256,0.4507,56167,0
medium72_opt,khot,2,257,0.4507,56417,0
medium72_opt,khot,2,258,0.4507,56667,0
medium72_opt,khot,2,259,0.4507,56917,0
medium72_opt,khot,2,260,0.4507,57167,0
medium72_opt,khot,2,261,0.4507,57417,0
medium72_opt,khot,2,262,0.4507,57667,0
medium72_opt,khot,2,263,0.4507,57917,0
medium72_opt,khot,2,264,0.4507,58167,0
medium72_opt,khot,2,265,0.4507,58417,0
medium72_opt,khot,2,266,0.4507,58667,0
medium72_opt,khot,2,267,0.4507,58917,0
medium72_opt,khot,2,268,0.4507,59167,0
medium72_opt,khot,2,269,0.4507,59417,0
medium72_opt,khot,2,270,0.4507,59667,0
medium72_opt,khot,2,271,0.4507,59917,0
medium72_opt,khot,2,272,0.4507,60167,0
medium72_opt,khot,2,273,0.4507,60417,0
medium72_opt,khot,2,274,0.4507,60667,0
medium72_opt,khot,2,275,0.4507,60917,0
medium72_opt,khot,2,276,0.4507,61167,0
medium72_opt,khot,2,277,0.4507,61417,0
medium72_opt,khot,2,278,0.4507,61667,0
medium72_opt,khot,2,279,0.4507,61917,0
medium72_opt,khot,2,280,0.4507,62167,0
medium72_opt,khot,2,281,0.4507,62417,0
medium72_opt,khot,2,282,0.4507,62667,0
medium72_opt,khot,2,283,0.4507,62917,0
medium72_opt,khot,2,284,0.4507,63167,0
medium72_opt,khot,2,285,0.4507,63417,0
medium72_opt,khot,2,286,0.4507,63667,0
medium72_opt,khot,2,287,0.4507,63917,0
medium72_opt,khot,2,288,0.4507,64167,0
medium72_opt,khot,2,289,0.4507,64417,0
medium72_opt,khot,2,290,0.4507,64667,0
medium72_opt,khot,2,291,0.4507,64917,0
medium72_opt,khot,2,292,0.4507,65167,0
medium72_opt,khot,2,293,0.4507,65417,0
medium72_opt,khot,2,294,0.4507,65667,0
medium72_opt,khot,2,295,0.4507,65917,0
medium72_opt,khot,2,296,0.4507,66167,0
medium72_opt,khot,2,297,0.4507,66417,0
medium72_opt,khot,2,298,0.4507,66667,0
medium72_opt,khot,2,299,0.4507,66917,0
medium72_opt,khot,2,300,0.4648,67167,0
medium72_opt,khot,2,301,0.4648,67417,0
medium72_opt,khot,2,302,0.4648,67667,0
medium72_opt,khot,2,303,0.4648,67917,0
medium72_opt,khot,2,304,0.4648,68167,0
medium72_opt,khot,2,305,0.4648,68417,0
medium72_opt,khot,2,306,0.4648,68667,0
medium72_opt,khot,2,307,0.4648,68917,0
medium72_opt,khot,2,308,0.4648,69167,0
medium72_opt,khot,2,309,0.4648,69417,0
medium72_opt,khot,2,310,0.4648,69667,0
medium72_opt,khot,2,311,0.4648,69917,0
medium72_opt,khot,2,312,0.4648,70167,0
medium72_opt,khot,2,313,0.4648,70417,0
medium72_opt,khot,2,314,0.4648,70667,0
medium72_opt,khot,2,315,0.4648,70917,0
medium72_opt,khot,2,316,0.4648,71167,0
medium72_opt,khot,2,317,0.4648,71417,0
medium72_opt,khot,2,318,0.4648,71667,0
medium72_opt,khot,2,319,0.4648,71917,0
medium72_opt,khot,2,320,0.4648,72167,0
medium72_opt,khot,2,321,0.4648,72417,0
medium72_opt,khot,2,322,0.4648,72667,0
medium72_opt,khot,2,323,0.4648,72917,0
medium72_opt,khot,2,324,0.4648,73167,0
medium72_opt,khot,2,325,0.4648,73417,0
medium72_opt,khot,2,326,0.4648,73667,0
medium72_opt,khot,2,327,0.4648,73917,0
medium72_opt,khot,2,328,0.4648,74167,0
medium72_opt,khot,2,329,0.4648,74417,0
medium72_opt,khot,2,330,0.4648,74667,0
medium72_opt,khot,2,331,0.4648,74917,0
medium72_opt,khot,2,332,0.4648,75167,0
medium72_opt,khot,2,333,0.4648,75417,0
medium72_opt,khot,2,334,0.4648,75667,0
medium72_opt,khot,2,335,0.4648,75917,0
medium72_opt,khot,2,336,0.4648,76167,0
medium72_opt,khot,2,337,0.4648,76417,0
medium72_opt,khot,2,338,0.4648,76667,0
medium72_opt,khot,2,339,0.4648,76917,0
medium72_opt,khot,2,340,0.4648,77167,0
medium72_opt,khot,2,341,0.4648,77417,0
medium72_opt,khot,2,342,0.4648,77667,0
medium72_opt,khot,2,343,0.4648,77917,0
medium72_opt,khot,2,344,0.4648,78167,0
medium72_opt,khot,2,345,0.4648,78417,0
medium72_opt,khot,2,346,0.4648,78667,0
medium72_opt,khot,2,347,0.4648,78917,0
medium72_opt,khot,2,348,0.4648,79167,0
medium72_opt,khot,2,349,0.4648,79417,0
medium72_opt,khot,2,350,0.4648,79667,0
medium72_opt,khot,2,351,0.4648,79917,0
medium72_opt,khot,2,352,0.4648,80167,0
medium72_opt,khot,2,353,0.4648,80417,0
medium72_opt,khot,2,354,0.4648,80667,0
medium72_opt,khot,2,355,0.4648,80917,0
medium72_opt,khot,2,356,0.4648,81167,0
medium72_opt,khot,2,357,0.4648,81417,0
medium72_opt,khot,2,358,0.4648,81667,0
medium72_opt,khot,2,359,0.4648,81917,0
medium72_opt,khot,2,360,0.4648,82167,0
medium72_opt,khot,2,361,0.4648,82417,0
medium72_opt,khot,2,362,0.4648,82667,0
medium72_opt,khot,2,363,0.4648,82917,0
medium72_opt,khot,2,364,0.4648,83167,0
medium72_opt,khot,2,365,0.4648,83417,0
medium72_opt,khot,2,366,0.4648,83667,0
medium72_opt,khot,2,367,0.4648,83917,0
medium72_opt,khot,2,368,0.4648,84167,0
medium72_opt,khot,2,369,0.4648,84417,0
medium72_opt,khot,2,370,0.4648,84667,0
medium72_opt,khot,2,371,0.4648,84917,0
medium72_opt,khot,2,372,0.4648,85167,0
medium72_opt,khot,2,373,0.4648,85417,0
medium72_opt,khot,2,374,0.4648,85667,0
medium72_opt,khot,2,375,0.4648,85917,0
medium72_opt,khot,2,376,0.4648,86167,0
medium72_opt,khot,2,377,0.4648,86417,0
medium72_opt,khot,2,378,0.4648,86667,0
medium72_opt,khot,2,379,0.4648,86917,0
medium72_opt,khot,2,380,0.4648,87167,0
medium72_opt,khot,2,381,0.4648,87417,0
medium72_opt,khot,2,382,0.4648,87667,0
medium72_opt,khot,2,383,0.4648,87917,0
medium72_opt,khot,2,384,0.4648,88167,0
medium72_opt,khot,2,385,0.4648,88417,0
medium72_opt,khot,2,386,0.4648,88667,0
medium72_opt,khot,2,387,0.4648,88917,0
medium72_opt,khot,2,388,0.4648,89167,0
medium72_opt,khot,2,389,0.4648,89417,0
medium72_opt,khot,2,390,0.4648,89667,0
medium72_opt,khot,2,391,0.4648,89917,0
medium72_opt,khot,2,392,0.4648,90167,0
medium72_opt,khot,2,393,0.4648,90417,0
medium72_opt,khot,2,394,0.4648,90667,0
medium72_opt,khot,2,395,0.4648,90917,0
medium72_opt,khot,2,396,0.4648,91167,0
medium72_opt,khot,2,397,0.4648,91417,0
medium72_opt,khot,2,398,0.4648,91667,0
medium72_opt,khot,2,399,0.4648,91917,0
