maze,n_states,kc_frac,seed,family,cos_mean,cos_p99,eig_min,eig_max,eff_rank_frac,slow_frac,kc_used_frac,top1pct_kc_share,empty_codes,mse_ep10,mse_ep50,mse_final,mean_active
19x13,113,0.05,0,REAL,0.062027350063551485,0.3331594201273478,0.18151015346688065,8.032780033364268,0.5514022388523729,0.0,0.8895112999806838,0.028701276000699178,0,0.0066691161970444,1.5221788616492084e-07,9.868269250015968e-13,253.141592920354
19x13,113,0.05,0,RAND_UNIFORM,0.04855628862768293,0.08139534883720934,0.6940532945917082,6.451930933197444,0.778493957031276,0.0,0.9961367587405834,0.021534696731340675,0,1.5836164886382385e-05,9.635924337458241e-23,2.3452031889175545e-32,253.141592920354
19x13,113,0.05,0,RAND_USAGE,0.06947463313027924,0.10852713178294576,0.64401307638321,8.800605949762803,0.6376173589733034,0.0,0.8541626424570214,0.03418982695332984,0,2.7944022192088335e-05,2.819114351027093e-21,2.0397813782678263e-32,253.141592920354
19x13,113,0.05,0,WIRING_SHUF,0.06274030787922177,0.2327644260284724,0.18446248417670913,8.068171104585593,0.577357648117755,0.0,0.8622754491017964,0.03355578884223155,0,0.005266257506444894,8.088862393596221e-08,4.783305170085039e-13,236.0353982300885
19x13,113,0.05,1,REAL,0.06459893802163823,0.37209302325581406,0.1533401275981323,8.34663547258879,0.5180165765108204,0.0,0.8748309831949005,0.029163495468068915,0,0.007315630641829991,1.7660776337240481e-07,8.948507078083974e-12,255.8053097345133
19x13,113,0.05,1,RAND_UNIFORM,0.049658624246896085,0.08139534883720932,0.7019429248688167,6.569946670677514,0.7714339688352029,0.0,0.996523082866525,0.022313706496921056,0,1.305584047589491e-05,1.4919741389384143e-22,1.7888991766626927e-32,255.8053097345133
19x13,113,0.05,1,RAND_USAGE,0.07202629846979684,0.11240310077519383,0.6399676131833486,9.0827833550869,0.621211539673238,0.0,0.8421865945528298,0.03428353974953297,0,2.1314915532711624e-05,3.952458596395435e-21,1.4834773660129648e-32,255.8053097345133
19x13,113,0.05,1,WIRING_SHUF,0.06298942262125506,0.23792928589973575,0.1732648302530686,8.109234316714746,0.5699836042019705,0.0,0.8555147768978173,0.034275337646124164,0,0.005717228298954849,1.4727421616271076e-07,9.544329141627783e-13,233.9203539823009
19x13,113,0.05,2,REAL,0.06177845630198975,0.33333333333333337,0.1822570429504664,8.002551242673427,0.5529282166115022,0.0,0.8951129998068379,0.02786474639949906,0,0.01058488627591038,8.680161492886188e-08,9.245018557765838e-14,254.38938053097345
19x13,113,0.05,2,RAND_UNIFORM,0.04904266498107765,0.08139534883720932,0.7040739796065398,6.500886298810757,0.7756935687339637,0.0,0.9972957311184083,0.022437904404091005,0,1.0277976219059076e-05,3.5781705337445506e-23,1.8216229420894494e-32,254.38938053097345
19x13,113,0.05,2,RAND_USAGE,0.06924152093215898,0.10852713178294576,0.6576758895073018,8.772104459329231,0.6387994146455538,0.0,0.8601506664091173,0.033813400125234816,0,1.944377236241409e-05,2.2775471568017296e-21,1.385306069732695e-32,254.38938053097345
19x13,113,0.05,2,WIRING_SHUF,0.06312471323608376,0.23261263894771284,0.1689128267687619,8.113211125790137,0.5773811586507919,0.0,0.8595711802202047,0.0328293250290774,0,0.012366926870506553,7.753784940857506e-07,1.3909635418788377e-11,235.86725663716814
19x13,113,0.05,3,REAL,0.06177365827305674,0.33333333333333337,0.19836440023177426,8.047209288184389,0.5594938618301031,0.0,0.8868070310990921,0.028962667227008475,0,0.009054478084967737,9.137198146931377e-08,1.6557378772673916e-13,252.69026548672565
19x13,113,0.05,3,RAND_UNIFORM,0.048604371294691424,0.08139534883720932,0.7028164747537008,6.4590607465595244,0.7777973740934804,0.0,0.9978752173073209,0.022028437346781535,0,1.2272232362650692e-05,7.045047419922072e-23,1.614372427719991e-32,252.69026548672565
19x13,113,0.05,3,RAND_USAGE,0.06928298114221623,0.10852713178294576,0.6475120215670582,8.78227137892112,0.6382006187432031,0.0,0.8531968321421672,0.03421587168172585,0,1.59547355180387e-05,1.711607668909129e-21,1.8543467075162057e-32,252.69026548672565
19x13,113,0.05,3,WIRING_SHUF,0.061701100719634694,0.22869130016392872,0.18364883463364687,7.940252166523779,0.5888956865310688,0.0,0.8642070697315047,0.03249719206289779,0,0.007065399930292754,6.73297634632512e-08,1.1583032341116677e-13,236.3716814159292
19x13,113,0.05,4,REAL,0.061066412441031365,0.30815872478036693,0.15860779101258835,7.8947525031986,0.5634868665187536,0.0,0.8852617345953255,0.02635310392529829,0,0.007475492233532476,8.58985152341883e-07,3.757082250971024e-11,255.8849557522124
19x13,113,0.05,4,RAND_UNIFORM,0.04937291428742386,0.08139534883720932,0.6892143610966561,6.536511464760144,0.7737410326472491,0.0,0.9953641104887,0.022272177070724538,0,6.750624499467994e-06,4.336428142712673e-23,1.079884259082967e-32,255.8849557522124
19x13,113,0.05,4,RAND_USAGE,0.0685036810838,0.1081086963506901,0.6506627690271065,8.682362928846537,0.6442945791207833,0.0,0.8530036700791964,0.031713643437662115,0,1.873084827321769e-05,3.48501334970339e-21,1.472569444204046e-32,255.8849557522124
19x13,113,0.05,4,WIRING_SHUF,0.06211385208743096,0.23400522387682193,0.16957852642440813,7.996047548907002,0.586630173033823,0.0,0.8705814178095422,0.03308796193025504,0,0.007032460806277613,2.6557069237330403e-07,4.741033213452736e-12,238.0353982300885
19x13,113,0.02,0,REAL,0.033451208338524066,0.3009708737864077,0.21177846687539026,4.905929174423141,0.6714097752867826,0.0,0.6743287618311764,0.04697813973424775,0,0.004739431771007175,2.9026051303400724e-08,3.5457047891521556e-14,103.23008849557522
19x13,113,0.02,0,RAND_UNIFORM,0.019642294589335474,0.05825242718446602,0.7372750311095065,3.2089695951345094,0.9404092031464838,0.0,0.9030326443886421,0.030690098585512218,0,8.849400568778542e-06,1.2634963807881206e-23,1.461661522395127e-32,103.23008849557522
19x13,113,0.02,0,RAND_USAGE,0.04185725631013796,0.08737864077669905,0.620416794435137,5.7064939616999375,0.8080625051598895,0.0,0.5945528298242225,0.05906558079725675,0,1.6550516262503537e-05,3.0812337033879156e-21,1.461661522395127e-32,103.23008849557522
19x13,113,0.02,0,WIRING_SHUF,0.03689406007095798,0.2318867638464934,0.20134442468380565,5.21932856427207,0.6861734518020339,0.0,0.6138690361213057,0.049746976584612745,0,0.006199777382909385,9.944316787312839e-08,2.0398093452697476e-13,103.17699115044248
19x13,113,0.02,1,REAL,0.03435408765005696,0.349514563106796,0.20278700904904554,4.96981165067473,0.6376743242059766,0.0,0.6559783658489473,0.04739824832560536,0,0.004308129465313595,3.817068578874689e-08,6.185115026476115e-14,103.06194690265487
19x13,113,0.02,1,RAND_UNIFORM,0.019914611285665153,0.05825242718446603,0.7218515943214207,3.2398599695310155,0.9383498498838272,0.0,0.8962719721846629,0.030224969946762836,0,7.2945475747001585e-06,2.4958025736439978e-23,2.0506893000767452e-32,103.06194690265487
19x13,113,0.02,1,RAND_USAGE,0.04293530090610618,0.09661948493603893,0.6158320703578783,5.828864040038042,0.8006744601001153,0.0,0.5779408924087309,0.0592478104070067,0,2.5808629396369818e-05,5.730704089922961e-21,2.2470318926372847e-32,103.06194690265487
19x13,113,0.02,1,WIRING_SHUF,0.036945026674326815,0.22330097087378636,0.1859895470727479,5.241053873681542,0.6838555876211033,0.0,0.6146416843731891,0.05080672845863371,0,0.004338442870277541,4.744658409945857e-08,1.207753497661436e-13,103.11504424778761
19x13,113,0.02,2,REAL,0.0329741410509984,0.31884430028892846,0.20368831060878437,4.846231313632721,0.6728221638404732,0.0,0.6776125169016806,0.046000686577411604,0,0.0047473231083071015,2.5190856804662583e-08,3.271246842476483e-14,103.11504424778761
19x13,113,0.02,2,RAND_UNIFORM,0.019986432662203884,0.05825242718446603,0.7159127479080316,3.2498085970627946,0.9381505477017478,0.0,0.8962719721846629,0.03132509440439409,0,4.683010470544738e-06,1.685658407250766e-24,1.4834773660129648e-32,103.11504424778761
19x13,113,0.02,2,RAND_USAGE,0.040779076988021884,0.08737864077669903,0.6089349702417275,5.587413732717166,0.8145668120945081,0.0,0.595132316013135,0.054497082046000685,0,1.9315788975600032e-05,3.401940854499419e-21,1.6034645059110721e-32,103.11504424778761
19x13,113,0.02,2,WIRING_SHUF,0.03615990710406784,0.22330097087378636,0.2102795933172731,5.13727656827419,0.6961878646714128,0.0,0.6233339772068766,0.050518912428167084,0,0.004589596448189736,6.223022910493633e-09,6.403574776171971e-15,103.17699115044248
19x13,113,0.02,3,REAL,0.03203867368298052,0.3106796116504854,0.22671854546131667,4.698938738253188,0.6900909156064013,0.0,0.6760672203979139,0.04301536876448871,0,0.0040486723074199425,8.948156514908179e-09,3.4712034667604735e-15,103.070796460177
19x13,113,0.02,3,RAND_UNIFORM,0.01969443022691195,0.05825242718446603,0.703739051006982,3.215433985177685,0.9394130228460397,0.0,0.8985899169403129,0.030222374860479094,0,6.125064336150571e-06,3.567483296362895e-23,1.4398456787772893e-32,103.070796460177
19x13,113,0.02,3,RAND_USAGE,0.039785485340535075,0.08737864077669903,0.5960473448639517,5.468721794129661,0.821786658507272,0.0,0.6016998261541433,0.05632351678543831,0,3.072463497201972e-05,3.819411100705178e-20,1.9525180037964756e-32,103.070796460177
19x13,113,0.02,3,WIRING_SHUF,0.03561794592640935,0.22301040888314375,0.21681838216681293,5.065316877882665,0.7053846351280146,0.0,0.6275835425922349,0.0492534752016475,0,0.0036533222407075165,2.2938019800442128e-08,1.8236346043799894e-14,103.13274336283186
19x13,113,0.02,4,REAL,0.03153368441973133,0.29126213592233,0.1743266363731909,4.667016208514271,0.6864877786908355,0.0,0.681668920224068,0.042814242814242814,0,0.008515238707977083,4.552415353915016e-07,4.934879891430847e-12,103.14159292035399
19x13,113,0.02,4,RAND_UNIFORM,0.01992519669179314,0.05825242718446603,0.721312553609606,3.243342685956324,0.9383989587518948,0.0,0.9003283755070504,0.03088803088803089,0,4.938486138196209e-06,7.877926617106487e-24,1.5489248968664778e-32,103.14159292035399
19x13,113,0.02,4,RAND_USAGE,0.039960365204009196,0.08737864077669903,0.6185867040011224,5.4930691578507,0.8201418154100046,0.0,0.6038246088468224,0.05542685542685543,0,2.5918507961633505e-05,1.0463245329584727e-20,1.9416100819875567e-32,103.14159292035399
19x13,113,0.02,4,WIRING_SHUF,0.035175939221454657,0.22222481535288954,0.19817599292793214,4.996268570675236,0.7033991783226456,0.0,0.6258450840254974,0.04614065180102916,0,0.003854594706749166,3.9734495677134595e-09,7.464526902472659e-15,103.1858407079646
19x13,113,0.01,0,REAL,0.022453344172747632,0.2941176470588235,0.21928735292977528,3.8094388638432033,0.714404604679961,0.0,0.4633957890670272,0.07103257103257103,0,0.003780625737638336,7.921445694147338e-09,2.7442145742048724e-15,51.07964601769911
19x13,113,0.01,0,RAND_UNIFORM,0.009897394196724094,0.05882352941176469,0.728370771188167,2.134051299451201,0.9684824256962845,0.0,0.6722039791384972,0.04158004158004158,0,7.290297297733893e-06,1.9461876007227585e-23,1.1671476335543178e-32,51.07964601769911
19x13,113,0.01,0,RAND_USAGE,0.030927737211707086,0.0980392156862745,0.5550242169975367,4.499483443735999,0.8543302565411386,0.0,0.37492756422638596,0.08731808731808732,0,3.400702160228662e-05,1.9423667582090178e-19,1.7016358021913417e-32,51.07964601769911
19x13,113,0.01,0,WIRING_SHUF,0.02618317640649229,0.21568627450980388,0.21805578251941576,4.05762346674432,0.7308955023022948,0.0,0.39327796020861505,0.07368238557558945,0,0.004710469537778954,1.8183172297836226e-08,1.2420722907808314e-14,51.04424778761062
19x13,113,0.01,1,REAL,0.023101790401828973,0.3333333333333332,0.22817683093928276,3.771057577459155,0.6821738013700747,0.0,0.4535445238555148,0.0703883495145631,0,0.004400941260809294,6.354772334416346e-09,2.3385835011978368e-15,51.04424778761062
19x13,113,0.01,1,RAND_UNIFORM,0.009798250712468398,0.05882352941176469,0.7189552447317998,2.1222032694745083,0.9691820378897308,0.0,0.6785783272165347,0.041435506241331486,0,9.340364906845653e-06,2.799092751734521e-23,1.1235159463186423e-32,51.04424778761062
19x13,113,0.01,1,RAND_USAGE,0.03168376437678047,0.0980392156862745,0.546174993863572,4.591917072901479,0.8491310518333042,0.0,0.3718369712188526,0.08980582524271845,0,3.0081358592015286e-05,2.0062309225405294e-19,1.1998713989810743e-32,51.04424778761062
19x13,113,0.01,1,WIRING_SHUF,0.02656068933481867,0.21568627450980388,0.2183588651102064,4.08361431368038,0.7219424010380863,0.0,0.39327796020861505,0.07415107415107415,0,0.0035244707696308877,5.164727226307561e-09,1.8857552824011216e-15,51.07964601769911
19x13,113,0.01,2,REAL,0.02137596747481379,0.3280392156862658,0.20894568910885575,3.6216114925439733,0.7197346543115308,0.0,0.4715085957118022,0.06671287471841969,0,0.004868763185399322,1.4715180793532645e-08,6.6777215650196826e-15,51.07079646017699
19x13,113,0.01,2,RAND_UNIFORM,0.009607476745898581,0.05882352941176469,0.7247404361171886,2.09537321222973,0.9698502870401569,0.0,0.6830210546648638,0.040374285219199446,0,5.990730079603741e-06,3.971024092292261e-24,1.308950617070263e-32,51.07079646017699
19x13,113,0.01,2,RAND_USAGE,0.02988595388591792,0.0980392156862745,0.5673993026773043,4.401308726030268,0.8591423625703478,0.0,0.3901873672010817,0.08854617917172067,0,5.6925783331399665e-05,1.3890876166029985e-18,1.5052932096308023e-32,51.07079646017699
19x13,113,0.01,2,WIRING_SHUF,0.026089514658431873,0.23529411764705874,0.2013049173309849,4.025842359989642,0.7320841269817904,0.0,0.40061811860150665,0.07748309932397296,0,0.0047662639863660546,4.662313281381717e-09,1.0559480166543509e-15,51.05309734513274
19x13,113,0.01,3,REAL,0.021199597573007944,0.29411764705882343,0.23031957254344304,3.5139123891145383,0.7417987860534745,0.0,0.47015646127100635,0.0677877947295423,0,0.0027202252953455156,9.989291966014522e-09,3.392327485083924e-15,51.04424778761062
19x13,113,0.01,3,RAND_UNIFORM,0.009557023934592747,0.05882352941176469,0.719387355081018,2.089273344687041,0.9699116326854365,0.0,0.677033030712768,0.03900832177531206,0,3.984891335299364e-06,1.1182144638716941e-24,1.1671476335543178e-32,51.04424778761062
19x13,113,0.01,3,RAND_USAGE,0.030210963605650582,0.0980392156862745,0.5594682515973666,4.425946993717694,0.8571956287417631,0.0,0.38265404674521925,0.08876560332871013,0,3.233055605198687e-05,2.297465168733254e-19,1.3525823043059383e-32,51.04424778761062
19x13,113,0.01,3,WIRING_SHUF,0.025349753771373752,0.21568627450980388,0.2146844940464931,3.964121928325512,0.7308623922528699,0.0,0.3961753911531775,0.07261698440207973,0,0.0026482040598611173,3.4592430253289328e-09,2.2239262542711782e-15,51.06194690265487
19x13,113,0.01,4,REAL,0.020890684410584517,0.27450980392156854,0.20783138117401112,3.5516936010808156,0.7340630955265569,0.0,0.47479235078230636,0.06597402597402598,0,0.004580793324451816,3.9168816051461353e-08,6.389792334071299e-14,51.10619469026549
19x13,113,0.01,4,RAND_UNIFORM,0.010052388058309877,0.05882352941176469,0.7324091681052086,2.1430655078119862,0.9673890290170488,0.0,0.6667954413753139,0.04242424242424243,0,8.351782442524644e-06,2.3415228326471932e-23,1.0362525718472915e-32,51.10619469026549
19x13,113,0.01,4,RAND_USAGE,0.02972649027926916,0.0980392156862745,0.5691155391210719,4.371383657685724,0.8622300306058484,0.0,0.3882557465713734,0.08467532467532468,0,3.400692144298548e-05,2.365296383996798e-19,1.538016975057559e-32,51.10619469026549
19x13,113,0.01,4,WIRING_SHUF,0.024489547182458656,0.21568627450980385,0.23776536221076075,3.825237247801506,0.7518759166344369,0.0,0.4040950357349816,0.06963450545643513,0,0.0018169762725491403,9.648495706350323e-10,1.2112500208129863e-16,51.08849557522124
25x17,202,0.05,0,REAL,0.06215979615323284,0.3326892103482027,0.10744722187200673,13.590932990959097,0.4065330142799332,0.0,0.909986478655592,0.02454430256360269,0,0.024957540103857232,2.1092508901570526e-05,1.3147248216162877e-08,253.93564356435644
25x17,202,0.05,0,RAND_UNIFORM,0.04877766100507442,0.08139534883720934,0.6194115478838309,10.821734650632024,0.6600664689199611,0.0,1.0,0.01869577931572278,0,3.344224237913093e-05,3.203512665108576e-20,2.4773942413345513e-32,253.93564356435644
25x17,202,0.05,0,RAND_USAGE,0.06664381125784047,0.10465116279069771,0.5732295310520615,14.42249033557915,0.5151720214644943,0.0,0.8929882171141588,0.02891119992201969,0,5.882218392524178e-05,5.641555142766855e-19,3.520828761699596e-32,253.93564356435644
25x17,202,0.05,0,WIRING_SHUF,0.06276447441672714,0.23210057036464243,0.05815491996952347,13.66134556994276,0.4310394662512877,0.054455445544554455,0.8754104693838131,0.031269754309073285,0,0.04575635796133504,0.0003716963260914818,3.827173533880892e-06,234.94059405940595
25x17,202,0.05,1,REAL,0.06297120160125612,0.34108527131782945,0.10096032160142933,13.783101153655178,0.39698516527431893,0.0,0.9074753718369712,0.025307134829283418,0,0.030954329728886412,4.1115475593703066e-05,4.6253018974040505e-08,255.47524752475246
25x17,202,0.05,1,RAND_UNIFORM,0.0493431429055597,0.08139534883720932,0.6271778403663697,10.929593335127409,0.6556178575444541,0.0,1.0,0.019145060651862188,0,2.5876453013635997e-05,7.441113873594117e-21,2.1845003408812054e-32,255.47524752475246
25x17,202,0.05,1,RAND_USAGE,0.06707323341123599,0.10465116279069771,0.5561531570503702,14.504788315274968,0.5122762896965019,0.0,0.893954027429013,0.02838817191799403,0,5.744649912425805e-05,1.2562165366336729e-18,3.734397230780161e-32,255.47524752475246
25x17,202,0.05,1,WIRING_SHUF,0.06403159969527324,0.23387533229166135,0.05384256565779043,13.916226345941165,0.4238825448728109,0.054455445544554455,0.870774579872513,0.0323656990323657,0,0.03152081597699825,0.00039401954039140427,6.487335884237185e-06,237.3861386138614
25x17,202,0.05,2,REAL,0.06255691793204568,0.3410852713178295,0.10265789985523655,13.675349361811083,0.4020747489869639,0.0,0.9128839096001545,0.025265776533924166,0,0.0267287901874166,2.0345804380004166e-05,1.6680915692320528e-08,254.71782178217822
25x17,202,0.05,2,RAND_UNIFORM,0.04912330749070367,0.08139534883720932,0.6266249391579727,10.885639188590105,0.6576700594713412,0.0,0.9998068379370292,0.018852156336851108,0,3.12901408581717e-05,7.150684976540854e-21,2.0136455656167534e-32,254.71782178217822
25x17,202,0.05,2,RAND_USAGE,0.06632481824943813,0.10356162766686668,0.5775153546609906,14.35596449303429,0.517917258576949,0.0,0.8960788101216921,0.02893903173770237,0,5.6902542550411436e-05,7.7165583502202565e-19,3.1180996485762456e-32,254.71782178217822
25x17,202,0.05,2,WIRING_SHUF,0.0623500595349061,0.2317092315271065,0.05088949708522944,13.577046168476983,0.4360812040753361,0.04950495049504951,0.873092524628163,0.030421693088275543,0,0.03989111575855483,0.000568833697635212,1.451962112011961e-05,235.14356435643563
25x17,202,0.05,3,REAL,0.061875324683946756,0.32945736434108536,0.10378908763314906,13.586380685333928,0.4145727664785453,0.0,0.9090206683407379,0.02536543422184007,0,0.02925304259138205,6.567527392500782e-05,9.223485006637836e-08,253.32673267326732
25x17,202,0.05,3,RAND_UNIFORM,0.048737063486644264,0.08139534883720932,0.6247409165603196,10.817291137266313,0.6602415259289989,0.0,1.0,0.01854529820995857,0,2.9452163235562462e-05,1.8259420390300563e-20,2.672656841636782e-32,253.32673267326732
25x17,202,0.05,3,RAND_USAGE,0.06594735856000691,0.10444893813257529,0.576955193125601,14.28785109764335,0.5200462776147456,0.0,0.8958856480587213,0.028394434456343313,0,3.945796399031226e-05,4.47802075753231e-19,3.0143663921656855e-32,253.32673267326732
25x17,202,0.05,3,WIRING_SHUF,0.06354518479243979,0.2362497692874473,0.04788193068113035,13.825306597302184,0.42811344146790814,0.04950495049504951,0.8771489279505505,0.03116710875331565,0,0.04570305438698466,0.002152921285691477,9.896385399497692e-05,238.8910891089109
25x17,202,0.05,4,REAL,0.06185056078697271,0.3288207311581074,0.10954694366753884,13.528617699501215,0.40712039460445476,0.0,0.9067027235850879,0.024068700952232586,0,0.034057636329779865,2.872389290825124e-05,1.605285314774837e-08,254.22277227722773
25x17,202,0.05,4,RAND_UNIFORM,0.04892799027149799,0.08139534883720932,0.6261644809819293,10.854582346352391,0.6588192381388008,0.0,1.0,0.018986232547270852,0,2.806201826520075e-05,2.84281397076546e-20,2.5628216289667773e-32,254.22277227722773
25x17,202,0.05,4,RAND_USAGE,0.06610591343866545,0.10435769022897287,0.5762084900434008,14.319270173168015,0.5189459422084711,0.0,0.8912497585474213,0.028489085350417696,0,3.8864661492199225e-05,4.1028157846040475e-19,2.91673509201457e-32,254.22277227722773
25x17,202,0.05,4,WIRING_SHUF,0.06254805818168478,0.23495009900627695,0.05507876771558173,13.62007848938947,0.4333595706111606,0.054455445544554455,0.8725130384392505,0.031086110641177465,0,0.056399710952763776,0.0006571868547238465,1.240391816790678e-05,234.0990099009901
25x17,202,0.02,0,REAL,0.032708377306847024,0.30097087378640774,0.13753249542822457,7.733172269938791,0.5412141695778356,0.0,0.7452192389414719,0.03939917458489298,0,0.017797967825983193,3.7116894766234047e-06,2.668802486257481e-10,103.15841584158416
25x17,202,0.02,0,RAND_UNIFORM,0.019678070011733183,0.05825242718446603,0.6425862519101802,4.964643447853753,0.8970760182089115,0.0,0.9860923314661001,0.024570496208849216,0,1.865944205717844e-05,4.008314175618965e-21,2.0990729532489794e-32,103.15841584158416
25x17,202,0.02,0,RAND_USAGE,0.037443736068426006,0.08737864077669903,0.5392261469892909,8.551906139203961,0.7406161376237929,0.0,0.6971218852617346,0.04760533640464536,0,6.002799464958429e-05,3.621556186440602e-18,2.8191037918634547e-32,103.15841584158416
25x17,202,0.02,0,WIRING_SHUF,0.03615757712717946,0.22330097087378636,0.09214388788489211,8.34665755749198,0.5588898403516905,0.01485148514851485,0.661000579486189,0.04461412860778946,0,0.032315548386405685,0.0001068119532486258,2.024629057287512e-07,103.08415841584159
25x17,202,0.02,1,REAL,0.03321368062195101,0.320388349514563,0.12690794128382205,7.830347544479096,0.521921639118613,0.0,0.7328568669113387,0.03961394410832613,0,0.022153831519076392,1.0051657143483303e-05,2.736214797734708e-09,103.0990099009901
25x17,202,0.02,1,RAND_UNIFORM,0.020096980161600324,0.05825242718446603,0.6415522638493232,5.04873557723972,0.893557789532468,0.0,0.9835812246474792,0.025448958033227696,0,2.0965407897503168e-05,4.574728985166591e-21,2.2943355535512102e-32,103.0990099009901
25x17,202,0.02,1,RAND_USAGE,0.03813054253169983,0.08737864077669903,0.5376322526768724,8.688152323918137,0.7348024033384354,0.0,0.6826347305389222,0.04835302026313262,0,5.4487416544351246e-05,3.232349440938756e-18,3.179119211170693e-32,103.0990099009901
25x17,202,0.02,1,WIRING_SHUF,0.03710197719403783,0.22330097087378636,0.08706915180883402,8.536239041229937,0.552449394811723,0.01485148514851485,0.657523662352714,0.04529516307219367,0,0.04140106675779713,0.00013230636393478688,2.8209707646519653e-07,103.06435643564356
25x17,202,0.02,2,REAL,0.03323473219966819,0.320388349514563,0.1181570934439803,7.835208943313223,0.531119522709413,0.0,0.7376859184856094,0.039925140361821584,0,0.020632741696126375,1.2059720422024327e-05,5.198118722122095e-09,103.16336633663366
25x17,202,0.02,2,RAND_UNIFORM,0.01997232266614259,0.05825242718446603,0.635120221672707,5.024707897662001,0.8945943380724921,0.0,0.9824222522696543,0.026104899467344882,0,1.3472608935492962e-05,7.358889325647873e-22,1.8610966591306358e-32,103.16336633663366
25x17,202,0.02,2,RAND_USAGE,0.0376763845001331,0.08737864077669903,0.5302605281692366,8.598626060495974,0.7382488756207028,0.0,0.6870774579872513,0.04654733912375834,0,6.169044635077404e-05,4.935647245561132e-18,3.215730948727361e-32,103.16336633663366
25x17,202,0.02,2,WIRING_SHUF,0.03614770958203147,0.22330097087378636,0.08314833774584936,8.33920273530362,0.5613011584505778,0.01485148514851485,0.665443306934518,0.043762309650766204,0,0.04570226359191134,0.00022735273470746688,6.976241044728734e-07,103.05445544554455
25x17,202,0.02,3,REAL,0.032403446270227065,0.30097087378640774,0.11692090322837394,7.675941699828888,0.5502024552129876,0.0,0.7459918871933552,0.038505857499519874,0,0.01517997621138418,5.728064995575742e-06,1.171233207182428e-09,103.10891089108911
25x17,202,0.02,3,RAND_UNIFORM,0.019729678166859697,0.05825242718446603,0.6361245765210636,4.974029971463753,0.8967997180580242,0.0,0.987251303843925,0.024006145573266757,0,1.4871550534038122e-05,1.9751420831805484e-21,1.8427907903523017e-32,103.10891089108911
25x17,202,0.02,3,RAND_USAGE,0.03698503951953538,0.08737864077669902,0.5265901263231795,8.457260561793893,0.7460909700735223,0.0,0.6963492370098513,0.04618782408296524,0,6.610261736001692e-05,1.1283065672776404e-17,4.1798400377196246e-32,103.10891089108911
25x17,202,0.02,3,WIRING_SHUF,0.03659185555288028,0.2233009708737864,0.08124408571178542,8.433798886246802,0.5562196040228743,0.01485148514851485,0.6548193934711223,0.04391437895949318,0,0.023111997155226514,6.960146652475184e-05,1.9515053762068289e-07,103.14851485148515
25x17,202,0.02,4,REAL,0.03246189001583681,0.3091823517953246,0.1262839321126943,7.681274657569302,0.5370033880939314,0.0,0.7479235078230636,0.0394294496205936,0,0.024208855957440843,7.3772575581172786e-06,1.0783720492880538e-09,103.07920792079207
25x17,202,0.02,4,RAND_UNIFORM,0.020090286595895353,0.05825242718446603,0.6266761118001547,5.04833156417515,0.8939388224384249,0.0,0.9810701178288584,0.024877533378157717,0,1.3162995180095045e-05,2.1276341514509264e-21,1.8183829653145229e-32,103.07920792079207
25x17,202,0.02,4,RAND_USAGE,0.03695122525672357,0.08737864077669902,0.5372590590496096,8.449489077077237,0.7454402327454169,0.0,0.6936449681282596,0.046057055037940636,0,7.801502156521476e-05,8.090483330099742e-18,2.575025541485667e-32,103.07920792079207
25x17,202,0.02,4,WIRING_SHUF,0.03632945219166622,0.21359223300970873,0.08547411290421407,8.381841681766266,0.5604799240290397,0.01485148514851485,0.6581031485416264,0.044225690276110445,0,0.026030829250909448,5.53672118011846e-05,7.728049996778793e-08,103.0940594059406
25x17,202,0.01,0,REAL,0.021831060378812987,0.29411764705882343,0.15958237878975123,5.686883699331046,0.5922922020265851,0.0,0.5595904964265018,0.05948459600852548,0,0.01085180520584849,3.171141930942967e-07,2.220045691535299e-12,51.0990099009901
25x17,202,0.01,0,RAND_UNIFORM,0.009977838379787262,0.05882352941176469,0.6457273403643602,3.0280846324751645,0.9445356393841355,0.0,0.8586053699053506,0.03293935283859717,0,9.030727184381184e-06,4.984185689454284e-22,1.2997166832617228e-32,51.0990099009901
25x17,202,0.01,0,RAND_USAGE,0.026147250791892816,0.07843137254901959,0.4857762237058287,6.305335264249263,0.8104707885422764,0.0,0.49372223295344797,0.06936640186010463,0,0.00012066014033769944,2.2624172305667004e-16,1.766394297984054e-30,51.0990099009901
25x17,202,0.01,0,WIRING_SHUF,0.025797590858666536,0.21568627450980388,0.10334688042149467,6.291625117179105,0.6079924485507681,0.0,0.44562487927371064,0.06466311197285507,0,0.02697859000889319,3.8878973759863544e-05,4.14143781895909e-08,51.06435643564357
25x17,202,0.01,1,REAL,0.022177693200166722,0.3137254901960783,0.14174775510603452,5.683991705368236,0.572445515286363,0.0,0.5493529070890477,0.06040333527244522,0,0.01208444230800323,1.1510498009499819e-06,1.0628157964109613e-10,51.05940594059406
25x17,202,0.01,1,RAND_UNIFORM,0.009814882752886401,0.05882352941176469,0.6469779588781572,2.992035398415979,0.9459231604016579,0.0,0.866138690361213,0.03218925732014737,0,1.4804406090469387e-05,9.903329375786569e-22,1.3241245082995016e-32,51.05940594059406
25x17,202,0.01,1,RAND_USAGE,0.026485114735365196,0.07843137254901959,0.47808940905081854,6.372866154833582,0.806485046034215,0.0,0.48290515742708134,0.07029280589490014,0,0.00010474318188245522,3.5253475766436687e-16,4.7039370608433306e-30,51.05940594059406
25x17,202,0.01,1,WIRING_SHUF,0.026586350503872463,0.21568627450980388,0.1059035608492739,6.475222088286856,0.599554141855078,0.0,0.4450453930847981,0.06787549694560263,0,0.024303686457331136,2.290436486367455e-05,1.821159755823461e-08,51.054455445544555
25x17,202,0.01,2,REAL,0.021707300304682146,0.31372549019607837,0.14295950147606762,5.593464065999276,0.585831150287198,0.0,0.5592041723005602,0.05834464043419267,0,0.015143653416365161,2.0725765088110846e-06,1.782369199511396e-10,51.07920792079208
25x17,202,0.01,2,RAND_UNIFORM,0.00971075455080606,0.05882352941176469,0.6472745587526441,2.9684249811935883,0.9464120370216053,0.0,0.8667181765501255,0.031207598371777476,0,1.29261702880967e-05,1.2837585542991776e-21,1.0068227828083767e-32,51.07920792079208
25x17,202,0.01,2,RAND_USAGE,0.026204011365603144,0.09617163101410253,0.47399570933895685,6.30758633736823,0.809036043843825,0.0,0.4834846436159938,0.06648575305291723,0,0.00016041868872525506,2.7601729604342878e-16,3.641891573886979e-30,51.07920792079208
25x17,202,0.01,2,WIRING_SHUF,0.025282145431202507,0.23529411764705874,0.09899662941630151,6.222653003109482,0.608827176040564,0.0049504950495049506,0.45566930654819393,0.06379678107426799,0,0.01500202974939556,6.615545080424076e-06,2.9783268148963604e-09,51.05940594059406
25x17,202,0.01,3,REAL,0.021385301429798113,0.29411764705882343,0.13849797049690332,5.53225933532231,0.6072191376498169,0.0,0.5580451999227352,0.05848123363398312,0,0.015184931138341655,4.110295080792363e-06,5.689991868122337e-10,51.04455445544554
25x17,202,0.01,3,RAND_UNIFORM,0.009694840135389038,0.05882352941176469,0.6405827116285782,2.967668939437332,0.9465745393088593,0.0,0.8671045006760673,0.032489574241101736,0,1.461696217135353e-05,1.2477826417969581e-21,1.2447990769267204e-32,51.04455445544554
25x17,202,0.01,3,RAND_USAGE,0.026184160355282135,0.07843137254901959,0.48051225565364053,6.313994019595944,0.809564914486507,0.0,0.48908634344214796,0.0700223062748521,0,0.000163546118188241,3.826822584736727e-16,4.298095950027663e-30,51.04455445544554
25x17,202,0.01,3,WIRING_SHUF,0.025669059657674086,0.21568627450980388,0.10937094626594202,6.2645578212257025,0.6112261369398907,0.0,0.45199922735174813,0.06667312724101172,0,0.015630231821646936,1.0614170509329267e-05,4.677783606268676e-09,51.084158415841586
25x17,202,0.01,4,REAL,0.0216664004789985,0.2912758640177315,0.14691484255936696,5.590810827205759,0.5899526771618275,0.0,0.562874251497006,0.059593023255813955,0,0.012311657703292489,7.961201702213459e-07,2.7442300688929775e-11,51.08910891089109
25x17,202,0.01,4,RAND_UNIFORM,0.009866448851209525,0.05882352941176469,0.6536156926523455,2.9999516995979993,0.9447604113285683,0.0,0.8616959629128839,0.031492248062015504,0,1.8265205947898088e-05,2.6819811397794194e-21,1.3546342895967252e-32,51.08910891089109
25x17,202,0.01,4,RAND_USAGE,0.026750400619503113,0.09709195467257717,0.4743702281539771,6.418769179472834,0.8032443541332425,0.0,0.49082480200888545,0.07354651162790697,0,0.00012760143228542504,1.1393129575648058e-16,1.0369664467300337e-30,51.08910891089109
25x17,202,0.01,4,WIRING_SHUF,0.025519404348425256,0.21568627450980388,0.10611351636525324,6.224451091367335,0.6068905641331214,0.0,0.4446590689588565,0.06525111498933489,0,0.018698705347282317,2.0520647932039012e-05,1.3965950371020976e-08,51.05940594059406
31x21,316,0.05,0,REAL,0.061490752674446064,0.32945736434108536,0.0576962259658151,20.522240844606813,0.30919614005467994,0.05379746835443038,0.9188719335522504,0.0231520922074668,0,0.06226966230949693,0.0006094054673391764,6.5246694680646805e-06,252.59493670886076
31x21,316,0.05,0,RAND_UNIFORM,0.04864018702046851,0.08139534883720932,0.5449724504589322,16.36482685318125,0.5543218300319547,0.0,1.0,0.01691305437233776,0,6.355071830993282e-05,3.022412675157788e-18,5.593485651141866e-32,252.59493670886076
31x21,316,0.05,0,RAND_USAGE,0.06388087639243062,0.10077519379844965,0.48766500626503806,21.187451293922088,0.42327213738749525,0.0,0.9121112613482713,0.02592082184916061,0,9.589266255474732e-05,1.0168170667516538e-16,8.944116177174545e-31,252.59493670886076
31x21,316,0.05,0,WIRING_SHUF,0.06299739222421166,0.23733216913465505,0.013914600194864814,20.90766117654111,0.32499267417730926,0.19936708860759494,0.8752173073208422,0.030482573726541555,0,0.16714181822057655,0.03421233730979316,0.008743241760549435,236.0759493670886
31x21,316,0.05,1,REAL,0.062685819999168,0.3449612403100776,0.06775209882807266,20.876251701077173,0.29839357011596906,0.056962025316455694,0.9140428819779796,0.02304021474374907,0,0.06296202497671481,0.0006560284085216811,6.669815857289619e-06,254.64556962025316
31x21,316,0.05,1,RAND_UNIFORM,0.04921828932828043,0.08139534883720932,0.5472956566744942,16.526389733885853,0.5494242895308198,0.0,1.0,0.017112392503852464,0,8.117503393949539e-05,6.730536718814225e-18,6.66615549358539e-32,254.64556962025316
31x21,316,0.05,1,RAND_USAGE,0.0652390702394196,0.10304828881945301,0.5006050235342411,21.585385322252755,0.41414333861811103,0.0,0.9051574270813212,0.02603519411443058,0,0.00012009377636312094,6.233911898086396e-17,2.974220926775225e-31,254.64556962025316
31x21,316,0.05,1,WIRING_SHUF,0.0633808773935293,0.23362745292393486,0.013932281000516267,21.030081005733777,0.3221155443684579,0.20253164556962025,0.8792737106432297,0.02992522039249261,0,0.15008954141822795,0.033245274268530155,0.00912063061411255,236.56012658227849
31x21,316,0.05,2,REAL,0.062368632416174144,0.34496124031007747,0.06879133685551356,20.78247755999469,0.3009238837689516,0.06329113924050633,0.9204172300560169,0.023095031594597942,0,0.09700990549583138,0.0009593344084467319,8.380807913689223e-06,255.41139240506328
31x21,316,0.05,2,RAND_UNIFORM,0.0493046230707701,0.08139534883720932,0.5480521386649774,16.544204238622342,0.5490000508037186,0.0,1.0,0.0167637219675381,0,7.923613017591813e-05,5.7873164567609696e-18,5.866528883763853e-32,255.41139240506328
31x21,316,0.05,2,RAND_USAGE,0.06465898212578951,0.10077519379844965,0.49269404796286276,21.391681549722698,0.41856943617997333,0.0,0.9113386130963879,0.025820840044604138,0,0.00010410692382639785,5.567105220487356e-17,3.3658429347073332e-31,255.41139240506328
31x21,316,0.05,2,WIRING_SHUF,0.06268334571773777,0.23388386264891092,0.013199369789113104,20.7975949859213,0.32682055824456424,0.1962025316455696,0.8703882557465714,0.029264820435681863,0,0.16548135644956075,0.03417360417449328,0.0084672932292576,235.626582278481
31x21,316,0.05,3,REAL,0.06177264796399773,0.3290180874448291,0.061512060576312366,20.616084361931293,0.30956098467012066,0.06645569620253164,0.9186787714892795,0.02315231523152315,0,0.06440758933106196,0.0005061867009848032,6.059972199773279e-06,253.13924050632912
31x21,316,0.05,3,RAND_UNIFORM,0.0487175146509473,0.08139534883720932,0.542074221777534,16.38099284713363,0.5537904238067048,0.0,1.0,0.01665166516651665,0,4.352359461513424e-05,5.341449207738204e-19,4.2750768993385527e-32,253.13924050632912
31x21,316,0.05,3,RAND_USAGE,0.06419210053570812,0.10077519379844965,0.49447112045295366,21.274023614315034,0.42133639520157434,0.0,0.9107591269074754,0.02604010401040104,0,0.000111735496009481,9.379555905125525e-17,4.058592622045405e-31,253.13924050632912
31x21,316,0.05,3,WIRING_SHUF,0.06269260832122596,0.23362530482900634,0.014810570623935164,20.800932528530105,0.32719783247059336,0.1962025316455696,0.8767626038246088,0.02975091633892501,0,0.1344825290551358,0.02213585104296486,0.0053068466160381125,236.5632911392405
31x21,316,0.05,4,REAL,0.06187534987838799,0.32945736434108536,0.06982361602739959,20.600720221581284,0.3048351136153427,0.06962025316455696,0.915781340544717,0.022456820979594883,0,0.0624803593671667,0.0004113686190939777,2.53856201891702e-06,254.49683544303798
31x21,316,0.05,4,RAND_UNIFORM,0.048933771713202616,0.08139534883720932,0.5396763279266344,16.442416799805937,0.551989692595006,0.0,1.0,0.016799094763805474,0,5.139752552754406e-05,1.4921073760573082e-18,4.5988281608760527e-32,254.49683544303798
31x21,316,0.05,4,RAND_USAGE,0.0641814957613214,0.10077519379844965,0.4904572884669889,21.26447754347214,0.4214506240056582,0.0,0.9094069924666796,0.02526703224282215,0,0.00011314917315792896,9.730954929846059e-17,7.02228188127664e-31,254.49683544303798
31x21,316,0.05,4,WIRING_SHUF,0.0631297103437068,0.23230441767705662,0.012932069249370487,20.938996296202305,0.3241290907965472,0.19936708860759494,0.8738651728800464,0.030192439769988016,0,0.1226826788742056,0.029301018580105434,0.008735116776947013,234.9905063291139
31x21,316,0.02,0,REAL,0.03210864398261582,0.3009708737864077,0.07901757583501172,11.27938765613337,0.4386684497891806,0.015822784810126583,0.7900328375507051,0.035822819780826964,0,0.05585803207534462,0.00014657236971748225,3.3462349515473734e-07,103.09177215189874
31x21,316,0.02,0,RAND_UNIFORM,0.019809831007992166,0.05825242718446603,0.5667487184869447,7.249057648346589,0.8460997704071934,0.0,0.9984547034962333,0.0214568560640943,0,3.207461111234795e-05,6.437643295121009e-19,2.430084770335692e-32,103.09177215189874
31x21,316,0.02,0,RAND_USAGE,0.03474232334090656,0.07766990291262137,0.45568343491142066,11.975461098681805,0.675739309763853,0.0,0.7533320455862469,0.04116401141909937,0,0.00014638242077318913,6.343625130976802e-16,2.0321632649652334e-29,103.09177215189874
31x21,316,0.02,0,WIRING_SHUF,0.036732989017301015,0.21359223300970875,0.03495443709135304,12.653168320241225,0.4454637230516806,0.1518987341772152,0.672397141201468,0.040316642120765835,0,0.14605866430056888,0.008260904942807035,0.0004589196014726593,103.13924050632912
31x21,316,0.02,1,REAL,0.032905328079850436,0.320388349514563,0.08005247272658353,11.527001275052033,0.4133998211890266,0.022151898734177215,0.7736140621981843,0.03581842177956478,0,0.04946909443898731,0.00015249561713893487,5.140596015927452e-07,103.10443037974683
31x21,316,0.02,1,RAND_UNIFORM,0.01998037739288817,0.05825242718446603,0.5691126666199099,7.303971318651067,0.8442895645306027,0.0,0.9990341896851458,0.022221540161443787,0,5.0441559992184636e-05,4.962657406387541e-19,2.5900100922999993e-32,103.10443037974683
31x21,316,0.02,1,RAND_USAGE,0.03560911821137674,0.07766990291262137,0.4577836659638297,12.245508178487475,0.6667143301897932,0.0,0.7411628356190844,0.04054510297412602,0,0.00018039424082410096,1.926033516611439e-15,1.3154310203206897e-28,103.10443037974683
31x21,316,0.02,1,WIRING_SHUF,0.036572982849657064,0.22330097087378636,0.03527170412150621,12.597725330548052,0.44102594543359375,0.1518987341772152,0.6729766273903806,0.041638539429272786,0,0.0917240141517536,0.006445399625577328,0.00037923387090359206,103.13291139240506
31x21,316,0.02,2,REAL,0.03306475274318348,0.3203883495145631,0.0839360358216234,11.583076376700518,0.42006624330068393,0.02531645569620253,0.771682441568476,0.0354348826507133,0,0.04646613385489033,0.0001848858275599092,6.603091343640426e-07,103.14873417721519
31x21,316,0.02,2,RAND_UNIFORM,0.019870377609512803,0.05825242718446603,0.5619665816635437,7.26891234350466,0.8451987718364884,0.0,0.9972957311184083,0.021537045559134837,0,3.046051491533498e-05,1.8016452776937162e-19,1.9581100396605416e-32,103.14873417721519
31x21,316,0.02,2,RAND_USAGE,0.03600548045280232,0.08695753644243503,0.4539803200789355,12.375162733198213,0.6620864663965356,0.0,0.7369132702337261,0.04157079306642123,0,0.00018145611381797933,1.0655585154854877e-15,4.0515364047909314e-29,103.14873417721519
31x21,316,0.02,2,WIRING_SHUF,0.036528382956005134,0.22330097087378636,0.03125175452018965,12.597504017951934,0.4450075132328973,0.1550632911392405,0.6733629515163222,0.042661592290221595,0,0.12155359899748322,0.007867985530559056,0.0004887110625830231,103.10759493670886
31x21,316,0.02,3,REAL,0.0325612122453908,0.30097087378640774,0.07140876432487174,11.412662679582283,0.43439905991120925,0.028481012658227847,0.7857832721653467,0.035910499984653635,0,0.049083925094488556,0.0002859468113940776,1.994235073229655e-06,103.10443037974683
31x21,316,0.02,3,RAND_UNIFORM,0.01980373298170504,0.05825242718446603,0.5607988677672098,7.2470313277465435,0.8462884270840813,0.0,0.9984547034962333,0.02096313802522943,0,3.929974467948218e-05,7.060204341063492e-19,1.9347063340072282e-32,103.10443037974683
31x21,316,0.02,3,RAND_USAGE,0.03499609250684465,0.07766990291262137,0.4426115468167772,12.051902370359107,0.6730227148847415,0.0,0.7521730732084219,0.04103618673459992,0,0.00016165865164213046,1.0056366926879e-15,1.2199123062525395e-28,103.10443037974683
31x21,316,0.02,3,WIRING_SHUF,0.03585560339750178,0.22222481535288952,0.03293833604007416,12.36344145233721,0.4497614692378956,0.14873417721518986,0.6822484064129805,0.04183805021793849,0,0.10798188510722832,0.004380732460178062,0.00022662372930284217,103.09493670886076
31x21,316,0.02,4,REAL,0.032377233470885884,0.3106796116504854,0.0787822024186178,11.343574171769166,0.42756482570370513,0.02531645569620253,0.7799884102762218,0.03513455460431434,0,0.04647232313649815,0.00011117912879088791,2.435090747630284e-07,103.12974683544304
31x21,316,0.02,4,RAND_UNIFORM,0.019936337917907224,0.05825242718446603,0.5526435220591378,7.289806539182731,0.8448478694341011,0.0,0.9984547034962333,0.021019362361533032,0,3.761320466396953e-05,9.340534065751657e-19,2.0790291855359935e-32,103.12974683544304
31x21,316,0.02,4,RAND_USAGE,0.03493230571422695,0.07766990291262137,0.4557893873048896,12.032986851410728,0.6738416976865444,0.0,0.7467645354452386,0.03992144588664887,0,0.0001482257298700638,5.625795801549523e-16,1.3553124950009788e-29,103.12974683544304
31x21,316,0.02,4,WIRING_SHUF,0.03676804950646426,0.22330097087378636,0.03074908856627221,12.664672522531884,0.44537370605212084,0.1550632911392405,0.6749082480200889,0.041977354322010496,0,0.11205108158419351,0.006795239726207132,0.0004459717323338972,103.12974683544304
31x21,316,0.01,0,REAL,0.021418856299213317,0.29411764705882343,0.1058795639842314,8.028538791394602,0.4926466358505623,0.0,0.623913463395789,0.053260667616275466,0,0.019071838542144892,8.294378920903427e-06,3.6808682416456224e-09,51.098101265822784
31x21,316,0.01,0,RAND_UNIFORM,0.009847682824761943,0.05882352941176469,0.5657057428481927,4.12282352153355,0.9170025423412189,0.0,0.9551864013907668,0.027683160958692016,0,4.0898214389840835e-05,6.033497382482438e-19,1.3379118398477406e-32,51.098101265822784
31x21,316,0.01,0,RAND_USAGE,0.024325860836431474,0.07843137254901959,0.39762224531196,8.728784329669862,0.7525770833004408,0.0,0.5630674135599768,0.06316962903325696,0,0.0004699303282585017,5.326383018397135e-14,8.843756757647593e-26,51.098101265822784
31x21,316,0.01,0,WIRING_SHUF,0.02610420937989249,0.21568627450980388,0.0476755855419207,9.354037356917804,0.491311224205966,0.11708860759493671,0.47112227158586056,0.06160138820029747,0,0.06336914611405466,0.001369998794703256,2.9581529496197854e-05,51.063291139240505
31x21,316,0.01,1,REAL,0.021994727174203334,0.3137254901960783,0.06823413385662941,8.208871945191287,0.4598672769251172,0.006329113924050633,0.6129032258064516,0.0547223599405057,0,0.042833467607133045,8.379743921229301e-05,9.73264608914399e-08,51.063291139240505
31x21,316,0.01,1,RAND_UNIFORM,0.00985500562924259,0.05882352941176469,0.5674617031832851,4.122363556947222,0.9171689011752736,0.0,0.9573111840834461,0.02720624690133862,0,3.4586472396654526e-05,2.1477196011941795e-19,1.427626044852108e-32,51.063291139240505
31x21,316,0.01,1,RAND_USAGE,0.024847194354609404,0.07843137254901959,0.3937137402032757,8.880744594827984,0.7463801799464066,0.0,0.5553409310411436,0.06191125433812593,0,0.0004730210115821041,7.893410486253773e-14,3.2289687431309195e-25,51.063291139240505
31x21,316,0.01,1,WIRING_SHUF,0.026108648835155845,0.21568627450980388,0.047394571390745314,9.334307472586278,0.48720057388301247,0.11708860759493671,0.47633764728607303,0.060981655924640554,0,0.08132391654483725,0.0016710779048736343,3.980419713423124e-05,51.063291139240505
31x21,316,0.01,2,REAL,0.02172959388576799,0.3137254901960783,0.08709781643809159,8.103611778374955,0.4742899995812532,0.0031645569620253164,0.6094263086729766,0.05284351381489283,0,0.03200072080911668,2.2450981959537426e-05,2.1832212269217704e-08,51.08227848101266
31x21,316,0.01,2,RAND_UNIFORM,0.009770154173551211,0.05882352941176469,0.5696271967500194,4.094377526167478,0.9180435145285004,0.0,0.9551864013907668,0.02682443315574278,0,3.896752904759551e-05,2.185711466558397e-19,1.2989056637588852e-32,51.08227848101266
31x21,316,0.01,2,RAND_USAGE,0.024822763997342775,0.07843137254901959,0.39129628363356417,8.878543165226235,0.7463310228570467,0.0,0.5576588757967935,0.0639945483831,0,0.00038818212393938116,9.765238934427192e-14,3.874039032195281e-25,51.08227848101266
31x21,316,0.01,2,WIRING_SHUF,0.02649155719576939,0.23529411764705874,0.0493552382524473,9.502467462475249,0.48458522052474545,0.11075949367088607,0.4678385165153564,0.06324796924412476,0,0.07528407333535853,0.0009733363677077594,1.4396787806028582e-05,51.03481012658228
31x21,316,0.01,3,REAL,0.021857854498167056,0.29411764705882343,0.1030627924411497,8.121547899126046,0.48882403721792905,0.0,0.61251690168051,0.05498729155043085,0,0.031898698561907725,3.090900474126778e-05,2.097651790098712e-08,51.04746835443038
31x21,316,0.01,3,RAND_UNIFORM,0.009789046810263038,0.05882352941176469,0.5662400378288083,4.1029044808104125,0.9176432091237611,0.0,0.956152211705621,0.02740065711983138,0,3.932503661642106e-05,4.0787731104775114e-19,1.6421600133408127e-32,51.04746835443038
31x21,316,0.01,3,RAND_USAGE,0.02467292685050083,0.07843137254901959,0.3923655143954159,8.837129286052786,0.7474066704347907,0.0,0.5563067413559977,0.06354224784576282,0,0.00027393032567467226,3.6615035386215536e-14,1.1714527232173556e-25,51.04746835443038
31x21,316,0.01,3,WIRING_SHUF,0.02664475300187744,0.23302069121418523,0.050051492055403095,9.523713851179892,0.4876845658353722,0.10759493670886076,0.4661000579486189,0.062186435428925366,0,0.08228381609633943,0.0013031634197948898,2.25931455780254e-05,51.09177215189873
31x21,316,0.01,4,REAL,0.02144336318140535,0.29411764705882343,0.10466036479628643,7.989545934610364,0.47730449462012636,0.0,0.6186980876955765,0.0531368055985632,0,0.032897541060254124,3.481130649297009e-05,2.2786577639034198e-08,51.098101265822784
31x21,316,0.01,4,RAND_UNIFORM,0.009893327919087525,0.05882352941176469,0.5698961618644313,4.13554931440948,0.9167277984624033,0.0,0.9542205910759127,0.027311574905555212,0,4.330831869810499e-05,4.933562287994448e-19,1.3964211039810237e-32,51.098101265822784
31x21,316,0.01,4,RAND_USAGE,0.02437008362892942,0.07843137254901959,0.3950436351555585,8.744551558185716,0.7512973899611467,0.0,0.562874251497006,0.06316962903325696,0,0.00025577876891763374,2.2097118014110544e-14,6.231008408958974e-26,51.098101265822784
31x21,316,0.01,4,WIRING_SHUF,0.026285185598836434,0.23529411764705874,0.044396206189886364,9.411684254885131,0.4910558181150145,0.11075949367088607,0.46242997875217307,0.0606755500464828,0,0.08681751567923163,0.0018920195676170178,4.63372783702777e-05,51.06012658227848
