round,agent,a,b,abs_diff,predicted,correct,drift_pct
0,connectome,17,13,4,A,1,0.0000
0,linear,17,13,4,A,1,
0,mlp,17,13,4,B,0,
1,connectome,10,6,4,A,1,0.0473
1,linear,10,6,4,A,1,
1,mlp,10,6,4,B,0,
2,connectome,6,1,5,A,1,0.0901
2,linear,6,1,5,A,1,
2,mlp,6,1,5,B,0,
3,connectome,2,1,1,B,0,0.1358
3,linear,2,1,1,A,1,
3,mlp,2,1,1,B,0,
4,connectome,4,16,12,B,1,0.1838
4,linear,4,16,12,A,0,
4,mlp,4,16,12,A,0,
5,connectome,13,18,5,B,1,0.4331
5,linear,13,18,5,B,1,
5,mlp,13,18,5,A,0,
6,connectome,10,12,2,B,1,0.6720
6,linear,10,12,2,B,1,
6,mlp,10,12,2,A,0,
7,connectome,19,14,5,A,1,0.8435
7,linear,19,14,5,B,0,
7,mlp,19,14,5,A,1,
8,connectome,13,11,2,A,1,0.8746
8,linear,13,11,2,A,1,
8,mlp,13,11,2,A,1,
9,connectome,11,18,7,B,1,0.9007
9,linear,11,18,7,A,0,
9,mlp,11,18,7,A,0,
10,connectome,6,16,10,B,1,1.0572
10,linear,6,16,10,A,0,
10,mlp,6,16,10,A,0,
11,connectome,13,1,12,A,1,1.1844
11,linear,13,1,12,B,0,
11,mlp,13,1,12,B,0,
12,connectome,8,17,9,B,1,1.2211
12,linear,8,17,9,B,1,
12,mlp,8,17,9,A,0,
13,connectome,11,1,10,A,1,1.3217
13,linear,11,1,10,B,0,
13,mlp,11,1,10,B,0,
14,connectome,15,14,1,A,1,1.3532
14,linear,15,14,1,B,0,
14,mlp,15,14,1,A,1,
15,connectome,17,4,13,A,1,1.3790
15,linear,17,4,13,A,1,
15,mlp,17,4,13,B,0,
16,connectome,2,17,15,B,1,1.4042
16,linear,2,17,15,A,0,
16,mlp,2,17,15,A,0,
17,connectome,1,11,10,B,1,1.4992
17,linear,1,11,10,A,0,
17,mlp,1,11,10,B,1,
18,connectome,2,6,4,B,1,1.5690
18,linear,2,6,4,A,0,
18,mlp,2,6,4,B,1,
19,connectome,10,9,1,A,1,1.6123
19,linear,10,9,1,A,1,
19,mlp,10,9,1,A,1,
20,connectome,8,1,7,A,1,1.6358
20,linear,8,1,7,A,1,
20,mlp,8,1,7,B,0,
21,connectome,1,3,2,B,1,1.6585
21,linear,1,3,2,A,0,
21,mlp,1,3,2,B,1,
22,connectome,1,13,12,B,1,1.6953
22,linear,1,13,12,A,0,
22,mlp,1,13,12,B,1,
23,connectome,10,13,3,B,1,1.7430
23,linear,10,13,3,A,0,
23,mlp,10,13,3,B,1,
24,connectome,5,12,7,B,1,1.8168
24,linear,5,12,7,B,1,
24,mlp,5,12,7,B,1,
25,connectome,15,8,7,A,1,1.8429
25,linear,15,8,7,B,0,
25,mlp,15,8,7,A,1,
26,connectome,9,19,10,B,1,1.8585
26,linear,9,19,10,A,0,
26,mlp,9,19,10,B,1,
27,connectome,16,19,3,B,1,1.8845
27,linear,16,19,3,B,1,
27,mlp,16,19,3,B,1,
28,connectome,8,14,6,B,1,1.9675
28,linear,8,14,6,B,1,
28,mlp,8,14,6,B,1,
29,connectome,19,13,6,A,1,1.9868
29,linear,19,13,6,B,0,
29,mlp,19,13,6,A,1,
30,connectome,16,14,2,A,1,2.0005
30,linear,16,14,2,A,1,
30,mlp,16,14,2,B,0,
31,connectome,14,8,6,A,1,2.0176
31,linear,14,8,6,A,1,
31,mlp,14,8,6,A,1,
32,connectome,17,3,14,A,1,2.0290
32,linear,17,3,14,A,1,
32,mlp,17,3,14,A,1,
33,connectome,11,14,3,B,1,2.0447
33,linear,11,14,3,A,0,
33,mlp,11,14,3,B,1,
34,connectome,17,10,7,A,1,2.0842
34,linear,17,10,7,A,1,
34,mlp,17,10,7,A,1,
35,connectome,8,6,2,A,1,2.0931
35,linear,8,6,2,A,1,
35,mlp,8,6,2,B,0,
36,connectome,9,10,1,B,1,2.1018
36,linear,9,10,1,A,0,
36,mlp,9,10,1,B,1,
37,connectome,14,17,3,B,1,2.1530
37,linear,14,17,3,B,1,
37,mlp,14,17,3,B,1,
38,connectome,2,18,16,B,1,2.1856
38,linear,2,18,16,B,1,
38,mlp,2,18,16,B,1,
39,connectome,11,7,4,A,1,2.2112
39,linear,11,7,4,B,0,
39,mlp,11,7,4,A,1,
40,connectome,13,11,2,A,1,2.2178
40,linear,13,11,2,A,1,
40,mlp,13,11,2,B,0,
41,connectome,5,7,2,B,1,2.2274
41,linear,5,7,2,B,1,
41,mlp,5,7,2,B,1,
42,connectome,14,12,2,A,1,2.2382
42,linear,14,12,2,A,1,
42,mlp,14,12,2,B,0,
43,connectome,10,7,3,A,1,2.2472
43,linear,10,7,3,A,1,
43,mlp,10,7,3,A,1,
44,connectome,15,8,7,A,1,2.2523
44,linear,15,8,7,A,1,
44,mlp,15,8,7,A,1,
45,connectome,7,17,10,B,1,2.2578
45,linear,7,17,10,B,1,
45,mlp,7,17,10,B,1,
46,connectome,6,5,1,A,1,2.2650
46,linear,6,5,1,A,1,
46,mlp,6,5,1,B,0,
47,connectome,14,12,2,A,1,2.2712
47,linear,14,12,2,A,1,
47,mlp,14,12,2,B,0,
48,connectome,1,2,1,B,1,2.2775
48,linear,1,2,1,B,1,
48,mlp,1,2,1,B,1,
49,connectome,8,16,8,B,1,2.2928
49,linear,8,16,8,A,0,
49,mlp,8,16,8,B,1,
50,connectome,8,15,7,B,1,2.2724
50,linear,8,15,7,B,1,
50,mlp,8,15,7,B,1,
51,connectome,7,5,2,A,1,2.2776
51,linear,7,5,2,B,0,
51,mlp,7,5,2,A,1,
52,connectome,16,17,1,B,1,2.2811
52,linear,16,17,1,B,1,
52,mlp,16,17,1,B,1,
53,connectome,2,13,11,B,1,2.3413
53,linear,2,13,11,B,1,
53,mlp,2,13,11,B,1,
54,connectome,7,11,4,B,1,2.3542
54,linear,7,11,4,B,1,
54,mlp,7,11,4,B,1,
55,connectome,3,17,14,B,1,2.3581
55,linear,3,17,14,B,1,
55,mlp,3,17,14,B,1,
56,connectome,9,18,9,B,1,2.3680
56,linear,9,18,9,B,1,
56,mlp,9,18,9,B,1,
57,connectome,16,14,2,A,1,2.3695
57,linear,16,14,2,B,0,
57,mlp,16,14,2,B,0,
58,connectome,5,15,10,B,1,2.3766
58,linear,5,15,10,A,0,
58,mlp,5,15,10,B,1,
59,connectome,1,11,10,B,1,2.3801
59,linear,1,11,10,B,1,
59,mlp,1,11,10,B,1,
60,connectome,8,19,11,B,1,2.3913
60,linear,8,19,11,A,0,
60,mlp,8,19,11,B,1,
61,connectome,4,18,14,B,1,2.3920
61,linear,4,18,14,B,1,
61,mlp,4,18,14,B,1,
62,connectome,2,12,10,B,1,2.3970
62,linear,2,12,10,B,1,
62,mlp,2,12,10,B,1,
63,connectome,12,18,6,B,1,2.4007
63,linear,12,18,6,B,1,
63,mlp,12,18,6,B,1,
64,connectome,6,18,12,B,1,2.4050
64,linear,6,18,12,B,1,
64,mlp,6,18,12,B,1,
65,connectome,13,17,4,B,1,2.4063
65,linear,13,17,4,B,1,
65,mlp,13,17,4,B,1,
66,connectome,4,15,11,B,1,2.4139
66,linear,4,15,11,B,1,
66,mlp,4,15,11,B,1,
67,connectome,18,1,17,A,1,2.4155
67,linear,18,1,17,B,0,
67,mlp,18,1,17,A,1,
68,connectome,7,13,6,B,1,2.4278
68,linear,7,13,6,B,1,
68,mlp,7,13,6,B,1,
69,connectome,3,10,7,B,1,2.4282
69,linear,3,10,7,B,1,
69,mlp,3,10,7,B,1,
70,connectome,12,15,3,B,1,2.4288
70,linear,12,15,3,B,1,
70,mlp,12,15,3,B,1,
71,connectome,18,8,10,A,1,2.4369
71,linear,18,8,10,B,0,
71,mlp,18,8,10,A,1,
72,connectome,9,10,1,B,1,2.4416
72,linear,9,10,1,A,0,
72,mlp,9,10,1,B,1,
73,connectome,19,4,15,A,1,2.4662
73,linear,19,4,15,A,1,
73,mlp,19,4,15,A,1,
74,connectome,10,1,9,A,1,2.4739
74,linear,10,1,9,A,1,
74,mlp,10,1,9,A,1,
75,connectome,9,18,9,B,1,2.4820
75,linear,9,18,9,B,1,
75,mlp,9,18,9,B,1,
76,connectome,12,7,5,A,1,2.4823
76,linear,12,7,5,B,0,
76,mlp,12,7,5,B,0,
77,connectome,19,12,7,A,1,2.4843
77,linear,19,12,7,A,1,
77,mlp,19,12,7,B,0,
78,connectome,19,1,18,A,1,2.4860
78,linear,19,1,18,A,1,
78,mlp,19,1,18,A,1,
79,connectome,9,16,7,B,1,2.4935
79,linear,9,16,7,A,0,
79,mlp,9,16,7,B,1,
80,connectome,15,8,7,A,1,2.4937
80,linear,15,8,7,B,0,
80,mlp,15,8,7,A,1,
81,connectome,10,8,2,A,1,2.4954
81,linear,10,8,2,A,1,
81,mlp,10,8,2,B,0,
82,connectome,11,5,6,A,1,2.4980
82,linear,11,5,6,A,1,
82,mlp,11,5,6,A,1,
83,connectome,15,2,13,A,1,2.5000
83,linear,15,2,13,A,1,
83,mlp,15,2,13,A,1,
84,connectome,8,6,2,A,1,2.5051
84,linear,8,6,2,A,1,
84,mlp,8,6,2,B,0,
85,connectome,14,15,1,B,1,2.5066
85,linear,14,15,1,A,0,
85,mlp,14,15,1,B,1,
86,connectome,14,18,4,B,1,2.5432
86,linear,14,18,4,B,1,
86,mlp,14,18,4,B,1,
87,connectome,18,4,14,A,1,2.5458
87,linear,18,4,14,B,0,
87,mlp,18,4,14,A,1,
88,connectome,3,14,11,B,1,2.5495
88,linear,3,14,11,B,1,
88,mlp,3,14,11,B,1,
89,connectome,19,18,1,B,0,2.5511
89,linear,19,18,1,B,0,
89,mlp,19,18,1,B,0,
90,connectome,13,19,6,B,1,2.5614
90,linear,13,19,6,A,0,
90,mlp,13,19,6,B,1,
91,connectome,17,1,16,A,1,2.5623
91,linear,17,1,16,A,1,
91,mlp,17,1,16,A,1,
92,connectome,3,17,14,B,1,2.5668
92,linear,3,17,14,B,1,
92,mlp,3,17,14,B,1,
93,connectome,2,19,17,B,1,2.5686
93,linear,2,19,17,B,1,
93,mlp,2,19,17,B,1,
94,connectome,16,19,3,B,1,2.5728
94,linear,16,19,3,A,0,
94,mlp,16,19,3,B,1,
95,connectome,7,3,4,A,1,2.5790
95,linear,7,3,4,B,0,
95,mlp,7,3,4,A,1,
96,connectome,10,19,9,B,1,2.5803
96,linear,10,19,9,B,1,
96,mlp,10,19,9,B,1,
97,connectome,7,17,10,B,1,2.5804
97,linear,7,17,10,B,1,
97,mlp,7,17,10,B,1,
98,connectome,8,16,8,B,1,2.5804
98,linear,8,16,8,B,1,
98,mlp,8,16,8,B,1,
99,connectome,5,10,5,B,1,2.5805
99,linear,5,10,5,B,1,
99,mlp,5,10,5,B,1,
100,connectome,7,5,2,A,1,2.5520
100,linear,7,5,2,B,0,
100,mlp,7,5,2,A,1,
101,connectome,17,16,1,B,0,2.5534
101,linear,17,16,1,B,0,
101,mlp,17,16,1,B,0,
102,connectome,3,18,15,B,1,2.5626
102,linear,3,18,15,B,1,
102,mlp,3,18,15,B,1,
103,connectome,19,6,13,A,1,2.5659
103,linear,19,6,13,A,1,
103,mlp,19,6,13,A,1,
104,connectome,9,11,2,B,1,2.5682
104,linear,9,11,2,A,0,
104,mlp,9,11,2,B,1,
105,connectome,13,9,4,A,1,2.5712
105,linear,13,9,4,B,0,
105,mlp,13,9,4,A,1,
106,connectome,3,18,15,B,1,2.5719
106,linear,3,18,15,A,0,
106,mlp,3,18,15,B,1,
107,connectome,14,1,13,A,1,2.5729
107,linear,14,1,13,A,1,
107,mlp,14,1,13,A,1,
108,connectome,16,14,2,A,1,2.5764
108,linear,16,14,2,B,0,
108,mlp,16,14,2,B,0,
109,connectome,4,12,8,B,1,2.5802
109,linear,4,12,8,A,0,
109,mlp,4,12,8,B,1,
110,connectome,10,1,9,A,1,2.5803
110,linear,10,1,9,A,1,
110,mlp,10,1,9,A,1,
111,connectome,18,14,4,A,1,2.5829
111,linear,18,14,4,A,1,
111,mlp,18,14,4,A,1,
112,connectome,6,1,5,A,1,2.5846
112,linear,6,1,5,A,1,
112,mlp,6,1,5,A,1,
113,connectome,2,15,13,B,1,2.5869
113,linear,2,15,13,A,0,
113,mlp,2,15,13,B,1,
114,connectome,3,10,7,B,1,2.5887
114,linear,3,10,7,A,0,
114,mlp,3,10,7,B,1,
115,connectome,18,6,12,A,1,2.5888
115,linear,18,6,12,A,1,
115,mlp,18,6,12,A,1,
116,connectome,2,10,8,B,1,2.5900
116,linear,2,10,8,A,0,
116,mlp,2,10,8,B,1,
117,connectome,16,12,4,A,1,2.5909
117,linear,16,12,4,A,1,
117,mlp,16,12,4,A,1,
118,connectome,2,13,11,B,1,2.5921
118,linear,2,13,11,A,0,
118,mlp,2,13,11,B,1,
119,connectome,7,5,2,A,1,2.5928
119,linear,7,5,2,A,1,
119,mlp,7,5,2,A,1,
120,connectome,9,17,8,B,1,2.5934
120,linear,9,17,8,A,0,
120,mlp,9,17,8,B,1,
121,connectome,19,3,16,A,1,2.5935
121,linear,19,3,16,B,0,
121,mlp,19,3,16,A,1,
122,connectome,11,15,4,B,1,2.5952
122,linear,11,15,4,B,1,
122,mlp,11,15,4,B,1,
123,connectome,5,6,1,B,1,2.5957
123,linear,5,6,1,B,1,
123,mlp,5,6,1,B,1,
124,connectome,5,4,1,A,1,2.6006
124,linear,5,4,1,B,0,
124,mlp,5,4,1,A,1,
125,connectome,17,5,12,A,1,2.6019
125,linear,17,5,12,A,1,
125,mlp,17,5,12,A,1,
126,connectome,5,3,2,A,1,2.6029
126,linear,5,3,2,B,0,
126,mlp,5,3,2,A,1,
127,connectome,3,15,12,B,1,2.6038
127,linear,3,15,12,B,1,
127,mlp,3,15,12,B,1,
128,connectome,6,16,10,B,1,2.6040
128,linear,6,16,10,B,1,
128,mlp,6,16,10,B,1,
129,connectome,12,17,5,B,1,2.6040
129,linear,12,17,5,B,1,
129,mlp,12,17,5,B,1,
130,connectome,11,15,4,B,1,2.6041
130,linear,11,15,4,B,1,
130,mlp,11,15,4,B,1,
131,connectome,16,2,14,A,1,2.6043
131,linear,16,2,14,A,1,
131,mlp,16,2,14,A,1,
132,connectome,11,9,2,A,1,2.6057
132,linear,11,9,2,A,1,
132,mlp,11,9,2,A,1,
133,connectome,6,9,3,B,1,2.6067
133,linear,6,9,3,B,1,
133,mlp,6,9,3,B,1,
134,connectome,8,10,2,B,1,2.6069
134,linear,8,10,2,B,1,
134,mlp,8,10,2,B,1,
135,connectome,16,12,4,A,1,2.6075
135,linear,16,12,4,A,1,
135,mlp,16,12,4,A,1,
136,connectome,14,19,5,B,1,2.6083
136,linear,14,19,5,A,0,
136,mlp,14,19,5,B,1,
137,connectome,13,8,5,A,1,2.6085
137,linear,13,8,5,B,0,
137,mlp,13,8,5,A,1,
138,connectome,2,11,9,B,1,2.6086
138,linear,2,11,9,B,1,
138,mlp,2,11,9,B,1,
139,connectome,5,12,7,B,1,2.6088
139,linear,5,12,7,B,1,
139,mlp,5,12,7,B,1,
140,connectome,1,17,16,B,1,2.6088
140,linear,1,17,16,B,1,
140,mlp,1,17,16,B,1,
141,connectome,18,3,15,A,1,2.6137
141,linear,18,3,15,B,0,
141,mlp,18,3,15,A,1,
142,connectome,16,8,8,A,1,2.6147
142,linear,16,8,8,B,0,
142,mlp,16,8,8,A,1,
143,connectome,1,18,17,B,1,2.6151
143,linear,1,18,17,B,1,
143,mlp,1,18,17,B,1,
144,connectome,18,1,17,A,1,2.6202
144,linear,18,1,17,A,1,
144,mlp,18,1,17,A,1,
145,connectome,12,16,4,B,1,2.6219
145,linear,12,16,4,A,0,
145,mlp,12,16,4,B,1,
146,connectome,16,8,8,A,1,2.6220
146,linear,16,8,8,B,0,
146,mlp,16,8,8,A,1,
147,connectome,17,16,1,B,0,2.6224
147,linear,17,16,1,A,1,
147,mlp,17,16,1,B,0,
148,connectome,3,1,2,A,1,2.6291
148,linear,3,1,2,A,1,
148,mlp,3,1,2,A,1,
149,connectome,2,7,5,B,1,2.6341
149,linear,2,7,5,B,1,
149,mlp,2,7,5,B,1,
150,connectome,3,2,1,A,1,2.6047
150,linear,3,2,1,A,1,
150,mlp,3,2,1,A,1,
151,connectome,5,13,8,B,1,2.6074
151,linear,5,13,8,A,0,
151,mlp,5,13,8,B,1,
152,connectome,10,6,4,A,1,2.6095
152,linear,10,6,4,B,0,
152,mlp,10,6,4,A,1,
153,connectome,19,14,5,A,1,2.6098
153,linear,19,14,5,A,1,
153,mlp,19,14,5,A,1,
154,connectome,13,18,5,B,1,2.6104
154,linear,13,18,5,A,0,
154,mlp,13,18,5,B,1,
155,connectome,15,3,12,A,1,2.6113
155,linear,15,3,12,B,0,
155,mlp,15,3,12,A,1,
156,connectome,1,17,16,B,1,2.6119
156,linear,1,17,16,B,1,
156,mlp,1,17,16,B,1,
157,connectome,8,2,6,A,1,2.6154
157,linear,8,2,6,B,0,
157,mlp,8,2,6,A,1,
158,connectome,10,8,2,A,1,2.6159
158,linear,10,8,2,B,0,
158,mlp,10,8,2,A,1,
159,connectome,9,6,3,A,1,2.6164
159,linear,9,6,3,B,0,
159,mlp,9,6,3,A,1,
160,connectome,10,19,9,B,1,2.6165
160,linear,10,19,9,B,1,
160,mlp,10,19,9,B,1,
161,connectome,14,15,1,B,1,2.6165
161,linear,14,15,1,B,1,
161,mlp,14,15,1,B,1,
162,connectome,1,6,5,B,1,2.6405
162,linear,1,6,5,B,1,
162,mlp,1,6,5,B,1,
163,connectome,19,6,13,A,1,2.6419
163,linear,19,6,13,A,1,
163,mlp,19,6,13,A,1,
164,connectome,10,17,7,B,1,2.6424
164,linear,10,17,7,B,1,
164,mlp,10,17,7,B,1,
165,connectome,13,17,4,B,1,2.6424
165,linear,13,17,4,B,1,
165,mlp,13,17,4,B,1,
166,connectome,4,10,6,B,1,2.6425
166,linear,4,10,6,B,1,
166,mlp,4,10,6,B,1,
167,connectome,13,7,6,A,1,2.6425
167,linear,13,7,6,A,1,
167,mlp,13,7,6,A,1,
168,connectome,11,19,8,B,1,2.6426
168,linear,11,19,8,B,1,
168,mlp,11,19,8,B,1,
169,connectome,14,7,7,A,1,2.6426
169,linear,14,7,7,A,1,
169,mlp,14,7,7,A,1,
170,connectome,2,4,2,B,1,2.6427
170,linear,2,4,2,B,1,
170,mlp,2,4,2,B,1,
171,connectome,6,17,11,B,1,2.6470
171,linear,6,17,11,B,1,
171,mlp,6,17,11,B,1,
172,connectome,6,16,10,B,1,2.6471
172,linear,6,16,10,B,1,
172,mlp,6,16,10,B,1,
173,connectome,6,13,7,B,1,2.6471
173,linear,6,13,7,B,1,
173,mlp,6,13,7,B,1,
174,connectome,11,19,8,B,1,2.6471
174,linear,11,19,8,B,1,
174,mlp,11,19,8,B,1,
175,connectome,11,18,7,B,1,2.6471
175,linear,11,18,7,B,1,
175,mlp,11,18,7,B,1,
176,connectome,19,15,4,A,1,2.6471
176,linear,19,15,4,B,0,
176,mlp,19,15,4,A,1,
177,connectome,12,17,5,B,1,2.6478
177,linear,12,17,5,A,0,
177,mlp,12,17,5,B,1,
178,connectome,19,5,14,A,1,2.6478
178,linear,19,5,14,A,1,
178,mlp,19,5,14,A,1,
179,connectome,11,3,8,A,1,2.6482
179,linear,11,3,8,A,1,
179,mlp,11,3,8,A,1,
180,connectome,2,13,11,B,1,2.6484
180,linear,2,13,11,B,1,
180,mlp,2,13,11,B,1,
181,connectome,1,14,13,B,1,2.6486
181,linear,1,14,13,B,1,
181,mlp,1,14,13,B,1,
182,connectome,16,4,12,A,1,2.6510
182,linear,16,4,12,A,1,
182,mlp,16,4,12,A,1,
183,connectome,13,8,5,A,1,2.6512
183,linear,13,8,5,A,1,
183,mlp,13,8,5,A,1,
184,connectome,17,18,1,B,1,2.6512
184,linear,17,18,1,A,0,
184,mlp,17,18,1,B,1,
185,connectome,11,14,3,B,1,2.6722
185,linear,11,14,3,B,1,
185,mlp,11,14,3,B,1,
186,connectome,11,15,4,B,1,2.6724
186,linear,11,15,4,B,1,
186,mlp,11,15,4,B,1,
187,connectome,4,15,11,B,1,2.6724
187,linear,4,15,11,B,1,
187,mlp,4,15,11,B,1,
188,connectome,10,15,5,B,1,2.6724
188,linear,10,15,5,B,1,
188,mlp,10,15,5,B,1,
189,connectome,10,6,4,A,1,2.6724
189,linear,10,6,4,B,0,
189,mlp,10,6,4,A,1,
190,connectome,2,10,8,B,1,2.6724
190,linear,2,10,8,B,1,
190,mlp,2,10,8,B,1,
191,connectome,19,1,18,A,1,2.6727
191,linear,19,1,18,A,1,
191,mlp,19,1,18,A,1,
192,connectome,11,9,2,A,1,2.6738
192,linear,11,9,2,B,0,
192,mlp,11,9,2,A,1,
193,connectome,1,11,10,B,1,2.6744
193,linear,1,11,10,B,1,
193,mlp,1,11,10,B,1,
194,connectome,15,19,4,B,1,2.6758
194,linear,15,19,4,B,1,
194,mlp,15,19,4,B,1,
195,connectome,11,12,1,B,1,2.6759
195,linear,11,12,1,B,1,
195,mlp,11,12,1,B,1,
196,connectome,19,7,12,A,1,2.6854
196,linear,19,7,12,B,0,
196,mlp,19,7,12,A,1,
197,connectome,16,4,12,A,1,2.6858
197,linear,16,4,12,A,1,
197,mlp,16,4,12,A,1,
198,connectome,7,13,6,B,1,2.6859
198,linear,7,13,6,A,0,
198,mlp,7,13,6,B,1,
199,connectome,12,4,8,A,1,2.6859
199,linear,12,4,8,A,1,
199,mlp,12,4,8,A,1,
200,connectome,13,11,2,A,1,2.6563
200,linear,13,11,2,B,0,
200,mlp,13,11,2,A,1,
201,connectome,18,12,6,A,1,2.6576
201,linear,18,12,6,A,1,
201,mlp,18,12,6,A,1,
202,connectome,17,19,2,B,1,2.6580
202,linear,17,19,2,A,0,
202,mlp,17,19,2,B,1,
203,connectome,2,10,8,B,1,2.6658
203,linear,2,10,8,B,1,
203,mlp,2,10,8,B,1,
204,connectome,10,11,1,B,1,2.6674
204,linear,10,11,1,B,1,
204,mlp,10,11,1,B,1,
205,connectome,15,6,9,A,1,2.6721
205,linear,15,6,9,B,0,
205,mlp,15,6,9,A,1,
206,connectome,4,13,9,B,1,2.6728
206,linear,4,13,9,B,1,
206,mlp,4,13,9,B,1,
207,connectome,8,18,10,B,1,2.6730
207,linear,8,18,10,B,1,
207,mlp,8,18,10,B,1,
208,connectome,2,14,12,B,1,2.6730
208,linear,2,14,12,B,1,
208,mlp,2,14,12,B,1,
209,connectome,14,6,8,A,1,2.6732
209,linear,14,6,8,B,0,
209,mlp,14,6,8,A,1,
210,connectome,2,7,5,B,1,2.6736
210,linear,2,7,5,B,1,
210,mlp,2,7,5,B,1,
211,connectome,8,19,11,B,1,2.6737
211,linear,8,19,11,B,1,
211,mlp,8,19,11,B,1,
212,connectome,17,5,12,A,1,2.6737
212,linear,17,5,12,A,1,
212,mlp,17,5,12,A,1,
213,connectome,9,12,3,B,1,2.6739
213,linear,9,12,3,B,1,
213,mlp,9,12,3,B,1,
214,connectome,18,3,15,A,1,2.6740
214,linear,18,3,15,A,1,
214,mlp,18,3,15,A,1,
215,connectome,15,18,3,B,1,2.6742
215,linear,15,18,3,B,1,
215,mlp,15,18,3,B,1,
216,connectome,18,6,12,A,1,2.6747
216,linear,18,6,12,B,0,
216,mlp,18,6,12,A,1,
217,connectome,3,12,9,B,1,2.6748
217,linear,3,12,9,A,0,
217,mlp,3,12,9,B,1,
218,connectome,2,3,1,B,1,2.6748
218,linear,2,3,1,A,0,
218,mlp,2,3,1,B,1,
219,connectome,2,5,3,B,1,2.6833
219,linear,2,5,3,B,1,
219,mlp,2,5,3,B,1,
220,connectome,17,13,4,A,1,2.6846
220,linear,17,13,4,A,1,
220,mlp,17,13,4,A,1,
221,connectome,13,19,6,B,1,2.6850
221,linear,13,19,6,A,0,
221,mlp,13,19,6,B,1,
222,connectome,10,1,9,A,1,2.6851
222,linear,10,1,9,A,1,
222,mlp,10,1,9,A,1,
223,connectome,4,5,1,B,1,2.6856
223,linear,4,5,1,B,1,
223,mlp,4,5,1,B,1,
224,connectome,13,7,6,A,1,2.6877
224,linear,13,7,6,B,0,
224,mlp,13,7,6,A,1,
225,connectome,7,3,4,A,1,2.6877
225,linear,7,3,4,B,0,
225,mlp,7,3,4,A,1,
226,connectome,14,1,13,A,1,2.6878
226,linear,14,1,13,A,1,
226,mlp,14,1,13,A,1,
227,connectome,9,15,6,B,1,2.6884
227,linear,9,15,6,B,1,
227,mlp,9,15,6,B,1,
228,connectome,10,14,4,B,1,2.6884
228,linear,10,14,4,B,1,
228,mlp,10,14,4,B,1,
229,connectome,16,5,11,A,1,2.6884
229,linear,16,5,11,B,0,
229,mlp,16,5,11,A,1,
230,connectome,2,11,9,B,1,2.6885
230,linear,2,11,9,B,1,
230,mlp,2,11,9,B,1,
231,connectome,6,4,2,A,1,2.6885
231,linear,6,4,2,A,1,
231,mlp,6,4,2,A,1,
232,connectome,14,16,2,B,1,2.6887
232,linear,14,16,2,B,1,
232,mlp,14,16,2,B,1,
233,connectome,19,10,9,A,1,2.6904
233,linear,19,10,9,B,0,
233,mlp,19,10,9,A,1,
234,connectome,10,19,9,B,1,2.6904
234,linear,10,19,9,A,0,
234,mlp,10,19,9,B,1,
235,connectome,10,4,6,A,1,2.6904
235,linear,10,4,6,A,1,
235,mlp,10,4,6,A,1,
236,connectome,5,19,14,B,1,2.6906
236,linear,5,19,14,B,1,
236,mlp,5,19,14,B,1,
237,connectome,1,16,15,B,1,2.6906
237,linear,1,16,15,B,1,
237,mlp,1,16,15,B,1,
238,connectome,13,10,3,A,1,2.6923
238,linear,13,10,3,B,0,
238,mlp,13,10,3,A,1,
239,connectome,16,9,7,A,1,2.6925
239,linear,16,9,7,A,1,
239,mlp,16,9,7,A,1,
240,connectome,12,15,3,B,1,2.6925
240,linear,12,15,3,A,0,
240,mlp,12,15,3,B,1,
241,connectome,13,10,3,A,1,2.6925
241,linear,13,10,3,B,0,
241,mlp,13,10,3,A,1,
242,connectome,18,17,1,B,0,2.6927
242,linear,18,17,1,A,1,
242,mlp,18,17,1,B,0,
243,connectome,2,11,9,B,1,2.6983
243,linear,2,11,9,B,1,
243,mlp,2,11,9,B,1,
244,connectome,16,2,14,A,1,2.6983
244,linear,16,2,14,A,1,
244,mlp,16,2,14,A,1,
245,connectome,8,10,2,B,1,2.6986
245,linear,8,10,2,A,0,
245,mlp,8,10,2,B,1,
246,connectome,7,14,7,B,1,2.6986
246,linear,7,14,7,B,1,
246,mlp,7,14,7,B,1,
247,connectome,19,7,12,A,1,2.6986
247,linear,19,7,12,A,1,
247,mlp,19,7,12,A,1,
248,connectome,15,3,12,A,1,2.6990
248,linear,15,3,12,A,1,
248,mlp,15,3,12,A,1,
249,connectome,10,1,9,A,1,2.6990
249,linear,10,1,9,A,1,
249,mlp,10,1,9,A,1,
250,connectome,9,1,8,A,1,2.6698
250,linear,9,1,8,A,1,
250,mlp,9,1,8,A,1,
251,connectome,17,19,2,B,1,2.6708
251,linear,17,19,2,B,1,
251,mlp,17,19,2,B,1,
252,connectome,2,16,14,B,1,2.6754
252,linear,2,16,14,B,1,
252,mlp,2,16,14,B,1,
253,connectome,14,6,8,A,1,2.6773
253,linear,14,6,8,A,1,
253,mlp,14,6,8,A,1,
254,connectome,15,19,4,B,1,2.6777
254,linear,15,19,4,B,1,
254,mlp,15,19,4,B,1,
255,connectome,16,14,2,A,1,2.6778
255,linear,16,14,2,B,0,
255,mlp,16,14,2,A,1,
256,connectome,7,12,5,B,1,2.6798
256,linear,7,12,5,A,0,
256,mlp,7,12,5,B,1,
257,connectome,16,14,2,A,1,2.6798
257,linear,16,14,2,A,1,
257,mlp,16,14,2,A,1,
258,connectome,5,8,3,B,1,2.6813
258,linear,5,8,3,A,0,
258,mlp,5,8,3,B,1,
259,connectome,7,14,7,B,1,2.6825
259,linear,7,14,7,A,0,
259,mlp,7,14,7,B,1,
260,connectome,8,11,3,B,1,2.6826
260,linear,8,11,3,B,1,
260,mlp,8,11,3,B,1,
261,connectome,12,3,9,A,1,2.6826
261,linear,12,3,9,A,1,
261,mlp,12,3,9,A,1,
262,connectome,18,8,10,A,1,2.6826
262,linear,18,8,10,A,1,
262,mlp,18,8,10,A,1,
263,connectome,4,1,3,A,1,2.6828
263,linear,4,1,3,A,1,
263,mlp,4,1,3,A,1,
264,connectome,9,15,6,B,1,2.6841
264,linear,9,15,6,B,1,
264,mlp,9,15,6,B,1,
265,connectome,6,17,11,B,1,2.6841
265,linear,6,17,11,B,1,
265,mlp,6,17,11,B,1,
266,connectome,4,3,1,A,1,2.6841
266,linear,4,3,1,A,1,
266,mlp,4,3,1,A,1,
267,connectome,8,14,6,B,1,2.6849
267,linear,8,14,6,B,1,
267,mlp,8,14,6,B,1,
268,connectome,6,16,10,B,1,2.6849
268,linear,6,16,10,B,1,
268,mlp,6,16,10,B,1,
269,connectome,1,19,18,B,1,2.6849
269,linear,1,19,18,B,1,
269,mlp,1,19,18,B,1,
270,connectome,1,17,16,B,1,2.6868
270,linear,1,17,16,B,1,
270,mlp,1,17,16,B,1,
271,connectome,1,9,8,B,1,2.6877
271,linear,1,9,8,B,1,
271,mlp,1,9,8,B,1,
272,connectome,6,19,13,B,1,2.6881
272,linear,6,19,13,B,1,
272,mlp,6,19,13,B,1,
273,connectome,13,19,6,B,1,2.6881
273,linear,13,19,6,B,1,
273,mlp,13,19,6,B,1,
274,connectome,8,10,2,B,1,2.6881
274,linear,8,10,2,B,1,
274,mlp,8,10,2,B,1,
275,connectome,10,15,5,B,1,2.6881
275,linear,10,15,5,B,1,
275,mlp,10,15,5,B,1,
276,connectome,10,18,8,B,1,2.6881
276,linear,10,18,8,B,1,
276,mlp,10,18,8,B,1,
277,connectome,4,10,6,B,1,2.6881
277,linear,4,10,6,B,1,
277,mlp,4,10,6,B,1,
278,connectome,5,17,12,B,1,2.6881
278,linear,5,17,12,B,1,
278,mlp,5,17,12,B,1,
279,connectome,3,14,11,B,1,2.6881
279,linear,3,14,11,B,1,
279,mlp,3,14,11,B,1,
280,connectome,18,6,12,A,1,2.6881
280,linear,18,6,12,A,1,
280,mlp,18,6,12,A,1,
281,connectome,6,15,9,B,1,2.6882
281,linear,6,15,9,B,1,
281,mlp,6,15,9,B,1,
282,connectome,12,11,1,A,1,2.6882
282,linear,12,11,1,B,0,
282,mlp,12,11,1,A,1,
283,connectome,17,2,15,A,1,2.6912
283,linear,17,2,15,A,1,
283,mlp,17,2,15,A,1,
284,connectome,6,8,2,B,1,2.6914
284,linear,6,8,2,A,0,
284,mlp,6,8,2,B,1,
285,connectome,18,2,16,A,1,2.6914
285,linear,18,2,16,A,1,
285,mlp,18,2,16,A,1,
286,connectome,9,10,1,B,1,2.6916
286,linear,9,10,1,A,0,
286,mlp,9,10,1,B,1,
287,connectome,1,9,8,B,1,2.6931
287,linear,1,9,8,B,1,
287,mlp,1,9,8,B,1,
288,connectome,13,9,4,A,1,2.6934
288,linear,13,9,4,B,0,
288,mlp,13,9,4,A,1,
289,connectome,6,12,6,B,1,2.6935
289,linear,6,12,6,A,0,
289,mlp,6,12,6,B,1,
290,connectome,19,3,16,A,1,2.6935
290,linear,19,3,16,A,1,
290,mlp,19,3,16,A,1,
291,connectome,6,18,12,B,1,2.6936
291,linear,6,18,12,B,1,
291,mlp,6,18,12,B,1,
292,connectome,6,13,7,B,1,2.6936
292,linear,6,13,7,B,1,
292,mlp,6,13,7,B,1,
293,connectome,7,16,9,B,1,2.6936
293,linear,7,16,9,B,1,
293,mlp,7,16,9,B,1,
294,connectome,12,18,6,B,1,2.6936
294,linear,12,18,6,A,0,
294,mlp,12,18,6,B,1,
295,connectome,13,12,1,A,1,2.6936
295,linear,13,12,1,B,0,
295,mlp,13,12,1,A,1,
296,connectome,10,1,9,A,1,2.6965
296,linear,10,1,9,A,1,
296,mlp,10,1,9,A,1,
297,connectome,3,14,11,B,1,2.6967
297,linear,3,14,11,B,1,
297,mlp,3,14,11,B,1,
298,connectome,13,11,2,A,1,2.6967
298,linear,13,11,2,B,0,
298,mlp,13,11,2,A,1,
299,connectome,3,16,13,B,1,2.6970
299,linear,3,16,13,A,0,
299,mlp,3,16,13,B,1,
300,connectome,16,11,5,A,1,2.6675
300,linear,16,11,5,A,1,
300,mlp,16,11,5,A,1,
301,connectome,5,16,11,B,1,2.6681
301,linear,5,16,11,A,0,
301,mlp,5,16,11,B,1,
302,connectome,10,19,9,B,1,2.6703
302,linear,10,19,9,B,1,
302,mlp,10,19,9,B,1,
303,connectome,6,7,1,B,1,2.6707
303,linear,6,7,1,B,1,
303,mlp,6,7,1,B,1,
304,connectome,16,4,12,A,1,2.6722
304,linear,16,4,12,A,1,
304,mlp,16,4,12,A,1,
305,connectome,7,8,1,B,1,2.6725
305,linear,7,8,1,B,1,
305,mlp,7,8,1,B,1,
306,connectome,14,15,1,B,1,2.6731
306,linear,14,15,1,B,1,
306,mlp,14,15,1,B,1,
307,connectome,15,9,6,A,1,2.6794
307,linear,15,9,6,B,0,
307,mlp,15,9,6,A,1,
308,connectome,12,15,3,B,1,2.6794
308,linear,12,15,3,A,0,
308,mlp,12,15,3,B,1,
309,connectome,3,7,4,B,1,2.6794
309,linear,3,7,4,B,1,
309,mlp,3,7,4,B,1,
310,connectome,14,4,10,A,1,2.6804
310,linear,14,4,10,B,0,
310,mlp,14,4,10,A,1,
311,connectome,6,19,13,B,1,2.6804
311,linear,6,19,13,B,1,
311,mlp,6,19,13,B,1,
312,connectome,4,19,15,B,1,2.6804
312,linear,4,19,15,B,1,
312,mlp,4,19,15,B,1,
313,connectome,17,3,14,A,1,2.6808
313,linear,17,3,14,A,1,
313,mlp,17,3,14,A,1,
314,connectome,11,7,4,A,1,2.6809
314,linear,11,7,4,A,1,
314,mlp,11,7,4,A,1,
315,connectome,10,12,2,B,1,2.6809
315,linear,10,12,2,B,1,
315,mlp,10,12,2,B,1,
316,connectome,18,2,16,A,1,2.6809
316,linear,18,2,16,A,1,
316,mlp,18,2,16,A,1,
317,connectome,4,14,10,B,1,2.6811
317,linear,4,14,10,B,1,
317,mlp,4,14,10,B,1,
318,connectome,4,7,3,B,1,2.6811
318,linear,4,7,3,B,1,
318,mlp,4,7,3,B,1,
319,connectome,12,4,8,A,1,2.6818
319,linear,12,4,8,A,1,
319,mlp,12,4,8,A,1,
320,connectome,19,13,6,A,1,2.6818
320,linear,19,13,6,B,0,
320,mlp,19,13,6,A,1,
321,connectome,5,7,2,B,1,2.6820
321,linear,5,7,2,A,0,
321,mlp,5,7,2,B,1,
322,connectome,13,7,6,A,1,2.6822
322,linear,13,7,6,A,1,
322,mlp,13,7,6,A,1,
323,connectome,12,18,6,B,1,2.6822
323,linear,12,18,6,A,0,
323,mlp,12,18,6,B,1,
324,connectome,7,4,3,A,1,2.6822
324,linear,7,4,3,A,1,
324,mlp,7,4,3,A,1,
325,connectome,6,10,4,B,1,2.6822
325,linear,6,10,4,B,1,
325,mlp,6,10,4,B,1,
326,connectome,11,1,10,A,1,2.6829
326,linear,11,1,10,A,1,
326,mlp,11,1,10,A,1,
327,connectome,13,4,9,A,1,2.6830
327,linear,13,4,9,A,1,
327,mlp,13,4,9,A,1,
328,connectome,12,17,5,B,1,2.6830
328,linear,12,17,5,B,1,
328,mlp,12,17,5,B,1,
329,connectome,4,15,11,B,1,2.6830
329,linear,4,15,11,B,1,
329,mlp,4,15,11,B,1,
330,connectome,1,11,10,B,1,2.6830
330,linear,1,11,10,B,1,
330,mlp,1,11,10,B,1,
331,connectome,13,5,8,A,1,2.6835
331,linear,13,5,8,A,1,
331,mlp,13,5,8,A,1,
332,connectome,15,11,4,A,1,2.6836
332,linear,15,11,4,B,0,
332,mlp,15,11,4,A,1,
333,connectome,8,1,7,A,1,2.6839
333,linear,8,1,7,A,1,
333,mlp,8,1,7,A,1,
334,connectome,3,14,11,B,1,2.6841
334,linear,3,14,11,A,0,
334,mlp,3,14,11,B,1,
335,connectome,8,14,6,B,1,2.6841
335,linear,8,14,6,A,0,
335,mlp,8,14,6,B,1,
336,connectome,19,13,6,A,1,2.6841
336,linear,19,13,6,B,0,
336,mlp,19,13,6,A,1,
337,connectome,15,12,3,A,1,2.6842
337,linear,15,12,3,A,1,
337,mlp,15,12,3,A,1,
338,connectome,6,2,4,A,1,2.6845
338,linear,6,2,4,A,1,
338,mlp,6,2,4,A,1,
339,connectome,12,5,7,A,1,2.6846
339,linear,12,5,7,A,1,
339,mlp,12,5,7,A,1,
340,connectome,3,11,8,B,1,2.6847
340,linear,3,11,8,A,0,
340,mlp,3,11,8,B,1,
341,connectome,12,8,4,A,1,2.6847
341,linear,12,8,4,A,1,
341,mlp,12,8,4,A,1,
342,connectome,12,19,7,B,1,2.6847
342,linear,12,19,7,A,0,
342,mlp,12,19,7,B,1,
343,connectome,15,18,3,B,1,2.6847
343,linear,15,18,3,B,1,
343,mlp,15,18,3,B,1,
344,connectome,2,3,1,B,1,2.6847
344,linear,2,3,1,B,1,
344,mlp,2,3,1,B,1,
345,connectome,7,12,5,B,1,2.6906
345,linear,7,12,5,B,1,
345,mlp,7,12,5,B,1,
346,connectome,14,18,4,B,1,2.6906
346,linear,14,18,4,B,1,
346,mlp,14,18,4,B,1,
347,connectome,3,4,1,B,1,2.6906
347,linear,3,4,1,B,1,
347,mlp,3,4,1,B,1,
348,connectome,6,4,2,A,1,2.6921
348,linear,6,4,2,B,0,
348,mlp,6,4,2,A,1,
349,connectome,14,8,6,A,1,2.6922
349,linear,14,8,6,B,0,
349,mlp,14,8,6,A,1,
350,connectome,18,6,12,A,1,2.6628
350,linear,18,6,12,A,1,
350,mlp,18,6,12,A,1,
351,connectome,7,6,1,A,1,2.6634
351,linear,7,6,1,A,1,
351,mlp,7,6,1,A,1,
352,connectome,5,16,11,B,1,2.6642
352,linear,5,16,11,A,0,
352,mlp,5,16,11,B,1,
353,connectome,16,6,10,A,1,2.6663
353,linear,16,6,10,A,1,
353,mlp,16,6,10,A,1,
354,connectome,12,17,5,B,1,2.6665
354,linear,12,17,5,A,0,
354,mlp,12,17,5,B,1,
355,connectome,10,18,8,B,1,2.6673
355,linear,10,18,8,B,1,
355,mlp,10,18,8,B,1,
356,connectome,5,2,3,A,1,2.6674
356,linear,5,2,3,B,0,
356,mlp,5,2,3,A,1,
357,connectome,12,1,11,A,1,2.6679
357,linear,12,1,11,A,1,
357,mlp,12,1,11,A,1,
358,connectome,4,12,8,B,1,2.6682
358,linear,4,12,8,B,1,
358,mlp,4,12,8,B,1,
359,connectome,9,4,5,A,1,2.6682
359,linear,9,4,5,B,0,
359,mlp,9,4,5,A,1,
360,connectome,10,19,9,B,1,2.6682
360,linear,10,19,9,B,1,
360,mlp,10,19,9,B,1,
361,connectome,19,3,16,A,1,2.6682
361,linear,19,3,16,B,0,
361,mlp,19,3,16,A,1,
362,connectome,15,9,6,A,1,2.6682
362,linear,15,9,6,B,0,
362,mlp,15,9,6,A,1,
363,connectome,9,8,1,A,1,2.6683
363,linear,9,8,1,A,1,
363,mlp,9,8,1,A,1,
364,connectome,16,5,11,A,1,2.6697
364,linear,16,5,11,A,1,
364,mlp,16,5,11,A,1,
365,connectome,12,15,3,B,1,2.6697
365,linear,12,15,3,A,0,
365,mlp,12,15,3,B,1,
366,connectome,8,13,5,B,1,2.6700
366,linear,8,13,5,B,1,
366,mlp,8,13,5,B,1,
367,connectome,3,14,11,B,1,2.6700
367,linear,3,14,11,B,1,
367,mlp,3,14,11,B,1,
368,connectome,6,2,4,A,1,2.6701
368,linear,6,2,4,B,0,
368,mlp,6,2,4,A,1,
369,connectome,6,7,1,B,1,2.6702
369,linear,6,7,1,B,1,
369,mlp,6,7,1,B,1,
370,connectome,13,10,3,A,1,2.6706
370,linear,13,10,3,B,0,
370,mlp,13,10,3,A,1,
371,connectome,16,9,7,A,1,2.6706
371,linear,16,9,7,A,1,
371,mlp,16,9,7,A,1,
372,connectome,17,1,16,A,1,2.6706
372,linear,17,1,16,A,1,
372,mlp,17,1,16,A,1,
373,connectome,7,4,3,A,1,2.6708
373,linear,7,4,3,A,1,
373,mlp,7,4,3,A,1,
374,connectome,8,18,10,B,1,2.6708
374,linear,8,18,10,B,1,
374,mlp,8,18,10,B,1,
375,connectome,3,4,1,B,1,2.6708
375,linear,3,4,1,B,1,
375,mlp,3,4,1,B,1,
376,connectome,8,17,9,B,1,2.6720
376,linear,8,17,9,B,1,
376,mlp,8,17,9,B,1,
377,connectome,1,16,15,B,1,2.6720
377,linear,1,16,15,B,1,
377,mlp,1,16,15,B,1,
378,connectome,15,8,7,A,1,2.6727
378,linear,15,8,7,A,1,
378,mlp,15,8,7,A,1,
379,connectome,1,9,8,B,1,2.6727
379,linear,1,9,8,B,1,
379,mlp,1,9,8,B,1,
380,connectome,14,16,2,B,1,2.6728
380,linear,14,16,2,A,0,
380,mlp,14,16,2,B,1,
381,connectome,4,13,9,B,1,2.6731
381,linear,4,13,9,B,1,
381,mlp,4,13,9,B,1,
382,connectome,11,16,5,B,1,2.6731
382,linear,11,16,5,B,1,
382,mlp,11,16,5,B,1,
383,connectome,14,15,1,B,1,2.6731
383,linear,14,15,1,B,1,
383,mlp,14,15,1,B,1,
384,connectome,17,14,3,A,1,2.6776
384,linear,17,14,3,B,0,
384,mlp,17,14,3,A,1,
385,connectome,8,18,10,B,1,2.6779
385,linear,8,18,10,B,1,
385,mlp,8,18,10,B,1,
386,connectome,11,16,5,B,1,2.6779
386,linear,11,16,5,A,0,
386,mlp,11,16,5,B,1,
387,connectome,2,4,2,B,1,2.6779
387,linear,2,4,2,B,1,
387,mlp,2,4,2,B,1,
388,connectome,11,15,4,B,1,2.6791
388,linear,11,15,4,B,1,
388,mlp,11,15,4,B,1,
389,connectome,19,2,17,A,1,2.6791
389,linear,19,2,17,A,1,
389,mlp,19,2,17,A,1,
390,connectome,17,9,8,A,1,2.6792
390,linear,17,9,8,B,0,
390,mlp,17,9,8,A,1,
391,connectome,19,8,11,A,1,2.6792
391,linear,19,8,11,A,1,
391,mlp,19,8,11,A,1,
392,connectome,18,4,14,A,1,2.6794
392,linear,18,4,14,A,1,
392,mlp,18,4,14,A,1,
393,connectome,7,18,11,B,1,2.6795
393,linear,7,18,11,B,1,
393,mlp,7,18,11,B,1,
394,connectome,19,2,17,A,1,2.6795
394,linear,19,2,17,A,1,
394,mlp,19,2,17,A,1,
395,connectome,3,1,2,A,1,2.6795
395,linear,3,1,2,A,1,
395,mlp,3,1,2,A,1,
396,connectome,18,7,11,A,1,2.6834
396,linear,18,7,11,A,1,
396,mlp,18,7,11,A,1,
397,connectome,11,19,8,B,1,2.6836
397,linear,11,19,8,B,1,
397,mlp,11,19,8,B,1,
398,connectome,16,6,10,A,1,2.6836
398,linear,16,6,10,A,1,
398,mlp,16,6,10,A,1,
399,connectome,8,16,8,B,1,2.6836
399,linear,8,16,8,B,1,
399,mlp,8,16,8,B,1,
