n_digits,group_size,agent,baseline_accuracy,overall_accuracy,last_accuracy,gap1_accuracy,gap1_n
1,151,connectome,0.6500,1.0000,1.0000,1.0000,76
1,151,linear,0.5833,0.5067,0.6500,0.4605,76
1,151,mlp,0.4167,0.8833,1.0000,0.8026,76
2,75,connectome,0.6167,0.9033,0.9500,,4
2,75,linear,0.4833,0.8467,0.9000,,4
2,75,mlp,0.0167,0.9100,1.0000,,4
3,50,connectome,0.4167,0.8233,0.8500,,1
3,50,linear,0.4833,0.7200,0.7000,,1
3,50,mlp,0.0500,0.8933,0.9500,,1
4,37,connectome,0.4333,0.8100,1.0000,,0
4,37,linear,0.4833,0.5000,0.5500,,0
4,37,mlp,0.0500,0.8867,0.9500,,0
5,30,connectome,0.4333,0.7567,1.0000,,0
5,30,linear,0.4833,0.5000,0.5500,,0
5,30,mlp,0.0500,0.8767,0.9500,,0
