n_max,agent,baseline_accuracy,overall_accuracy,last_accuracy,gap1_accuracy,gap1_n
9,connectome,0.6500,1.0000,1.0000,1.0000,45
9,linear,0.5833,0.5000,0.5000,0.4667,45
9,mlp,0.4167,0.8300,1.0000,0.6889,45
19,connectome,0.6333,0.9800,1.0000,,18
19,linear,0.5333,0.5600,0.6000,,18
19,mlp,0.1333,0.8500,1.0000,,18
49,connectome,0.6333,0.9850,0.9500,,9
49,linear,0.5333,0.7300,0.8500,,9
49,mlp,0.0833,0.8250,0.9000,,9
99,connectome,0.6167,0.9750,0.9500,,3
99,linear,0.4833,0.8050,0.9000,,3
99,mlp,0.0167,0.8750,0.9500,,3
199,connectome,0.6500,0.9750,0.9500,,1
199,linear,0.4833,0.8200,0.9000,,1
199,mlp,0.0167,0.8650,0.9500,,1
499,connectome,0.6333,0.9750,0.9500,,0
499,linear,0.4833,0.7000,0.8000,,0
499,mlp,0.0167,0.8800,0.9500,,0
999,connectome,0.6333,0.9650,0.9500,,2
999,linear,0.4833,0.6750,0.9500,,2
999,mlp,0.0167,0.8700,0.9500,,2
