round,agent,label,predicted,correct,drift_pct
0,connectome,4,4,1,0.0000
0,linear,4,4,1,
0,mlp,4,1,0,
1,connectome,3,4,0,0.0000
1,linear,3,4,0,
1,mlp,3,1,0,
2,connectome,2,4,0,0.0000
2,linear,2,3,0,
2,mlp,2,1,0,
3,connectome,1,3,0,0.0000
3,linear,1,2,0,
3,mlp,1,1,1,
4,connectome,1,3,0,0.0000
4,linear,1,1,1,
4,mlp,1,1,1,
5,connectome,0,1,0,0.0000
5,linear,0,2,0,
5,mlp,0,1,0,
6,connectome,0,3,0,0.0000
6,linear,0,0,1,
6,mlp,0,1,0,
7,connectome,0,0,1,0.0000
7,linear,0,0,1,
7,mlp,0,1,0,
8,connectome,0,0,1,0.0000
8,linear,0,0,1,
8,mlp,0,1,0,
9,connectome,4,0,0,0.0001
9,linear,4,0,0,
9,mlp,4,1,0,
10,connectome,3,0,0,0.0001
10,linear,3,0,0,
10,mlp,3,1,0,
11,connectome,4,4,1,0.0001
11,linear,4,4,1,
11,mlp,4,1,0,
12,connectome,2,4,0,0.0001
12,linear,2,3,0,
12,mlp,2,1,0,
13,connectome,3,4,0,0.0001
13,linear,3,2,0,
13,mlp,3,1,0,
14,connectome,4,4,1,0.0001
14,linear,4,4,1,
14,mlp,4,1,0,
15,connectome,3,4,0,0.0002
15,linear,3,3,1,
15,mlp,3,1,0,
16,connectome,3,4,0,0.0002
16,linear,3,3,1,
16,mlp,3,1,0,
17,connectome,2,4,0,0.0002
17,linear,2,3,0,
17,mlp,2,1,0,
18,connectome,2,4,0,0.0002
18,linear,2,2,1,
18,mlp,2,1,0,
19,connectome,4,4,1,0.0002
19,linear,4,4,1,
19,mlp,4,1,0,
20,connectome,1,3,0,0.0003
20,linear,1,4,0,
20,mlp,1,1,1,
21,connectome,4,4,1,0.0003
21,linear,4,4,1,
21,mlp,4,1,0,
22,connectome,3,4,0,0.0005
22,linear,3,2,0,
22,mlp,3,1,0,
23,connectome,0,4,0,0.0005
23,linear,0,3,0,
23,mlp,0,1,0,
24,connectome,1,3,0,0.0006
24,linear,1,1,1,
24,mlp,1,1,1,
25,connectome,4,4,1,0.0006
25,linear,4,4,1,
25,mlp,4,1,0,
26,connectome,2,4,0,0.0010
26,linear,2,2,1,
26,mlp,2,1,0,
27,connectome,0,4,0,0.0010
27,linear,0,0,1,
27,mlp,0,1,0,
28,connectome,3,4,0,0.0011
28,linear,3,3,1,
28,mlp,3,1,0,
29,connectome,3,4,0,0.0009
29,linear,3,3,1,
29,mlp,3,1,0,
30,connectome,4,4,1,0.0009
30,linear,4,4,1,
30,mlp,4,1,0,
31,connectome,0,0,1,0.0014
31,linear,0,0,1,
31,mlp,0,1,0,
32,connectome,0,0,1,0.0016
32,linear,0,0,1,
32,mlp,0,1,0,
33,connectome,4,4,1,0.0019
33,linear,4,4,1,
33,mlp,4,1,0,
34,connectome,0,0,1,0.0030
34,linear,0,0,1,
34,mlp,0,1,0,
35,connectome,2,4,0,0.0037
35,linear,2,2,1,
35,mlp,2,1,0,
36,connectome,0,0,1,0.0037
36,linear,0,0,1,
36,mlp,0,1,0,
37,connectome,1,3,0,0.0039
37,linear,1,1,1,
37,mlp,1,1,1,
38,connectome,2,4,0,0.0039
38,linear,2,2,1,
38,mlp,2,1,0,
39,connectome,2,4,0,0.0039
39,linear,2,2,1,
39,mlp,2,1,0,
40,connectome,2,4,0,0.0040
40,linear,2,2,1,
40,mlp,2,1,0,
41,connectome,0,0,1,0.0041
41,linear,0,0,1,
41,mlp,0,1,0,
42,connectome,0,0,1,0.0042
42,linear,0,0,1,
42,mlp,0,1,0,
43,connectome,0,0,1,0.0045
43,linear,0,0,1,
43,mlp,0,1,0,
44,connectome,0,0,1,0.0048
44,linear,0,0,1,
44,mlp,0,1,0,
45,connectome,3,0,0,0.0052
45,linear,3,3,1,
45,mlp,3,1,0,
46,connectome,2,0,0,0.0052
46,linear,2,2,1,
46,mlp,2,1,0,
47,connectome,3,0,0,0.0053
47,linear,3,3,1,
47,mlp,3,1,0,
48,connectome,1,0,0,0.0053
48,linear,1,1,1,
48,mlp,1,1,1,
49,connectome,3,0,0,0.0053
49,linear,3,3,1,
49,mlp,3,1,0,
50,connectome,3,0,0,0.0052
50,linear,3,3,1,
50,mlp,3,1,0,
51,connectome,1,1,1,0.0048
51,linear,1,1,1,
51,mlp,1,1,1,
52,connectome,2,0,0,0.0049
52,linear,2,2,1,
52,mlp,2,1,0,
53,connectome,4,4,1,0.0050
53,linear,4,4,1,
53,mlp,4,1,0,
54,connectome,4,4,1,0.0065
54,linear,4,4,1,
54,mlp,4,1,0,
55,connectome,4,4,1,0.0078
55,linear,4,4,1,
55,mlp,4,1,0,
56,connectome,1,1,1,0.0090
56,linear,1,1,1,
56,mlp,1,1,1,
57,connectome,3,4,0,0.0091
57,linear,3,3,1,
57,mlp,3,1,0,
58,connectome,4,4,1,0.0092
58,linear,4,4,1,
58,mlp,4,1,0,
59,connectome,3,4,0,0.0098
59,linear,3,3,1,
59,mlp,3,1,0,
60,connectome,4,4,1,0.0099
60,linear,4,4,1,
60,mlp,4,1,0,
61,connectome,3,4,0,0.0102
61,linear,3,3,1,
61,mlp,3,1,0,
62,connectome,3,4,0,0.0105
62,linear,3,3,1,
62,mlp,3,1,0,
63,connectome,1,1,1,0.0110
63,linear,1,1,1,
63,mlp,1,1,1,
64,connectome,4,4,1,0.0114
64,linear,4,4,1,
64,mlp,4,1,0,
65,connectome,0,0,1,0.0116
65,linear,0,0,1,
65,mlp,0,0,1,
66,connectome,2,4,0,0.0118
66,linear,2,2,1,
66,mlp,2,0,0,
67,connectome,3,4,0,0.0116
67,linear,3,3,1,
67,mlp,3,2,0,
68,connectome,4,4,1,0.0123
68,linear,4,4,1,
68,mlp,4,4,1,
69,connectome,2,4,0,0.0127
69,linear,2,2,1,
69,mlp,2,2,1,
70,connectome,1,1,1,0.0125
70,linear,1,1,1,
70,mlp,1,1,1,
71,connectome,1,1,1,0.0130
71,linear,1,1,1,
71,mlp,1,1,1,
72,connectome,2,4,0,0.0130
72,linear,2,2,1,
72,mlp,2,2,1,
73,connectome,2,4,0,0.0132
73,linear,2,2,1,
73,mlp,2,2,1,
74,connectome,3,4,0,0.0137
74,linear,3,3,1,
74,mlp,3,3,1,
75,connectome,4,4,1,0.0141
75,linear,4,4,1,
75,mlp,4,4,1,
76,connectome,0,0,1,0.0144
76,linear,0,0,1,
76,mlp,0,0,1,
77,connectome,4,4,1,0.0146
77,linear,4,4,1,
77,mlp,4,4,1,
78,connectome,2,4,0,0.0149
78,linear,2,2,1,
78,mlp,2,2,1,
79,connectome,1,1,1,0.0155
79,linear,1,1,1,
79,mlp,1,4,0,
80,connectome,3,4,0,0.0157
80,linear,3,3,1,
80,mlp,3,3,1,
81,connectome,2,4,0,0.0159
81,linear,2,2,1,
81,mlp,2,2,1,
82,connectome,1,1,1,0.0166
82,linear,1,1,1,
82,mlp,1,4,0,
83,connectome,1,1,1,0.0167
83,linear,1,1,1,
83,mlp,1,4,0,
84,connectome,3,4,0,0.0168
84,linear,3,3,1,
84,mlp,3,3,1,
85,connectome,2,4,0,0.0167
85,linear,2,2,1,
85,mlp,2,2,1,
86,connectome,2,4,0,0.0172
86,linear,2,2,1,
86,mlp,2,2,1,
87,connectome,1,1,1,0.0170
87,linear,1,1,1,
87,mlp,1,4,0,
88,connectome,3,4,0,0.0172
88,linear,3,3,1,
88,mlp,3,3,1,
89,connectome,1,1,1,0.0159
89,linear,1,1,1,
89,mlp,1,4,0,
90,connectome,1,1,1,0.0161
90,linear,1,1,1,
90,mlp,1,4,0,
91,connectome,4,4,1,0.0164
91,linear,4,4,1,
91,mlp,4,4,1,
92,connectome,1,1,1,0.0185
92,linear,1,1,1,
92,mlp,1,1,1,
93,connectome,1,1,1,0.0186
93,linear,1,1,1,
93,mlp,1,1,1,
94,connectome,3,4,0,0.0185
94,linear,3,3,1,
94,mlp,3,3,1,
95,connectome,3,4,0,0.0183
95,linear,3,3,1,
95,mlp,3,3,1,
96,connectome,0,0,1,0.0184
96,linear,0,0,1,
96,mlp,0,0,1,
97,connectome,0,0,1,0.0187
97,linear,0,0,1,
97,mlp,0,0,1,
98,connectome,1,1,1,0.0190
98,linear,1,1,1,
98,mlp,1,1,1,
99,connectome,4,4,1,0.0191
99,linear,4,4,1,
99,mlp,4,4,1,
100,connectome,2,4,0,0.0187
100,linear,2,2,1,
100,mlp,2,2,1,
101,connectome,3,4,0,0.0200
101,linear,3,3,1,
101,mlp,3,3,1,
102,connectome,1,1,1,0.0184
102,linear,1,1,1,
102,mlp,1,1,1,
103,connectome,1,1,1,0.0185
103,linear,1,1,1,
103,mlp,1,1,1,
104,connectome,3,4,0,0.0184
104,linear,3,3,1,
104,mlp,3,3,1,
105,connectome,4,4,1,0.0169
105,linear,4,4,1,
105,mlp,4,4,1,
106,connectome,0,0,1,0.0200
106,linear,0,0,1,
106,mlp,0,0,1,
107,connectome,0,0,1,0.0206
107,linear,0,0,1,
107,mlp,0,0,1,
108,connectome,3,4,0,0.0207
108,linear,3,3,1,
108,mlp,3,3,1,
109,connectome,1,1,1,0.0206
109,linear,1,1,1,
109,mlp,1,1,1,
110,connectome,2,4,0,0.0207
110,linear,2,2,1,
110,mlp,2,2,1,
111,connectome,0,0,1,0.0208
111,linear,0,0,1,
111,mlp,0,0,1,
112,connectome,4,4,1,0.0210
112,linear,4,4,1,
112,mlp,4,4,1,
113,connectome,2,4,0,0.0214
113,linear,2,2,1,
113,mlp,2,2,1,
114,connectome,4,4,1,0.0216
114,linear,4,4,1,
114,mlp,4,4,1,
115,connectome,3,4,0,0.0219
115,linear,3,3,1,
115,mlp,3,3,1,
116,connectome,3,4,0,0.0207
116,linear,3,3,1,
116,mlp,3,3,1,
117,connectome,1,1,1,0.0204
117,linear,1,1,1,
117,mlp,1,1,1,
118,connectome,3,4,0,0.0204
118,linear,3,3,1,
118,mlp,3,3,1,
119,connectome,0,0,1,0.0190
119,linear,0,0,1,
119,mlp,0,0,1,
120,connectome,2,4,0,0.0193
120,linear,2,2,1,
120,mlp,2,2,1,
121,connectome,2,4,0,0.0196
121,linear,2,2,1,
121,mlp,2,2,1,
122,connectome,4,4,1,0.0198
122,linear,4,4,1,
122,mlp,4,4,1,
123,connectome,0,0,1,0.0232
123,linear,0,0,1,
123,mlp,0,0,1,
124,connectome,4,4,1,0.0235
124,linear,4,4,1,
124,mlp,4,4,1,
125,connectome,0,0,1,0.0240
125,linear,0,0,1,
125,mlp,0,0,1,
126,connectome,3,4,0,0.0240
126,linear,3,3,1,
126,mlp,3,3,1,
127,connectome,2,4,0,0.0244
127,linear,2,2,1,
127,mlp,2,2,1,
128,connectome,4,4,1,0.0246
128,linear,4,4,1,
128,mlp,4,4,1,
129,connectome,1,1,1,0.0247
129,linear,1,1,1,
129,mlp,1,1,1,
130,connectome,4,4,1,0.0249
130,linear,4,4,1,
130,mlp,4,4,1,
131,connectome,3,4,0,0.0249
131,linear,3,3,1,
131,mlp,3,3,1,
132,connectome,4,4,1,0.0252
132,linear,4,4,1,
132,mlp,4,4,1,
133,connectome,0,0,1,0.0250
133,linear,0,0,1,
133,mlp,0,0,1,
134,connectome,3,4,0,0.0250
134,linear,3,3,1,
134,mlp,3,3,1,
135,connectome,4,4,1,0.0233
135,linear,4,4,1,
135,mlp,4,4,1,
136,connectome,0,0,1,0.0255
136,linear,0,0,1,
136,mlp,0,0,1,
137,connectome,1,1,1,0.0255
137,linear,1,1,1,
137,mlp,1,1,1,
138,connectome,3,4,0,0.0256
138,linear,3,3,1,
138,mlp,3,3,1,
139,connectome,0,0,1,0.0256
139,linear,0,0,1,
139,mlp,0,0,1,
140,connectome,2,4,0,0.0256
140,linear,2,2,1,
140,mlp,2,2,1,
141,connectome,3,4,0,0.0264
141,linear,3,3,1,
141,mlp,3,3,1,
142,connectome,3,4,0,0.0263
142,linear,3,3,1,
142,mlp,3,3,1,
143,connectome,4,4,1,0.0237
143,linear,4,4,1,
143,mlp,4,4,1,
144,connectome,2,4,0,0.0260
144,linear,2,2,1,
144,mlp,2,2,1,
145,connectome,2,4,0,0.0270
145,linear,2,2,1,
145,mlp,2,2,1,
146,connectome,2,4,0,0.0270
146,linear,2,2,1,
146,mlp,2,2,1,
147,connectome,4,4,1,0.0270
147,linear,4,4,1,
147,mlp,4,4,1,
148,connectome,0,0,1,0.0271
148,linear,0,0,1,
148,mlp,0,0,1,
149,connectome,2,4,0,0.0271
149,linear,2,2,1,
149,mlp,2,2,1,
150,connectome,0,0,1,0.0267
150,linear,0,0,1,
150,mlp,0,0,1,
151,connectome,2,4,0,0.0268
151,linear,2,2,1,
151,mlp,2,2,1,
152,connectome,4,4,1,0.0270
152,linear,4,4,1,
152,mlp,4,4,1,
153,connectome,3,4,0,0.0272
153,linear,3,3,1,
153,mlp,3,3,1,
154,connectome,1,4,0,0.0273
154,linear,1,1,1,
154,mlp,1,1,1,
155,connectome,4,4,1,0.0278
155,linear,4,4,1,
155,mlp,4,4,1,
156,connectome,3,4,0,0.0274
156,linear,3,3,1,
156,mlp,3,3,1,
157,connectome,4,4,1,0.0275
157,linear,4,4,1,
157,mlp,4,4,1,
158,connectome,0,0,1,0.0271
158,linear,0,0,1,
158,mlp,0,0,1,
159,connectome,2,4,0,0.0271
159,linear,2,2,1,
159,mlp,2,2,1,
160,connectome,4,4,1,0.0288
160,linear,4,4,1,
160,mlp,4,4,1,
161,connectome,3,4,0,0.0286
161,linear,3,3,1,
161,mlp,3,3,1,
162,connectome,2,4,0,0.0269
162,linear,2,2,1,
162,mlp,2,2,1,
163,connectome,2,4,0,0.0272
163,linear,2,2,1,
163,mlp,2,2,1,
164,connectome,2,4,0,0.0272
164,linear,2,2,1,
164,mlp,2,2,1,
165,connectome,2,4,0,0.0271
165,linear,2,2,1,
165,mlp,2,2,1,
166,connectome,1,1,1,0.0264
166,linear,1,1,1,
166,mlp,1,1,1,
167,connectome,3,4,0,0.0266
167,linear,3,3,1,
167,mlp,3,3,1,
168,connectome,0,0,1,0.0253
168,linear,0,0,1,
168,mlp,0,0,1,
169,connectome,2,4,0,0.0254
169,linear,2,2,1,
169,mlp,2,2,1,
170,connectome,1,1,1,0.0254
170,linear,1,1,1,
170,mlp,1,1,1,
171,connectome,3,4,0,0.0255
171,linear,3,3,1,
171,mlp,3,3,1,
172,connectome,3,4,0,0.0245
172,linear,3,3,1,
172,mlp,3,3,1,
173,connectome,3,4,0,0.0237
173,linear,3,3,1,
173,mlp,3,3,1,
174,connectome,4,4,1,0.0232
174,linear,4,4,1,
174,mlp,4,4,1,
175,connectome,4,4,1,0.0269
175,linear,4,4,1,
175,mlp,4,4,1,
176,connectome,0,0,1,0.0272
176,linear,0,0,1,
176,mlp,0,0,1,
177,connectome,0,0,1,0.0272
177,linear,0,0,1,
177,mlp,0,0,1,
178,connectome,0,0,1,0.0272
178,linear,0,0,1,
178,mlp,0,0,1,
179,connectome,3,4,0,0.0272
179,linear,3,3,1,
179,mlp,3,3,1,
180,connectome,4,4,1,0.0278
180,linear,4,4,1,
180,mlp,4,4,1,
181,connectome,4,4,1,0.0275
181,linear,4,4,1,
181,mlp,4,4,1,
182,connectome,3,4,0,0.0271
182,linear,3,3,1,
182,mlp,3,3,1,
183,connectome,4,4,1,0.0279
183,linear,4,4,1,
183,mlp,4,4,1,
184,connectome,4,4,1,0.0274
184,linear,4,4,1,
184,mlp,4,4,1,
185,connectome,0,4,0,0.0270
185,linear,0,0,1,
185,mlp,0,0,1,
186,connectome,0,4,0,0.0270
186,linear,0,0,1,
186,mlp,0,0,1,
187,connectome,4,4,1,0.0271
187,linear,4,4,1,
187,mlp,4,4,1,
188,connectome,0,4,0,0.0268
188,linear,0,0,1,
188,mlp,0,0,1,
189,connectome,4,4,1,0.0269
189,linear,4,4,1,
189,mlp,4,4,1,
190,connectome,4,4,1,0.0267
190,linear,4,4,1,
190,mlp,4,4,1,
191,connectome,4,4,1,0.0266
191,linear,4,4,1,
191,mlp,4,4,1,
192,connectome,1,4,0,0.0264
192,linear,1,1,1,
192,mlp,1,1,1,
193,connectome,0,4,0,0.0266
193,linear,0,0,1,
193,mlp,0,0,1,
194,connectome,2,4,0,0.0266
194,linear,2,2,1,
194,mlp,2,2,1,
195,connectome,4,4,1,0.0273
195,linear,4,4,1,
195,mlp,4,4,1,
196,connectome,1,4,0,0.0272
196,linear,1,1,1,
196,mlp,1,1,1,
197,connectome,4,4,1,0.0272
197,linear,4,4,1,
197,mlp,4,4,1,
198,connectome,1,4,0,0.0271
198,linear,1,1,1,
198,mlp,1,1,1,
199,connectome,4,4,1,0.0271
199,linear,4,4,1,
199,mlp,4,4,1,
200,connectome,1,4,0,0.0264
200,linear,1,1,1,
200,mlp,1,1,1,
201,connectome,2,4,0,0.0264
201,linear,2,2,1,
201,mlp,2,2,1,
202,connectome,1,4,0,0.0281
202,linear,1,1,1,
202,mlp,1,1,1,
203,connectome,1,4,0,0.0282
203,linear,1,1,1,
203,mlp,1,1,1,
204,connectome,4,4,1,0.0281
204,linear,4,4,1,
204,mlp,4,4,1,
205,connectome,4,4,1,0.0283
205,linear,4,4,1,
205,mlp,4,4,1,
206,connectome,0,4,0,0.0283
206,linear,0,0,1,
206,mlp,0,0,1,
207,connectome,4,4,1,0.0286
207,linear,4,4,1,
207,mlp,4,4,1,
208,connectome,4,4,1,0.0285
208,linear,4,4,1,
208,mlp,4,4,1,
209,connectome,1,4,0,0.0284
209,linear,1,1,1,
209,mlp,1,1,1,
210,connectome,2,4,0,0.0285
210,linear,2,2,1,
210,mlp,2,2,1,
211,connectome,2,4,0,0.0290
211,linear,2,2,1,
211,mlp,2,2,1,
212,connectome,3,4,0,0.0290
212,linear,3,3,1,
212,mlp,3,3,1,
213,connectome,2,4,0,0.0282
213,linear,2,2,1,
213,mlp,2,2,1,
214,connectome,0,4,0,0.0293
214,linear,0,0,1,
214,mlp,0,0,1,
215,connectome,4,4,1,0.0293
215,linear,4,4,1,
215,mlp,4,4,1,
216,connectome,3,4,0,0.0292
216,linear,3,3,1,
216,mlp,3,3,1,
217,connectome,0,4,0,0.0286
217,linear,0,0,1,
217,mlp,0,0,1,
218,connectome,4,4,1,0.0287
218,linear,4,4,1,
218,mlp,4,4,1,
219,connectome,3,4,0,0.0286
219,linear,3,3,1,
219,mlp,3,3,1,
220,connectome,0,4,0,0.0285
220,linear,0,0,1,
220,mlp,0,0,1,
221,connectome,3,4,0,0.0286
221,linear,3,3,1,
221,mlp,3,3,1,
222,connectome,2,4,0,0.0287
222,linear,2,2,1,
222,mlp,2,2,1,
223,connectome,0,0,1,0.0300
223,linear,0,0,1,
223,mlp,0,0,1,
224,connectome,4,4,1,0.0301
224,linear,4,4,1,
224,mlp,4,4,1,
225,connectome,3,4,0,0.0299
225,linear,3,3,1,
225,mlp,3,3,1,
226,connectome,1,4,0,0.0297
226,linear,1,1,1,
226,mlp,1,1,1,
227,connectome,0,0,1,0.0300
227,linear,0,0,1,
227,mlp,0,0,1,
228,connectome,0,0,1,0.0301
228,linear,0,0,1,
228,mlp,0,0,1,
229,connectome,3,4,0,0.0302
229,linear,3,3,1,
229,mlp,3,3,1,
230,connectome,0,0,1,0.0276
230,linear,0,0,1,
230,mlp,0,0,1,
231,connectome,2,4,0,0.0277
231,linear,2,2,1,
231,mlp,2,2,1,
232,connectome,4,4,1,0.0289
232,linear,4,4,1,
232,mlp,4,4,1,
233,connectome,4,4,1,0.0315
233,linear,4,4,1,
233,mlp,4,4,1,
234,connectome,1,4,0,0.0313
234,linear,1,1,1,
234,mlp,1,1,1,
235,connectome,0,0,1,0.0313
235,linear,0,0,1,
235,mlp,0,0,1,
236,connectome,2,4,0,0.0313
236,linear,2,2,1,
236,mlp,2,2,1,
237,connectome,4,4,1,0.0314
237,linear,4,4,1,
237,mlp,4,4,1,
238,connectome,3,4,0,0.0312
238,linear,3,3,1,
238,mlp,3,3,1,
239,connectome,0,0,1,0.0311
239,linear,0,0,1,
239,mlp,0,0,1,
240,connectome,3,4,0,0.0311
240,linear,3,3,1,
240,mlp,3,3,1,
241,connectome,1,4,0,0.0305
241,linear,1,1,1,
241,mlp,1,1,1,
242,connectome,1,4,0,0.0306
242,linear,1,1,1,
242,mlp,1,1,1,
243,connectome,2,4,0,0.0305
243,linear,2,2,1,
243,mlp,2,2,1,
244,connectome,4,4,1,0.0324
244,linear,4,4,1,
244,mlp,4,4,1,
245,connectome,4,4,1,0.0321
245,linear,4,4,1,
245,mlp,4,4,1,
246,connectome,0,0,1,0.0318
246,linear,0,0,1,
246,mlp,0,0,1,
247,connectome,2,4,0,0.0319
247,linear,2,2,1,
247,mlp,2,2,1,
248,connectome,3,4,0,0.0316
248,linear,3,3,1,
248,mlp,3,3,1,
249,connectome,1,4,0,0.0298
249,linear,1,1,1,
249,mlp,1,1,1,
250,connectome,1,1,1,0.0293
250,linear,1,1,1,
250,mlp,1,1,1,
251,connectome,1,1,1,0.0293
251,linear,1,1,1,
251,mlp,1,1,1,
252,connectome,1,1,1,0.0292
252,linear,1,1,1,
252,mlp,1,1,1,
253,connectome,4,4,1,0.0291
253,linear,4,4,1,
253,mlp,4,4,1,
254,connectome,1,4,0,0.0319
254,linear,1,1,1,
254,mlp,1,1,1,
255,connectome,1,4,0,0.0318
255,linear,1,1,1,
255,mlp,1,1,1,
256,connectome,0,4,0,0.0317
256,linear,0,0,1,
256,mlp,0,0,1,
257,connectome,0,0,1,0.0322
257,linear,0,0,1,
257,mlp,0,0,1,
258,connectome,3,4,0,0.0322
258,linear,3,3,1,
258,mlp,3,3,1,
259,connectome,1,1,1,0.0299
259,linear,1,1,1,
259,mlp,1,1,1,
260,connectome,4,4,1,0.0299
260,linear,4,4,1,
260,mlp,4,4,1,
261,connectome,2,4,0,0.0324
261,linear,2,2,1,
261,mlp,2,2,1,
262,connectome,4,4,1,0.0322
262,linear,4,4,1,
262,mlp,4,4,1,
263,connectome,2,4,0,0.0320
263,linear,2,2,1,
263,mlp,2,2,1,
264,connectome,3,4,0,0.0318
264,linear,3,3,1,
264,mlp,3,3,1,
265,connectome,4,4,1,0.0301
265,linear,4,4,1,
265,mlp,4,4,1,
266,connectome,0,0,1,0.0326
266,linear,0,0,1,
266,mlp,0,0,1,
267,connectome,2,4,0,0.0326
267,linear,2,2,1,
267,mlp,2,2,1,
268,connectome,2,4,0,0.0324
268,linear,2,2,1,
268,mlp,2,2,1,
269,connectome,1,4,0,0.0325
269,linear,1,1,1,
269,mlp,1,1,1,
270,connectome,2,4,0,0.0326
270,linear,2,2,1,
270,mlp,2,2,1,
271,connectome,2,4,0,0.0326
271,linear,2,2,1,
271,mlp,2,2,1,
272,connectome,2,4,0,0.0326
272,linear,2,2,1,
272,mlp,2,2,1,
273,connectome,4,4,1,0.0326
273,linear,4,4,1,
273,mlp,4,4,1,
274,connectome,4,4,1,0.0324
274,linear,4,4,1,
274,mlp,4,4,1,
275,connectome,3,4,0,0.0322
275,linear,3,3,1,
275,mlp,3,3,1,
276,connectome,3,4,0,0.0321
276,linear,3,3,1,
276,mlp,3,3,1,
277,connectome,4,4,1,0.0316
277,linear,4,4,1,
277,mlp,4,4,1,
278,connectome,3,4,0,0.0313
278,linear,3,3,1,
278,mlp,3,3,1,
279,connectome,1,4,0,0.0310
279,linear,1,1,1,
279,mlp,1,1,1,
280,connectome,0,0,1,0.0313
280,linear,0,0,1,
280,mlp,0,0,1,
281,connectome,2,4,0,0.0312
281,linear,2,2,1,
281,mlp,2,2,1,
282,connectome,1,4,0,0.0327
282,linear,1,1,1,
282,mlp,1,1,1,
283,connectome,2,4,0,0.0326
283,linear,2,2,1,
283,mlp,2,2,1,
284,connectome,0,0,1,0.0330
284,linear,0,0,1,
284,mlp,0,0,1,
285,connectome,4,4,1,0.0331
285,linear,4,4,1,
285,mlp,4,4,1,
286,connectome,4,4,1,0.0329
286,linear,4,4,1,
286,mlp,4,4,1,
287,connectome,0,0,1,0.0327
287,linear,0,0,1,
287,mlp,0,0,1,
288,connectome,4,4,1,0.0327
288,linear,4,4,1,
288,mlp,4,4,1,
289,connectome,2,4,0,0.0325
289,linear,2,2,1,
289,mlp,2,2,1,
290,connectome,0,0,1,0.0325
290,linear,0,0,1,
290,mlp,0,0,1,
291,connectome,4,4,1,0.0325
291,linear,4,4,1,
291,mlp,4,4,1,
292,connectome,4,4,1,0.0324
292,linear,4,4,1,
292,mlp,4,4,1,
293,connectome,0,0,1,0.0323
293,linear,0,0,1,
293,mlp,0,0,1,
294,connectome,2,4,0,0.0322
294,linear,2,2,1,
294,mlp,2,2,1,
295,connectome,4,4,1,0.0321
295,linear,4,4,1,
295,mlp,4,4,1,
296,connectome,3,4,0,0.0320
296,linear,3,3,1,
296,mlp,3,3,1,
297,connectome,2,4,0,0.0298
297,linear,2,2,1,
297,mlp,2,2,1,
298,connectome,4,4,1,0.0299
298,linear,4,4,1,
298,mlp,4,4,1,
299,connectome,4,4,1,0.0325
299,linear,4,4,1,
299,mlp,4,4,1,
300,connectome,0,0,1,0.0318
300,linear,0,0,1,
300,mlp,0,0,1,
301,connectome,0,0,1,0.0319
301,linear,0,0,1,
301,mlp,0,0,1,
302,connectome,0,0,1,0.0319
302,linear,0,0,1,
302,mlp,0,0,1,
303,connectome,1,4,0,0.0318
303,linear,1,1,1,
303,mlp,1,1,1,
304,connectome,0,0,1,0.0322
304,linear,0,0,1,
304,mlp,0,0,1,
305,connectome,0,0,1,0.0322
305,linear,0,0,1,
305,mlp,0,0,1,
306,connectome,1,4,0,0.0322
306,linear,1,1,1,
306,mlp,1,1,1,
307,connectome,3,4,0,0.0322
307,linear,3,3,1,
307,mlp,3,3,1,
308,connectome,2,4,0,0.0318
308,linear,2,2,1,
308,mlp,2,2,1,
309,connectome,1,4,0,0.0328
309,linear,1,1,1,
309,mlp,1,1,1,
310,connectome,4,4,1,0.0328
310,linear,4,4,1,
310,mlp,4,4,1,
311,connectome,3,4,0,0.0330
311,linear,3,3,1,
311,mlp,3,3,1,
312,connectome,3,4,0,0.0327
312,linear,3,3,1,
312,mlp,3,3,1,
313,connectome,4,4,1,0.0324
313,linear,4,4,1,
313,mlp,4,4,1,
314,connectome,3,4,0,0.0321
314,linear,3,3,1,
314,mlp,3,3,1,
315,connectome,0,0,1,0.0298
315,linear,0,0,1,
315,mlp,0,0,1,
316,connectome,0,0,1,0.0298
316,linear,0,0,1,
316,mlp,0,0,1,
317,connectome,4,4,1,0.0297
317,linear,4,4,1,
317,mlp,4,4,1,
318,connectome,2,4,0,0.0323
318,linear,2,2,1,
318,mlp,2,2,1,
319,connectome,0,0,1,0.0343
319,linear,0,0,1,
319,mlp,0,0,1,
320,connectome,2,4,0,0.0343
320,linear,2,2,1,
320,mlp,2,2,1,
321,connectome,1,4,0,0.0344
321,linear,1,1,1,
321,mlp,1,1,1,
322,connectome,2,4,0,0.0346
322,linear,2,2,1,
322,mlp,2,2,1,
323,connectome,2,4,0,0.0347
323,linear,2,2,1,
323,mlp,2,2,1,
324,connectome,1,4,0,0.0348
324,linear,1,1,1,
324,mlp,1,1,1,
325,connectome,2,4,0,0.0350
325,linear,2,2,1,
325,mlp,2,2,1,
326,connectome,2,4,0,0.0352
326,linear,2,2,1,
326,mlp,2,2,1,
327,connectome,4,4,1,0.0352
327,linear,4,4,1,
327,mlp,4,4,1,
328,connectome,3,4,0,0.0349
328,linear,3,3,1,
328,mlp,3,3,1,
329,connectome,3,4,0,0.0344
329,linear,3,3,1,
329,mlp,3,3,1,
330,connectome,0,0,1,0.0319
330,linear,0,0,1,
330,mlp,0,0,1,
331,connectome,1,4,0,0.0319
331,linear,1,1,1,
331,mlp,1,1,1,
332,connectome,4,4,1,0.0321
332,linear,4,4,1,
332,mlp,4,4,1,
333,connectome,1,4,0,0.0345
333,linear,1,1,1,
333,mlp,1,1,1,
334,connectome,2,4,0,0.0345
334,linear,2,2,1,
334,mlp,2,2,1,
335,connectome,4,4,1,0.0353
335,linear,4,4,1,
335,mlp,4,4,1,
336,connectome,3,4,0,0.0351
336,linear,3,3,1,
336,mlp,3,3,1,
337,connectome,4,4,1,0.0350
337,linear,4,4,1,
337,mlp,4,4,1,
338,connectome,0,0,1,0.0346
338,linear,0,0,1,
338,mlp,0,0,1,
339,connectome,2,4,0,0.0346
339,linear,2,2,1,
339,mlp,2,2,1,
340,connectome,3,4,0,0.0354
340,linear,3,3,1,
340,mlp,3,3,1,
341,connectome,1,4,0,0.0351
341,linear,1,1,1,
341,mlp,1,1,1,
342,connectome,2,4,0,0.0351
342,linear,2,2,1,
342,mlp,2,2,1,
343,connectome,4,4,1,0.0359
343,linear,4,4,1,
343,mlp,4,4,1,
344,connectome,3,4,0,0.0356
344,linear,3,3,1,
344,mlp,3,3,1,
345,connectome,1,4,0,0.0353
345,linear,1,1,1,
345,mlp,1,1,1,
346,connectome,0,0,1,0.0353
346,linear,0,0,1,
346,mlp,0,0,1,
347,connectome,0,0,1,0.0353
347,linear,0,0,1,
347,mlp,0,0,1,
348,connectome,1,4,0,0.0352
348,linear,1,1,1,
348,mlp,1,1,1,
349,connectome,4,4,1,0.0353
349,linear,4,4,1,
349,mlp,4,4,1,
350,connectome,1,4,0,0.0343
350,linear,1,1,1,
350,mlp,1,1,1,
351,connectome,4,4,1,0.0343
351,linear,4,4,1,
351,mlp,4,4,1,
352,connectome,1,4,0,0.0343
352,linear,1,1,1,
352,mlp,1,1,1,
353,connectome,3,4,0,0.0343
353,linear,3,3,1,
353,mlp,3,3,1,
354,connectome,2,4,0,0.0341
354,linear,2,2,1,
354,mlp,2,2,1,
355,connectome,4,4,1,0.0359
355,linear,4,4,1,
355,mlp,4,4,1,
356,connectome,2,4,0,0.0356
356,linear,2,2,1,
356,mlp,2,2,1,
357,connectome,4,4,1,0.0353
357,linear,4,4,1,
357,mlp,4,4,1,
358,connectome,4,4,1,0.0351
358,linear,4,4,1,
358,mlp,4,4,1,
359,connectome,3,4,0,0.0350
359,linear,3,3,1,
359,mlp,3,3,1,
360,connectome,3,4,0,0.0348
360,linear,3,3,1,
360,mlp,3,3,1,
361,connectome,4,4,1,0.0344
361,linear,4,4,1,
361,mlp,4,4,1,
362,connectome,4,4,1,0.0341
362,linear,4,4,1,
362,mlp,4,4,1,
363,connectome,1,4,0,0.0339
363,linear,1,1,1,
363,mlp,1,1,1,
364,connectome,2,4,0,0.0338
364,linear,2,2,1,
364,mlp,2,2,1,
365,connectome,0,4,0,0.0355
365,linear,0,0,1,
365,mlp,0,0,1,
366,connectome,0,0,1,0.0357
366,linear,0,0,1,
366,mlp,0,0,1,
367,connectome,3,4,0,0.0357
367,linear,3,3,1,
367,mlp,3,3,1,
368,connectome,0,0,1,0.0355
368,linear,0,0,1,
368,mlp,0,0,1,
369,connectome,3,4,0,0.0355
369,linear,3,3,1,
369,mlp,3,3,1,
370,connectome,4,4,1,0.0348
370,linear,4,4,1,
370,mlp,4,4,1,
371,connectome,0,0,1,0.0344
371,linear,0,0,1,
371,mlp,0,0,1,
372,connectome,3,4,0,0.0344
372,linear,3,3,1,
372,mlp,3,3,1,
373,connectome,1,4,0,0.0342
373,linear,1,1,1,
373,mlp,1,1,1,
374,connectome,4,4,1,0.0343
374,linear,4,4,1,
374,mlp,4,4,1,
375,connectome,4,4,1,0.0339
375,linear,4,4,1,
375,mlp,4,4,1,
376,connectome,2,4,0,0.0336
376,linear,2,2,1,
376,mlp,2,2,1,
377,connectome,2,4,0,0.0353
377,linear,2,2,1,
377,mlp,2,2,1,
378,connectome,3,4,0,0.0358
378,linear,3,3,1,
378,mlp,3,3,1,
379,connectome,2,4,0,0.0358
379,linear,2,2,1,
379,mlp,2,2,1,
380,connectome,3,4,0,0.0365
380,linear,3,3,1,
380,mlp,3,3,1,
381,connectome,0,0,1,0.0362
381,linear,0,0,1,
381,mlp,0,0,1,
382,connectome,3,4,0,0.0362
382,linear,3,3,1,
382,mlp,3,3,1,
383,connectome,2,4,0,0.0338
383,linear,2,2,1,
383,mlp,2,2,1,
384,connectome,3,4,0,0.0343
384,linear,3,3,1,
384,mlp,3,3,1,
385,connectome,2,2,1,0.0333
385,linear,2,2,1,
385,mlp,2,2,1,
386,connectome,1,1,1,0.0325
386,linear,1,1,1,
386,mlp,1,1,1,
387,connectome,0,0,1,0.0325
387,linear,0,0,1,
387,mlp,0,0,1,
388,connectome,2,2,1,0.0325
388,linear,2,2,1,
388,mlp,2,2,1,
389,connectome,4,4,1,0.0318
389,linear,4,4,1,
389,mlp,4,4,1,
390,connectome,0,0,1,0.0359
390,linear,0,0,1,
390,mlp,0,0,1,
391,connectome,2,4,0,0.0359
391,linear,2,2,1,
391,mlp,2,2,1,
392,connectome,2,4,0,0.0355
392,linear,2,2,1,
392,mlp,2,2,1,
393,connectome,0,0,1,0.0354
393,linear,0,0,1,
393,mlp,0,0,1,
394,connectome,2,4,0,0.0354
394,linear,2,2,1,
394,mlp,2,2,1,
395,connectome,3,4,0,0.0350
395,linear,3,3,1,
395,mlp,3,3,1,
396,connectome,3,4,0,0.0334
396,linear,3,3,1,
396,mlp,3,3,1,
397,connectome,4,4,1,0.0337
397,linear,4,4,1,
397,mlp,4,4,1,
398,connectome,2,4,0,0.0362
398,linear,2,2,1,
398,mlp,2,2,1,
399,connectome,2,4,0,0.0367
399,linear,2,2,1,
399,mlp,2,2,1,
