round,agent,count,predicted,correct,abs_err,drift_pct,output_drift_pct
0,connectome,4,4,1,0,0.0000,0.0000
0,linear,4,0,0,4,,
0,mlp,4,0,0,4,,
1,connectome,3,4,0,1,0.0001,2.6394
1,linear,3,0,0,3,,
1,mlp,3,0,0,3,,
2,connectome,3,0,0,3,0.0002,7.8437
2,linear,3,1,0,2,,
2,mlp,3,0,0,3,,
3,connectome,1,0,0,1,0.0003,8.8740
3,linear,1,1,1,0,,
3,mlp,1,0,0,1,,
4,connectome,2,4,0,2,0.0003,9.1059
4,linear,2,0,0,2,,
4,mlp,2,0,0,2,,
5,connectome,2,0,0,2,0.0003,11.1839
5,linear,2,0,0,2,,
5,mlp,2,0,0,2,,
6,connectome,3,0,0,3,0.0004,12.6834
6,linear,3,2,0,1,,
6,mlp,3,0,0,3,,
7,connectome,3,4,0,1,0.0004,13.4477
7,linear,3,2,0,1,,
7,mlp,3,0,0,3,,
8,connectome,4,4,1,0,0.0004,14.4530
8,linear,4,2,0,2,,
8,mlp,4,0,0,4,,
9,connectome,1,0,0,1,0.0005,16.2099
9,linear,1,1,1,0,,
9,mlp,1,0,0,1,,
10,connectome,0,0,1,0,0.0005,16.7284
10,linear,0,0,1,0,,
10,mlp,0,0,1,0,,
11,connectome,2,0,0,2,0.0005,16.7284
11,linear,2,1,0,1,,
11,mlp,2,0,0,2,,
12,connectome,0,0,1,0,0.0005,18.1196
12,linear,0,0,1,0,,
12,mlp,0,0,1,0,,
13,connectome,2,0,0,2,0.0005,18.1196
13,linear,2,1,0,1,,
13,mlp,2,0,0,2,,
14,connectome,0,0,1,0,0.0006,19.3646
14,linear,0,0,1,0,,
14,mlp,0,0,1,0,,
15,connectome,3,0,0,3,0.0006,19.3646
15,linear,3,3,1,0,,
15,mlp,3,0,0,3,,
16,connectome,4,4,1,0,0.0006,19.9277
16,linear,4,3,0,1,,
16,mlp,4,0,0,4,,
17,connectome,4,4,1,0,0.0006,20.6071
17,linear,4,3,0,1,,
17,mlp,4,0,0,4,,
18,connectome,1,0,0,1,0.0006,21.7222
18,linear,1,1,1,0,,
18,mlp,1,0,0,1,,
19,connectome,1,0,0,1,0.0006,22.0044
19,linear,1,0,0,1,,
19,mlp,1,0,0,1,,
20,connectome,4,4,1,0,0.0007,23.3999
20,linear,4,4,1,0,,
20,mlp,4,0,0,4,,
21,connectome,2,0,0,2,0.0007,25.1332
21,linear,2,1,0,1,,
21,mlp,2,0,0,2,,
22,connectome,0,0,1,0,0.0007,25.3922
22,linear,0,0,1,0,,
22,mlp,0,0,1,0,,
23,connectome,1,0,0,1,0.0007,25.3922
23,linear,1,2,0,1,,
23,mlp,1,0,0,1,,
24,connectome,2,0,0,2,0.0007,25.4847
24,linear,2,1,0,1,,
24,mlp,2,0,0,2,,
25,connectome,1,0,0,1,0.0008,26.6257
25,linear,1,0,0,1,,
25,mlp,1,0,0,1,,
26,connectome,2,0,0,2,0.0008,26.7815
26,linear,2,1,0,1,,
26,mlp,2,0,0,2,,
27,connectome,2,0,0,2,0.0008,26.8636
27,linear,2,1,0,1,,
27,mlp,2,0,0,2,,
28,connectome,3,0,0,3,0.0008,27.5200
28,linear,3,3,1,0,,
28,mlp,3,0,0,3,,
29,connectome,1,0,0,1,0.0008,28.4962
29,linear,1,1,1,0,,
29,mlp,1,0,0,1,,
30,connectome,4,0,0,4,0.0009,29.6123
30,linear,4,4,1,0,,
30,mlp,4,0,0,4,,
31,connectome,3,4,0,1,0.0009,29.9586
31,linear,3,2,0,1,,
31,mlp,3,0,0,3,,
32,connectome,2,0,0,2,0.0009,31.5522
32,linear,2,2,1,0,,
32,mlp,2,0,0,2,,
33,connectome,0,0,1,0,0.0009,32.1143
33,linear,0,0,1,0,,
33,mlp,0,0,1,0,,
34,connectome,3,0,0,3,0.0009,32.1143
34,linear,3,2,0,1,,
34,mlp,3,0,0,3,,
35,connectome,0,0,1,0,0.0010,32.8374
35,linear,0,0,1,0,,
35,mlp,0,0,1,0,,
36,connectome,2,0,0,2,0.0010,32.8374
36,linear,2,2,1,0,,
36,mlp,2,0,0,2,,
37,connectome,2,0,0,2,0.0010,33.6003
37,linear,2,1,0,1,,
37,mlp,2,0,0,2,,
38,connectome,1,0,0,1,0.0010,33.9082
38,linear,1,1,1,0,,
38,mlp,1,0,0,1,,
39,connectome,2,0,0,2,0.0010,34.8640
39,linear,2,1,0,1,,
39,mlp,2,0,0,2,,
40,connectome,1,0,0,1,0.0010,35.5474
40,linear,1,1,1,0,,
40,mlp,1,0,0,1,,
41,connectome,4,0,0,4,0.0010,35.6844
41,linear,4,4,1,0,,
41,mlp,4,0,0,4,,
42,connectome,2,0,0,2,0.0011,36.3983
42,linear,2,1,0,1,,
42,mlp,2,0,0,2,,
43,connectome,4,0,0,4,0.0011,36.7776
43,linear,4,4,1,0,,
43,mlp,4,0,0,4,,
44,connectome,3,0,0,3,0.0011,38.0296
44,linear,3,4,0,1,,
44,mlp,3,0,0,3,,
45,connectome,4,4,1,0,0.0011,38.2852
45,linear,4,2,0,2,,
45,mlp,4,0,0,4,,
46,connectome,1,0,0,1,0.0011,39.3836
46,linear,1,2,0,1,,
46,mlp,1,0,0,1,,
47,connectome,4,0,0,4,0.0011,39.6129
47,linear,4,3,0,1,,
47,mlp,4,0,0,4,,
48,connectome,4,0,0,4,0.0012,40.1184
48,linear,4,3,0,1,,
48,mlp,4,0,0,4,,
49,connectome,1,0,0,1,0.0012,40.7232
49,linear,1,1,1,0,,
49,mlp,1,0,0,1,,
50,connectome,1,0,0,1,0.0012,40.3719
50,linear,1,2,0,1,,
50,mlp,1,0,0,1,,
51,connectome,4,4,1,0,0.0012,40.5655
51,linear,4,4,1,0,,
51,mlp,4,0,0,4,,
52,connectome,3,0,0,3,0.0012,41.5877
52,linear,3,3,1,0,,
52,mlp,3,0,0,3,,
53,connectome,3,0,0,3,0.0012,41.8116
53,linear,3,4,0,1,,
53,mlp,3,0,0,3,,
54,connectome,1,0,0,1,0.0012,41.9417
54,linear,1,1,1,0,,
54,mlp,1,0,0,1,,
55,connectome,1,0,0,1,0.0012,42.1207
55,linear,1,1,1,0,,
55,mlp,1,0,0,1,,
56,connectome,3,0,0,3,0.0012,42.3215
56,linear,3,2,0,1,,
56,mlp,3,0,0,3,,
57,connectome,4,0,0,4,0.0013,43.1769
57,linear,4,4,1,0,,
57,mlp,4,0,0,4,,
58,connectome,0,0,1,0,0.0013,43.8758
58,linear,0,0,1,0,,
58,mlp,0,0,1,0,,
59,connectome,0,0,1,0,0.0013,43.8758
59,linear,0,0,1,0,,
59,mlp,0,0,1,0,,
60,connectome,1,0,0,1,0.0013,43.8758
60,linear,1,1,1,0,,
60,mlp,1,0,0,1,,
61,connectome,2,0,0,2,0.0013,43.9881
61,linear,2,2,1,0,,
61,mlp,2,0,0,2,,
62,connectome,1,0,0,1,0.0013,44.1078
62,linear,1,1,1,0,,
62,mlp,1,0,0,1,,
63,connectome,1,0,0,1,0.0013,44.1372
63,linear,1,1,1,0,,
63,mlp,1,0,0,1,,
64,connectome,1,0,0,1,0.0013,44.2329
64,linear,1,1,1,0,,
64,mlp,1,0,0,1,,
65,connectome,0,0,1,0,0.0013,44.6645
65,linear,0,0,1,0,,
65,mlp,0,0,1,0,,
66,connectome,2,0,0,2,0.0013,44.6645
66,linear,2,2,1,0,,
66,mlp,2,0,0,2,,
67,connectome,0,0,1,0,0.0013,44.8838
67,linear,0,0,1,0,,
67,mlp,0,0,1,0,,
68,connectome,4,0,0,4,0.0013,44.8838
68,linear,4,4,1,0,,
68,mlp,4,0,0,4,,
69,connectome,1,0,0,1,0.0013,45.5919
69,linear,1,1,1,0,,
69,mlp,1,0,0,1,,
70,connectome,0,0,1,0,0.0013,46.1373
70,linear,0,0,1,0,,
70,mlp,0,0,1,0,,
71,connectome,0,0,1,0,0.0013,46.1373
71,linear,0,0,1,0,,
71,mlp,0,0,1,0,,
72,connectome,2,0,0,2,0.0013,46.1373
72,linear,2,2,1,0,,
72,mlp,2,1,0,1,,
73,connectome,4,0,0,4,0.0013,46.2198
73,linear,4,3,0,1,,
73,mlp,4,1,0,3,,
74,connectome,1,0,0,1,0.0014,46.6759
74,linear,1,1,1,0,,
74,mlp,1,0,0,1,,
75,connectome,4,0,0,4,0.0014,47.3173
75,linear,4,3,0,1,,
75,mlp,4,1,0,3,,
76,connectome,0,0,1,0,0.0014,47.8506
76,linear,0,0,1,0,,
76,mlp,0,0,1,0,,
77,connectome,2,0,0,2,0.0014,47.8506
77,linear,2,2,1,0,,
77,mlp,2,1,0,1,,
78,connectome,1,0,0,1,0.0014,48.1440
78,linear,1,2,0,1,,
78,mlp,1,1,1,0,,
79,connectome,3,0,0,3,0.0014,48.2040
79,linear,3,3,1,0,,
79,mlp,3,2,0,1,,
80,connectome,2,0,0,2,0.0014,48.3605
80,linear,2,2,1,0,,
80,mlp,2,2,1,0,,
81,connectome,1,0,0,1,0.0014,48.5701
81,linear,1,1,1,0,,
81,mlp,1,1,1,0,,
82,connectome,0,0,1,0,0.0014,48.6135
82,linear,0,0,1,0,,
82,mlp,0,0,1,0,,
83,connectome,4,0,0,4,0.0014,48.6135
83,linear,4,3,0,1,,
83,mlp,4,4,1,0,,
84,connectome,2,0,0,2,0.0014,48.7513
84,linear,2,2,1,0,,
84,mlp,2,2,1,0,,
85,connectome,0,0,1,0,0.0014,49.5021
85,linear,0,0,1,0,,
85,mlp,0,0,1,0,,
86,connectome,0,0,1,0,0.0014,49.5021
86,linear,0,0,1,0,,
86,mlp,0,0,1,0,,
87,connectome,3,0,0,3,0.0014,49.5021
87,linear,3,3,1,0,,
87,mlp,3,4,0,1,,
88,connectome,3,0,0,3,0.0014,49.6717
88,linear,3,3,1,0,,
88,mlp,3,4,0,1,,
89,connectome,1,0,0,1,0.0014,49.8821
89,linear,1,1,1,0,,
89,mlp,1,1,1,0,,
90,connectome,0,0,1,0,0.0014,49.9507
90,linear,0,0,1,0,,
90,mlp,0,0,1,0,,
91,connectome,1,0,0,1,0.0014,49.9507
91,linear,1,1,1,0,,
91,mlp,1,1,1,0,,
92,connectome,3,0,0,3,0.0014,49.9891
92,linear,3,3,1,0,,
92,mlp,3,3,1,0,,
93,connectome,2,0,0,2,0.0015,50.3222
93,linear,2,2,1,0,,
93,mlp,2,2,1,0,,
94,connectome,0,0,1,0,0.0015,50.4982
94,linear,0,0,1,0,,
94,mlp,0,0,1,0,,
95,connectome,1,0,0,1,0.0015,50.4982
95,linear,1,1,1,0,,
95,mlp,1,1,1,0,,
96,connectome,1,0,0,1,0.0015,50.8489
96,linear,1,1,1,0,,
96,mlp,1,1,1,0,,
97,connectome,0,0,1,0,0.0015,51.0204
97,linear,0,0,1,0,,
97,mlp,0,0,1,0,,
98,connectome,2,0,0,2,0.0015,51.0204
98,linear,2,2,1,0,,
98,mlp,2,2,1,0,,
99,connectome,4,0,0,4,0.0015,51.1105
99,linear,4,4,1,0,,
99,mlp,4,3,0,1,,
100,connectome,1,0,0,1,0.0015,50.3094
100,linear,1,1,1,0,,
100,mlp,1,1,1,0,,
101,connectome,4,0,0,4,0.0015,50.5584
101,linear,4,4,1,0,,
101,mlp,4,3,0,1,,
102,connectome,4,0,0,4,0.0015,50.8418
102,linear,4,4,1,0,,
102,mlp,4,3,0,1,,
103,connectome,4,0,0,4,0.0015,51.0522
103,linear,4,3,0,1,,
103,mlp,4,3,0,1,,
104,connectome,0,0,1,0,0.0015,51.7496
104,linear,0,0,1,0,,
104,mlp,0,0,1,0,,
105,connectome,1,0,0,1,0.0015,51.7496
105,linear,1,1,1,0,,
105,mlp,1,1,1,0,,
106,connectome,4,0,0,4,0.0015,51.8116
106,linear,4,4,1,0,,
106,mlp,4,4,1,0,,
107,connectome,1,0,0,1,0.0015,52.1116
107,linear,1,1,1,0,,
107,mlp,1,1,1,0,,
108,connectome,3,0,0,3,0.0015,52.1565
108,linear,3,3,1,0,,
108,mlp,3,3,1,0,,
109,connectome,2,0,0,2,0.0015,52.5261
109,linear,2,2,1,0,,
109,mlp,2,2,1,0,,
110,connectome,1,0,0,1,0.0015,52.7754
110,linear,1,1,1,0,,
110,mlp,1,1,1,0,,
111,connectome,3,0,0,3,0.0015,52.8334
111,linear,3,3,1,0,,
111,mlp,3,3,1,0,,
112,connectome,4,0,0,4,0.0015,53.0101
112,linear,4,4,1,0,,
112,mlp,4,4,1,0,,
113,connectome,2,0,0,2,0.0015,53.1583
113,linear,2,2,1,0,,
113,mlp,2,2,1,0,,
114,connectome,3,0,0,3,0.0015,53.1872
114,linear,3,2,0,1,,
114,mlp,3,3,1,0,,
115,connectome,4,0,0,4,0.0015,53.2983
115,linear,4,4,1,0,,
115,mlp,4,4,1,0,,
116,connectome,4,0,0,4,0.0015,53.4533
116,linear,4,4,1,0,,
116,mlp,4,4,1,0,,
117,connectome,4,0,0,4,0.0016,53.8494
117,linear,4,3,0,1,,
117,mlp,4,4,1,0,,
118,connectome,4,0,0,4,0.0016,54.0297
118,linear,4,3,0,1,,
118,mlp,4,4,1,0,,
119,connectome,1,0,0,1,0.0016,54.4317
119,linear,1,1,1,0,,
119,mlp,1,1,1,0,,
120,connectome,1,0,0,1,0.0016,54.4766
120,linear,1,1,1,0,,
120,mlp,1,1,1,0,,
121,connectome,2,0,0,2,0.0016,54.6521
121,linear,2,2,1,0,,
121,mlp,2,2,1,0,,
122,connectome,0,0,1,0,0.0016,54.9547
122,linear,0,0,1,0,,
122,mlp,0,0,1,0,,
123,connectome,2,0,0,2,0.0016,54.9547
123,linear,2,2,1,0,,
123,mlp,2,2,1,0,,
124,connectome,3,0,0,3,0.0016,55.0179
124,linear,3,4,0,1,,
124,mlp,3,3,1,0,,
125,connectome,4,0,0,4,0.0016,55.2433
125,linear,4,4,1,0,,
125,mlp,4,4,1,0,,
126,connectome,2,0,0,2,0.0016,55.3516
126,linear,2,2,1,0,,
126,mlp,2,2,1,0,,
127,connectome,2,0,0,2,0.0016,55.8642
127,linear,2,2,1,0,,
127,mlp,2,2,1,0,,
128,connectome,1,0,0,1,0.0016,55.9107
128,linear,1,1,1,0,,
128,mlp,1,1,1,0,,
129,connectome,3,0,0,3,0.0016,55.9275
129,linear,3,2,0,1,,
129,mlp,3,3,1,0,,
130,connectome,2,0,0,2,0.0016,56.1215
130,linear,2,2,1,0,,
130,mlp,2,2,1,0,,
131,connectome,4,0,0,4,0.0016,56.1532
131,linear,4,4,1,0,,
131,mlp,4,4,1,0,,
132,connectome,2,0,0,2,0.0017,57.3414
132,linear,2,2,1,0,,
132,mlp,2,2,1,0,,
133,connectome,4,0,0,4,0.0017,57.4696
133,linear,4,4,1,0,,
133,mlp,4,4,1,0,,
134,connectome,0,0,1,0,0.0017,57.7200
134,linear,0,0,1,0,,
134,mlp,0,0,1,0,,
135,connectome,1,0,0,1,0.0017,57.7200
135,linear,1,1,1,0,,
135,mlp,1,1,1,0,,
136,connectome,4,0,0,4,0.0017,57.8844
136,linear,4,4,1,0,,
136,mlp,4,4,1,0,,
137,connectome,2,0,0,2,0.0017,58.1407
137,linear,2,2,1,0,,
137,mlp,2,2,1,0,,
138,connectome,1,0,0,1,0.0017,58.2184
138,linear,1,1,1,0,,
138,mlp,1,1,1,0,,
139,connectome,2,0,0,2,0.0017,58.3164
139,linear,2,2,1,0,,
139,mlp,2,2,1,0,,
140,connectome,0,0,1,0,0.0017,58.3598
140,linear,0,0,1,0,,
140,mlp,0,0,1,0,,
141,connectome,2,0,0,2,0.0017,58.3598
141,linear,2,2,1,0,,
141,mlp,2,2,1,0,,
142,connectome,0,0,1,0,0.0017,58.4286
142,linear,0,0,1,0,,
142,mlp,0,0,1,0,,
143,connectome,4,0,0,4,0.0017,58.4286
143,linear,4,4,1,0,,
143,mlp,4,4,1,0,,
144,connectome,1,0,0,1,0.0017,58.6329
144,linear,1,1,1,0,,
144,mlp,1,1,1,0,,
145,connectome,1,0,0,1,0.0017,58.8325
145,linear,1,1,1,0,,
145,mlp,1,1,1,0,,
146,connectome,2,0,0,2,0.0017,58.9013
146,linear,2,2,1,0,,
146,mlp,2,2,1,0,,
147,connectome,2,0,0,2,0.0017,58.9327
147,linear,2,3,0,1,,
147,mlp,2,2,1,0,,
148,connectome,0,0,1,0,0.0017,59.0933
148,linear,0,0,1,0,,
148,mlp,0,0,1,0,,
149,connectome,4,0,0,4,0.0017,59.0933
149,linear,4,4,1,0,,
149,mlp,4,4,1,0,,
150,connectome,3,0,0,3,0.0017,57.9928
150,linear,3,3,1,0,,
150,mlp,3,3,1,0,,
151,connectome,0,0,1,0,0.0017,58.1927
151,linear,0,0,1,0,,
151,mlp,0,0,1,0,,
152,connectome,2,0,0,2,0.0017,58.1927
152,linear,2,2,1,0,,
152,mlp,2,2,1,0,,
153,connectome,2,0,0,2,0.0017,58.3507
153,linear,2,2,1,0,,
153,mlp,2,2,1,0,,
154,connectome,0,0,1,0,0.0017,58.4031
154,linear,0,0,1,0,,
154,mlp,0,0,1,0,,
155,connectome,2,0,0,2,0.0017,58.4031
155,linear,2,2,1,0,,
155,mlp,2,2,1,0,,
156,connectome,3,0,0,3,0.0017,58.4688
156,linear,3,3,1,0,,
156,mlp,3,3,1,0,,
157,connectome,3,0,0,3,0.0017,58.5410
157,linear,3,2,0,1,,
157,mlp,3,3,1,0,,
158,connectome,4,0,0,4,0.0017,58.7942
158,linear,4,4,1,0,,
158,mlp,4,4,1,0,,
159,connectome,2,0,0,2,0.0017,58.9893
159,linear,2,1,0,1,,
159,mlp,2,2,1,0,,
160,connectome,0,0,1,0,0.0017,59.3505
160,linear,0,0,1,0,,
160,mlp,0,0,1,0,,
161,connectome,1,0,0,1,0.0017,59.3505
161,linear,1,1,1,0,,
161,mlp,1,1,1,0,,
162,connectome,2,0,0,2,0.0017,59.6011
162,linear,2,2,1,0,,
162,mlp,2,2,1,0,,
163,connectome,3,0,0,3,0.0017,59.8597
163,linear,3,3,1,0,,
163,mlp,3,3,1,0,,
164,connectome,4,0,0,4,0.0017,59.9595
164,linear,4,4,1,0,,
164,mlp,4,4,1,0,,
165,connectome,0,0,1,0,0.0017,60.0782
165,linear,0,0,1,0,,
165,mlp,0,0,1,0,,
166,connectome,4,0,0,4,0.0017,60.0782
166,linear,4,4,1,0,,
166,mlp,4,4,1,0,,
167,connectome,0,0,1,0,0.0018,60.7017
167,linear,0,0,1,0,,
167,mlp,0,0,1,0,,
168,connectome,3,0,0,3,0.0018,60.7017
168,linear,3,3,1,0,,
168,mlp,3,3,1,0,,
169,connectome,2,0,0,2,0.0018,60.8674
169,linear,2,2,1,0,,
169,mlp,2,2,1,0,,
170,connectome,3,0,0,3,0.0018,60.8796
170,linear,3,3,1,0,,
170,mlp,3,3,1,0,,
171,connectome,3,0,0,3,0.0018,61.2240
171,linear,3,4,0,1,,
171,mlp,3,3,1,0,,
172,connectome,2,0,0,2,0.0018,61.2688
172,linear,2,3,0,1,,
172,mlp,2,2,1,0,,
173,connectome,3,0,0,3,0.0018,61.3010
173,linear,3,3,1,0,,
173,mlp,3,3,1,0,,
174,connectome,4,0,0,4,0.0018,61.3911
174,linear,4,4,1,0,,
174,mlp,4,4,1,0,,
175,connectome,0,0,1,0,0.0018,61.6439
175,linear,0,0,1,0,,
175,mlp,0,0,1,0,,
176,connectome,1,0,0,1,0.0018,61.6439
176,linear,1,1,1,0,,
176,mlp,1,1,1,0,,
177,connectome,2,0,0,2,0.0018,61.6456
177,linear,2,2,1,0,,
177,mlp,2,2,1,0,,
178,connectome,3,0,0,3,0.0018,61.8208
178,linear,3,3,1,0,,
178,mlp,3,3,1,0,,
179,connectome,1,0,0,1,0.0018,61.8694
179,linear,1,1,1,0,,
179,mlp,1,1,1,0,,
180,connectome,2,0,0,2,0.0018,61.9429
180,linear,2,2,1,0,,
180,mlp,2,2,1,0,,
181,connectome,3,0,0,3,0.0018,62.2527
181,linear,3,3,1,0,,
181,mlp,3,3,1,0,,
182,connectome,3,0,0,3,0.0018,62.3007
182,linear,3,3,1,0,,
182,mlp,3,3,1,0,,
183,connectome,4,0,0,4,0.0018,62.3631
183,linear,4,4,1,0,,
183,mlp,4,4,1,0,,
184,connectome,0,0,1,0,0.0018,62.4034
184,linear,0,0,1,0,,
184,mlp,0,0,1,0,,
185,connectome,1,0,0,1,0.0018,62.4034
185,linear,1,1,1,0,,
185,mlp,1,1,1,0,,
186,connectome,1,0,0,1,0.0018,62.4191
186,linear,1,1,1,0,,
186,mlp,1,1,1,0,,
187,connectome,1,0,0,1,0.0018,62.4290
187,linear,1,1,1,0,,
187,mlp,1,1,1,0,,
188,connectome,4,0,0,4,0.0018,62.4361
188,linear,4,4,1,0,,
188,mlp,4,4,1,0,,
189,connectome,1,0,0,1,0.0018,62.5241
189,linear,1,1,1,0,,
189,mlp,1,1,1,0,,
190,connectome,2,0,0,2,0.0018,62.5342
190,linear,2,2,1,0,,
190,mlp,2,2,1,0,,
191,connectome,3,0,0,3,0.0018,62.5456
191,linear,3,3,1,0,,
191,mlp,3,3,1,0,,
192,connectome,3,0,0,3,0.0018,62.5980
192,linear,3,3,1,0,,
192,mlp,3,3,1,0,,
193,connectome,1,0,0,1,0.0018,62.6361
193,linear,1,1,1,0,,
193,mlp,1,1,1,0,,
194,connectome,4,0,0,4,0.0018,62.6862
194,linear,4,4,1,0,,
194,mlp,4,4,1,0,,
195,connectome,4,0,0,4,0.0018,62.9323
195,linear,4,4,1,0,,
195,mlp,4,4,1,0,,
196,connectome,1,0,0,1,0.0018,63.0301
196,linear,1,1,1,0,,
196,mlp,1,1,1,0,,
197,connectome,0,0,1,0,0.0018,63.0347
197,linear,0,0,1,0,,
197,mlp,0,0,1,0,,
198,connectome,4,0,0,4,0.0018,63.0347
198,linear,4,4,1,0,,
198,mlp,4,4,1,0,,
199,connectome,0,0,1,0,0.0018,63.4152
199,linear,0,0,1,0,,
199,mlp,0,0,1,0,,
200,connectome,1,0,0,1,0.0018,62.1469
200,linear,1,1,1,0,,
200,mlp,1,1,1,0,,
201,connectome,1,0,0,1,0.0018,62.2154
201,linear,1,1,1,0,,
201,mlp,1,1,1,0,,
202,connectome,4,0,0,4,0.0018,62.2574
202,linear,4,4,1,0,,
202,mlp,4,4,1,0,,
203,connectome,4,0,0,4,0.0018,62.3774
203,linear,4,3,0,1,,
203,mlp,4,4,1,0,,
204,connectome,4,0,0,4,0.0018,62.5948
204,linear,4,4,1,0,,
204,mlp,4,4,1,0,,
205,connectome,0,0,1,0,0.0018,62.7844
205,linear,0,0,1,0,,
205,mlp,0,0,1,0,,
206,connectome,3,0,0,3,0.0018,62.7844
206,linear,3,3,1,0,,
206,mlp,3,3,1,0,,
207,connectome,0,0,1,0,0.0018,62.9392
207,linear,0,0,1,0,,
207,mlp,0,0,1,0,,
208,connectome,3,0,0,3,0.0018,62.9392
208,linear,3,3,1,0,,
208,mlp,3,3,1,0,,
209,connectome,3,0,0,3,0.0018,63.0614
209,linear,3,3,1,0,,
209,mlp,3,3,1,0,,
210,connectome,1,0,0,1,0.0018,63.1910
210,linear,1,1,1,0,,
210,mlp,1,1,1,0,,
211,connectome,0,0,1,0,0.0018,63.3635
211,linear,0,0,1,0,,
211,mlp,0,0,1,0,,
212,connectome,1,0,0,1,0.0018,63.3635
212,linear,1,1,1,0,,
212,mlp,1,1,1,0,,
213,connectome,3,0,0,3,0.0018,63.4042
213,linear,3,3,1,0,,
213,mlp,3,3,1,0,,
214,connectome,3,0,0,3,0.0018,63.5203
214,linear,3,3,1,0,,
214,mlp,3,3,1,0,,
215,connectome,3,0,0,3,0.0018,63.8064
215,linear,3,3,1,0,,
215,mlp,3,3,1,0,,
216,connectome,4,0,0,4,0.0019,63.9095
216,linear,4,4,1,0,,
216,mlp,4,4,1,0,,
217,connectome,3,0,0,3,0.0019,64.0050
217,linear,3,3,1,0,,
217,mlp,3,3,1,0,,
218,connectome,2,0,0,2,0.0019,64.1930
218,linear,2,2,1,0,,
218,mlp,2,2,1,0,,
219,connectome,2,0,0,2,0.0019,64.2432
219,linear,2,2,1,0,,
219,mlp,2,2,1,0,,
220,connectome,0,0,1,0,0.0019,64.3521
220,linear,0,0,1,0,,
220,mlp,0,0,1,0,,
221,connectome,3,0,0,3,0.0019,64.3521
221,linear,3,3,1,0,,
221,mlp,3,3,1,0,,
222,connectome,3,0,0,3,0.0019,64.4202
222,linear,3,3,1,0,,
222,mlp,3,3,1,0,,
223,connectome,0,0,1,0,0.0019,64.4708
223,linear,0,0,1,0,,
223,mlp,0,0,1,0,,
224,connectome,4,0,0,4,0.0019,64.4708
224,linear,4,4,1,0,,
224,mlp,4,4,1,0,,
225,connectome,2,0,0,2,0.0019,64.7617
225,linear,2,3,0,1,,
225,mlp,2,2,1,0,,
226,connectome,1,0,0,1,0.0019,64.7699
226,linear,1,1,1,0,,
226,mlp,1,1,1,0,,
227,connectome,1,0,0,1,0.0019,64.7721
227,linear,1,1,1,0,,
227,mlp,1,1,1,0,,
228,connectome,3,0,0,3,0.0019,64.7768
228,linear,3,3,1,0,,
228,mlp,3,3,1,0,,
229,connectome,0,0,1,0,0.0019,64.8703
229,linear,0,0,1,0,,
229,mlp,0,0,1,0,,
230,connectome,3,0,0,3,0.0019,64.8703
230,linear,3,3,1,0,,
230,mlp,3,3,1,0,,
231,connectome,2,0,0,2,0.0019,64.9421
231,linear,2,2,1,0,,
231,mlp,2,2,1,0,,
232,connectome,4,0,0,4,0.0019,65.0019
232,linear,4,4,1,0,,
232,mlp,4,4,1,0,,
233,connectome,4,0,0,4,0.0019,65.1062
233,linear,4,4,1,0,,
233,mlp,4,4,1,0,,
234,connectome,3,0,0,3,0.0019,65.1988
234,linear,3,3,1,0,,
234,mlp,3,3,1,0,,
235,connectome,2,0,0,2,0.0019,65.2956
235,linear,2,2,1,0,,
235,mlp,2,2,1,0,,
236,connectome,2,0,0,2,0.0019,65.3539
236,linear,2,2,1,0,,
236,mlp,2,2,1,0,,
237,connectome,3,0,0,3,0.0019,65.4809
237,linear,3,3,1,0,,
237,mlp,3,3,1,0,,
238,connectome,4,0,0,4,0.0019,65.5475
238,linear,4,4,1,0,,
238,mlp,4,4,1,0,,
239,connectome,3,0,0,3,0.0019,65.5715
239,linear,3,3,1,0,,
239,mlp,3,3,1,0,,
240,connectome,0,0,1,0,0.0019,65.6184
240,linear,0,0,1,0,,
240,mlp,0,0,1,0,,
241,connectome,0,0,1,0,0.0019,65.6184
241,linear,0,0,1,0,,
241,mlp,0,0,1,0,,
242,connectome,1,0,0,1,0.0019,65.6184
242,linear,1,1,1,0,,
242,mlp,1,1,1,0,,
243,connectome,4,0,0,4,0.0019,65.6423
243,linear,4,4,1,0,,
243,mlp,4,4,1,0,,
244,connectome,3,0,0,3,0.0019,65.7444
244,linear,3,3,1,0,,
244,mlp,3,3,1,0,,
245,connectome,1,0,0,1,0.0019,66.0237
245,linear,1,1,1,0,,
245,mlp,1,1,1,0,,
246,connectome,1,0,0,1,0.0019,66.0479
246,linear,1,2,0,1,,
246,mlp,1,1,1,0,,
247,connectome,1,0,0,1,0.0019,66.0890
247,linear,1,1,1,0,,
247,mlp,1,1,1,0,,
248,connectome,4,0,0,4,0.0019,66.2159
248,linear,4,4,1,0,,
248,mlp,4,4,1,0,,
249,connectome,2,0,0,2,0.0019,66.4482
249,linear,2,2,1,0,,
249,mlp,2,2,1,0,,
250,connectome,0,0,1,0,0.0019,65.3242
250,linear,0,0,1,0,,
250,mlp,0,0,1,0,,
251,connectome,1,0,0,1,0.0019,65.3242
251,linear,1,1,1,0,,
251,mlp,1,1,1,0,,
252,connectome,0,0,1,0,0.0019,65.4928
252,linear,0,0,1,0,,
252,mlp,0,0,1,0,,
253,connectome,0,0,1,0,0.0019,65.4928
253,linear,0,0,1,0,,
253,mlp,0,0,1,0,,
254,connectome,1,0,0,1,0.0019,65.4928
254,linear,1,1,1,0,,
254,mlp,1,1,1,0,,
255,connectome,3,0,0,3,0.0019,65.6689
255,linear,3,3,1,0,,
255,mlp,3,3,1,0,,
256,connectome,1,0,0,1,0.0019,66.0153
256,linear,1,1,1,0,,
256,mlp,1,1,1,0,,
257,connectome,1,0,0,1,0.0019,66.0371
257,linear,1,1,1,0,,
257,mlp,1,1,1,0,,
258,connectome,3,0,0,3,0.0019,66.1125
258,linear,3,3,1,0,,
258,mlp,3,3,1,0,,
259,connectome,4,0,0,4,0.0019,66.2001
259,linear,4,4,1,0,,
259,mlp,4,4,1,0,,
260,connectome,2,0,0,2,0.0019,66.5797
260,linear,2,2,1,0,,
260,mlp,2,2,1,0,,
261,connectome,3,0,0,3,0.0019,66.9585
261,linear,3,3,1,0,,
261,mlp,3,3,1,0,,
262,connectome,0,0,1,0,0.0019,67.1674
262,linear,0,0,1,0,,
262,mlp,0,0,1,0,,
263,connectome,1,0,0,1,0.0019,67.1674
263,linear,1,1,1,0,,
263,mlp,1,1,1,0,,
264,connectome,3,0,0,3,0.0019,67.2242
264,linear,3,3,1,0,,
264,mlp,3,3,1,0,,
265,connectome,2,0,0,2,0.0020,67.3517
265,linear,2,2,1,0,,
265,mlp,2,2,1,0,,
266,connectome,2,0,0,2,0.0020,67.4664
266,linear,2,2,1,0,,
266,mlp,2,2,1,0,,
267,connectome,0,0,1,0,0.0020,67.5146
267,linear,0,0,1,0,,
267,mlp,0,0,1,0,,
268,connectome,4,0,0,4,0.0020,67.5146
268,linear,4,4,1,0,,
268,mlp,4,4,1,0,,
269,connectome,1,0,0,1,0.0020,67.5730
269,linear,1,1,1,0,,
269,mlp,1,1,1,0,,
270,connectome,4,0,0,4,0.0020,67.6279
270,linear,4,4,1,0,,
270,mlp,4,4,1,0,,
271,connectome,1,0,0,1,0.0020,67.7279
271,linear,1,1,1,0,,
271,mlp,1,1,1,0,,
272,connectome,3,0,0,3,0.0020,67.7355
272,linear,3,3,1,0,,
272,mlp,3,3,1,0,,
273,connectome,0,0,1,0,0.0020,67.8699
273,linear,0,0,1,0,,
273,mlp,0,0,1,0,,
274,connectome,3,0,0,3,0.0020,67.8699
274,linear,3,3,1,0,,
274,mlp,3,3,1,0,,
275,connectome,1,0,0,1,0.0020,67.9251
275,linear,1,1,1,0,,
275,mlp,1,1,1,0,,
276,connectome,3,0,0,3,0.0020,67.9415
276,linear,3,3,1,0,,
276,mlp,3,3,1,0,,
277,connectome,0,0,1,0,0.0020,68.0145
277,linear,0,0,1,0,,
277,mlp,0,0,1,0,,
278,connectome,2,0,0,2,0.0020,68.0145
278,linear,2,2,1,0,,
278,mlp,2,2,1,0,,
279,connectome,1,0,0,1,0.0020,68.0305
279,linear,1,1,1,0,,
279,mlp,1,1,1,0,,
280,connectome,1,0,0,1,0.0020,68.0347
280,linear,1,1,1,0,,
280,mlp,1,1,1,0,,
281,connectome,2,0,0,2,0.0020,68.1285
281,linear,2,2,1,0,,
281,mlp,2,2,1,0,,
282,connectome,2,0,0,2,0.0020,68.1378
282,linear,2,2,1,0,,
282,mlp,2,2,1,0,,
283,connectome,2,0,0,2,0.0020,68.1758
283,linear,2,2,1,0,,
283,mlp,2,2,1,0,,
284,connectome,4,0,0,4,0.0020,68.2366
284,linear,4,4,1,0,,
284,mlp,4,4,1,0,,
285,connectome,2,0,0,2,0.0020,68.3527
285,linear,2,2,1,0,,
285,mlp,2,2,1,0,,
286,connectome,1,0,0,1,0.0020,68.3627
286,linear,1,1,1,0,,
286,mlp,1,1,1,0,,
287,connectome,0,0,1,0,0.0020,68.3637
287,linear,0,0,1,0,,
287,mlp,0,0,1,0,,
288,connectome,4,0,0,4,0.0020,68.3637
288,linear,4,4,1,0,,
288,mlp,4,4,1,0,,
289,connectome,0,0,1,0,0.0020,68.5918
289,linear,0,0,1,0,,
289,mlp,0,0,1,0,,
290,connectome,0,0,1,0,0.0020,68.5918
290,linear,0,0,1,0,,
290,mlp,0,0,1,0,,
291,connectome,1,0,0,1,0.0020,68.5918
291,linear,1,1,1,0,,
291,mlp,1,1,1,0,,
292,connectome,2,0,0,2,0.0020,68.6309
292,linear,2,2,1,0,,
292,mlp,2,2,1,0,,
293,connectome,2,0,0,2,0.0020,68.9489
293,linear,2,2,1,0,,
293,mlp,2,2,1,0,,
294,connectome,1,0,0,1,0.0020,68.9638
294,linear,1,1,1,0,,
294,mlp,1,1,1,0,,
295,connectome,3,0,0,3,0.0020,68.9790
295,linear,3,3,1,0,,
295,mlp,3,3,1,0,,
296,connectome,2,0,0,2,0.0020,69.0029
296,linear,2,2,1,0,,
296,mlp,2,2,1,0,,
297,connectome,4,0,0,4,0.0020,69.0399
297,linear,4,4,1,0,,
297,mlp,4,4,1,0,,
298,connectome,3,0,0,3,0.0020,69.2341
298,linear,3,3,1,0,,
298,mlp,3,3,1,0,,
299,connectome,3,0,0,3,0.0020,69.2613
299,linear,3,3,1,0,,
299,mlp,3,3,1,0,,
300,connectome,0,0,1,0,0.0020,67.8968
300,linear,0,0,1,0,,
300,mlp,0,0,1,0,,
301,connectome,2,0,0,2,0.0020,67.8968
301,linear,2,2,1,0,,
301,mlp,2,2,1,0,,
302,connectome,3,0,0,3,0.0020,68.1373
302,linear,3,2,0,1,,
302,mlp,3,3,1,0,,
303,connectome,1,0,0,1,0.0020,68.3690
303,linear,1,1,1,0,,
303,mlp,1,1,1,0,,
304,connectome,1,0,0,1,0.0020,68.4054
304,linear,1,1,1,0,,
304,mlp,1,1,1,0,,
305,connectome,2,0,0,2,0.0020,68.5564
305,linear,2,2,1,0,,
305,mlp,2,2,1,0,,
306,connectome,3,0,0,3,0.0020,68.6334
306,linear,3,3,1,0,,
306,mlp,3,3,1,0,,
307,connectome,3,0,0,3,0.0020,68.7122
307,linear,3,3,1,0,,
307,mlp,3,3,1,0,,
308,connectome,2,0,0,2,0.0020,68.8818
308,linear,2,2,1,0,,
308,mlp,2,2,1,0,,
309,connectome,1,0,0,1,0.0020,68.8912
309,linear,1,1,1,0,,
309,mlp,1,1,1,0,,
310,connectome,4,0,0,4,0.0020,68.9086
310,linear,4,4,1,0,,
310,mlp,4,4,1,0,,
311,connectome,0,0,1,0,0.0020,69.0470
311,linear,0,0,1,0,,
311,mlp,0,0,1,0,,
312,connectome,4,0,0,4,0.0020,69.0470
312,linear,4,4,1,0,,
312,mlp,4,4,1,0,,
313,connectome,2,0,0,2,0.0020,69.1212
313,linear,2,2,1,0,,
313,mlp,2,2,1,0,,
314,connectome,2,0,0,2,0.0020,69.1491
314,linear,2,2,1,0,,
314,mlp,2,2,1,0,,
315,connectome,0,0,1,0,0.0020,69.1852
315,linear,0,0,1,0,,
315,mlp,0,0,1,0,,
316,connectome,2,0,0,2,0.0020,69.1852
316,linear,2,2,1,0,,
316,mlp,2,2,1,0,,
317,connectome,3,0,0,3,0.0020,69.3025
317,linear,3,3,1,0,,
317,mlp,3,3,1,0,,
318,connectome,0,0,1,0,0.0020,69.3356
318,linear,0,0,1,0,,
318,mlp,0,0,1,0,,
319,connectome,3,0,0,3,0.0020,69.3356
319,linear,3,3,1,0,,
319,mlp,3,3,1,0,,
320,connectome,2,0,0,2,0.0020,69.3428
320,linear,2,2,1,0,,
320,mlp,2,2,1,0,,
321,connectome,0,0,1,0,0.0020,69.4051
321,linear,0,0,1,0,,
321,mlp,0,0,1,0,,
322,connectome,4,0,0,4,0.0020,69.4051
322,linear,4,4,1,0,,
322,mlp,4,4,1,0,,
323,connectome,0,0,1,0,0.0020,69.5079
323,linear,0,0,1,0,,
323,mlp,0,0,1,0,,
324,connectome,3,0,0,3,0.0020,69.5079
324,linear,3,3,1,0,,
324,mlp,3,3,1,0,,
325,connectome,1,0,0,1,0.0020,69.5758
325,linear,1,1,1,0,,
325,mlp,1,1,1,0,,
326,connectome,2,0,0,2,0.0020,69.5849
326,linear,2,2,1,0,,
326,mlp,2,2,1,0,,
327,connectome,0,0,1,0,0.0020,69.5880
327,linear,0,0,1,0,,
327,mlp,0,0,1,0,,
328,connectome,1,0,0,1,0.0020,69.5880
328,linear,1,1,1,0,,
328,mlp,1,1,1,0,,
329,connectome,1,0,0,1,0.0020,69.6300
329,linear,1,1,1,0,,
329,mlp,1,1,1,0,,
330,connectome,0,0,1,0,0.0020,69.6459
330,linear,0,0,1,0,,
330,mlp,0,0,1,0,,
331,connectome,0,0,1,0,0.0020,69.6459
331,linear,0,0,1,0,,
331,mlp,0,0,1,0,,
332,connectome,2,0,0,2,0.0020,69.6459
332,linear,2,2,1,0,,
332,mlp,2,2,1,0,,
333,connectome,3,0,0,3,0.0020,69.7463
333,linear,3,3,1,0,,
333,mlp,3,3,1,0,,
334,connectome,3,0,0,3,0.0020,69.7652
334,linear,3,3,1,0,,
334,mlp,3,3,1,0,,
335,connectome,1,0,0,1,0.0020,69.8782
335,linear,1,1,1,0,,
335,mlp,1,1,1,0,,
336,connectome,1,0,0,1,0.0020,69.8805
336,linear,1,1,1,0,,
336,mlp,1,1,1,0,,
337,connectome,1,0,0,1,0.0020,69.8880
337,linear,1,1,1,0,,
337,mlp,1,1,1,0,,
338,connectome,4,0,0,4,0.0020,69.9700
338,linear,4,4,1,0,,
338,mlp,4,4,1,0,,
339,connectome,1,0,0,1,0.0020,69.9994
339,linear,1,1,1,0,,
339,mlp,1,1,1,0,,
340,connectome,0,0,1,0,0.0020,70.0123
340,linear,0,0,1,0,,
340,mlp,0,0,1,0,,
341,connectome,2,0,0,2,0.0020,70.0123
341,linear,2,2,1,0,,
341,mlp,2,2,1,0,,
342,connectome,0,0,1,0,0.0020,70.0735
342,linear,0,0,1,0,,
342,mlp,0,0,1,0,,
343,connectome,4,0,0,4,0.0020,70.0735
343,linear,4,4,1,0,,
343,mlp,4,4,1,0,,
344,connectome,1,0,0,1,0.0020,70.1530
344,linear,1,1,1,0,,
344,mlp,1,1,1,0,,
345,connectome,0,0,1,0,0.0020,70.1637
345,linear,0,0,1,0,,
345,mlp,0,0,1,0,,
346,connectome,1,0,0,1,0.0020,70.1637
346,linear,1,1,1,0,,
346,mlp,1,1,1,0,,
347,connectome,1,0,0,1,0.0020,70.1660
347,linear,1,1,1,0,,
347,mlp,1,1,1,0,,
348,connectome,2,0,0,2,0.0020,70.2129
348,linear,2,2,1,0,,
348,mlp,2,2,1,0,,
349,connectome,4,0,0,4,0.0020,70.2515
349,linear,4,4,1,0,,
349,mlp,4,4,1,0,,
350,connectome,4,0,0,4,0.0020,68.8978
350,linear,4,4,1,0,,
350,mlp,4,4,1,0,,
351,connectome,3,0,0,3,0.0020,69.1824
351,linear,3,3,1,0,,
351,mlp,3,3,1,0,,
352,connectome,1,0,0,1,0.0020,69.3726
352,linear,1,1,1,0,,
352,mlp,1,1,1,0,,
353,connectome,3,0,0,3,0.0020,69.4678
353,linear,3,3,1,0,,
353,mlp,3,3,1,0,,
354,connectome,2,0,0,2,0.0020,69.5126
354,linear,2,2,1,0,,
354,mlp,2,2,1,0,,
355,connectome,3,0,0,3,0.0020,69.5693
355,linear,3,3,1,0,,
355,mlp,3,3,1,0,,
356,connectome,2,0,0,2,0.0020,69.6410
356,linear,2,2,1,0,,
356,mlp,2,2,1,0,,
357,connectome,3,0,0,3,0.0020,69.6699
357,linear,3,3,1,0,,
357,mlp,3,3,1,0,,
358,connectome,1,0,0,1,0.0020,69.7758
358,linear,1,1,1,0,,
358,mlp,1,1,1,0,,
359,connectome,3,0,0,3,0.0020,69.7781
359,linear,3,3,1,0,,
359,mlp,3,3,1,0,,
360,connectome,0,0,1,0,0.0020,69.8751
360,linear,0,0,1,0,,
360,mlp,0,0,1,0,,
361,connectome,2,0,0,2,0.0020,69.8751
361,linear,2,2,1,0,,
361,mlp,2,2,1,0,,
362,connectome,0,0,1,0,0.0020,69.9080
362,linear,0,0,1,0,,
362,mlp,0,0,1,0,,
363,connectome,2,0,0,2,0.0020,69.9080
363,linear,2,2,1,0,,
363,mlp,2,2,1,0,,
364,connectome,4,0,0,4,0.0020,69.9825
364,linear,4,4,1,0,,
364,mlp,4,4,1,0,,
365,connectome,3,0,0,3,0.0020,70.3091
365,linear,3,3,1,0,,
365,mlp,3,3,1,0,,
366,connectome,3,0,0,3,0.0020,70.3608
366,linear,3,3,1,0,,
366,mlp,3,3,1,0,,
367,connectome,1,0,0,1,0.0020,70.4418
367,linear,1,1,1,0,,
367,mlp,1,1,1,0,,
368,connectome,4,0,0,4,0.0020,70.4480
368,linear,4,4,1,0,,
368,mlp,4,4,1,0,,
369,connectome,2,0,0,2,0.0020,70.4685
369,linear,2,2,1,0,,
369,mlp,2,2,1,0,,
370,connectome,0,0,1,0,0.0020,70.5289
370,linear,0,0,1,0,,
370,mlp,0,0,1,0,,
371,connectome,2,0,0,2,0.0020,70.5289
371,linear,2,2,1,0,,
371,mlp,2,2,1,0,,
372,connectome,4,0,0,4,0.0020,70.5417
372,linear,4,4,1,0,,
372,mlp,4,4,1,0,,
373,connectome,4,0,0,4,0.0021,70.8125
373,linear,4,4,1,0,,
373,mlp,4,4,1,0,,
374,connectome,3,0,0,3,0.0021,70.8664
374,linear,3,3,1,0,,
374,mlp,3,3,1,0,,
375,connectome,1,0,0,1,0.0021,71.0694
375,linear,1,1,1,0,,
375,mlp,1,1,1,0,,
376,connectome,0,0,1,0,0.0021,71.2242
376,linear,0,0,1,0,,
376,mlp,0,0,1,0,,
377,connectome,2,0,0,2,0.0021,71.2242
377,linear,2,2,1,0,,
377,mlp,2,2,1,0,,
378,connectome,3,0,0,3,0.0021,71.2314
378,linear,3,3,1,0,,
378,mlp,3,3,1,0,,
379,connectome,0,0,1,0,0.0021,71.2693
379,linear,0,0,1,0,,
379,mlp,0,0,1,0,,
380,connectome,0,0,1,0,0.0021,71.2693
380,linear,0,0,1,0,,
380,mlp,0,0,1,0,,
381,connectome,3,0,0,3,0.0021,71.2693
381,linear,3,3,1,0,,
381,mlp,3,3,1,0,,
382,connectome,2,0,0,2,0.0021,71.2725
382,linear,2,2,1,0,,
382,mlp,2,2,1,0,,
383,connectome,2,0,0,2,0.0021,71.2878
383,linear,2,2,1,0,,
383,mlp,2,2,1,0,,
384,connectome,4,0,0,4,0.0021,71.3096
384,linear,4,4,1,0,,
384,mlp,4,4,1,0,,
385,connectome,1,0,0,1,0.0021,71.3369
385,linear,1,1,1,0,,
385,mlp,1,1,1,0,,
386,connectome,0,0,1,0,0.0021,71.3446
386,linear,0,0,1,0,,
386,mlp,0,0,1,0,,
387,connectome,2,0,0,2,0.0021,71.3446
387,linear,2,2,1,0,,
387,mlp,2,2,1,0,,
388,connectome,0,0,1,0,0.0021,71.3781
388,linear,0,0,1,0,,
388,mlp,0,0,1,0,,
389,connectome,4,0,0,4,0.0021,71.3781
389,linear,4,4,1,0,,
389,mlp,4,4,1,0,,
390,connectome,4,0,0,4,0.0021,71.5293
390,linear,4,4,1,0,,
390,mlp,4,4,1,0,,
391,connectome,0,0,1,0,0.0021,71.5473
391,linear,0,0,1,0,,
391,mlp,0,0,1,0,,
392,connectome,1,0,0,1,0.0021,71.5473
392,linear,1,1,1,0,,
392,mlp,1,1,1,0,,
393,connectome,4,0,0,4,0.0021,71.5485
393,linear,4,4,1,0,,
393,mlp,4,4,1,0,,
394,connectome,4,0,0,4,0.0021,71.6553
394,linear,4,3,0,1,,
394,mlp,4,4,1,0,,
395,connectome,1,0,0,1,0.0021,71.8360
395,linear,1,1,1,0,,
395,mlp,1,1,1,0,,
396,connectome,1,0,0,1,0.0021,71.8360
396,linear,1,1,1,0,,
396,mlp,1,1,1,0,,
397,connectome,4,0,0,4,0.0021,71.8542
397,linear,4,4,1,0,,
397,mlp,4,4,1,0,,
398,connectome,1,0,0,1,0.0021,71.8678
398,linear,1,1,1,0,,
398,mlp,1,1,1,0,,
399,connectome,2,0,0,2,0.0021,71.8688
399,linear,2,2,1,0,,
399,mlp,2,2,1,0,,
