round,count,predicted,correct,abs_err,output_drift_pct,passes_used
0,4,4,1,0,0.0000,0
1,3,4,0,1,4.1935,7
2,3,0,0,3,5.1281,7
3,1,0,0,1,5.3929,7
4,2,4,0,2,7.0143,7
5,2,0,0,2,8.2245,7
6,3,4,0,1,8.7324,4
7,3,4,0,1,9.6775,7
8,4,4,1,0,9.6775,0
9,1,0,0,1,10.1277,7
10,0,0,1,0,10.1277,0
11,2,0,0,2,11.3282,7
12,0,0,1,0,11.3282,0
13,2,0,0,2,12.3609,7
14,0,0,1,0,12.3609,0
15,3,0,0,3,13.1359,7
16,4,4,1,0,13.1359,0
17,4,4,1,0,13.1359,0
18,1,0,0,1,13.6056,7
19,1,0,0,1,14.9681,7
20,4,4,1,0,14.9681,0
21,2,0,0,2,15.2867,7
22,0,0,1,0,15.2867,0
23,1,0,0,1,15.4362,7
24,2,0,0,2,16.6766,7
25,1,0,0,1,16.8919,7
26,2,0,0,2,17.0605,7
27,2,0,0,2,17.6594,7
28,3,4,0,1,18.7036,7
29,1,0,0,1,19.6533,7
30,4,2,0,2,20.1096,7
31,3,4,0,1,21.7455,7
32,2,0,0,2,22.3446,7
33,0,0,1,0,22.3446,0
34,3,0,0,3,23.2042,7
35,0,0,1,0,23.2042,0
36,2,0,0,2,24.0051,7
37,2,0,0,2,24.3570,7
38,1,0,0,1,25.2283,7
39,2,0,0,2,26.0005,7
40,1,0,0,1,26.1608,7
41,4,0,0,4,27.1433,7
42,2,0,0,2,27.4778,7
43,4,4,1,0,27.4778,0
44,3,0,0,3,27.7871,7
45,4,4,1,0,27.7871,0
46,1,0,0,1,28.0270,7
47,4,4,1,0,28.0270,0
48,4,0,0,4,28.7878,7
49,1,0,0,1,29.4353,7
50,1,0,0,1,29.1413,7
51,4,4,1,0,29.1413,0
52,3,0,0,3,29.4994,7
53,3,0,0,3,29.7633,7
54,1,0,0,1,29.9493,7
55,1,0,0,1,30.2276,7
56,3,0,0,3,31.1503,7
57,4,0,0,4,31.8586,7
58,0,0,1,0,31.8586,0
59,0,0,1,0,31.8586,0
60,1,0,0,1,32.0102,7
61,2,0,0,2,32.2383,7
62,1,0,0,1,32.2932,7
63,1,0,0,1,32.3861,7
64,1,0,0,1,32.7674,7
65,0,0,1,0,32.7674,0
66,2,0,0,2,33.0741,7
67,0,0,1,0,33.0741,0
68,4,0,0,4,33.9160,7
69,1,0,0,1,34.3872,7
70,0,0,1,0,34.3872,0
71,0,0,1,0,34.3872,0
72,2,0,0,2,34.5411,7
73,4,0,0,4,35.0660,7
74,1,0,0,1,35.6906,7
75,4,0,0,4,36.2410,7
76,0,0,1,0,36.2410,0
77,2,0,0,2,36.6005,7
78,1,0,0,1,36.6823,7
79,3,0,0,3,36.8759,7
80,2,0,0,2,37.1020,7
81,1,0,0,1,37.1688,7
82,0,0,1,0,37.1688,0
83,4,0,0,4,37.3654,7
84,2,0,0,2,38.2275,7
85,0,0,1,0,38.2275,0
86,0,0,1,0,38.2275,0
87,3,0,0,3,38.5548,7
88,3,0,0,3,38.8614,7
89,1,0,0,1,38.9513,7
90,0,0,1,0,38.9513,0
91,1,0,0,1,39.0155,7
92,3,0,0,3,39.6379,7
93,2,0,0,2,39.9340,7
94,0,0,1,0,39.9340,0
95,1,0,0,1,40.2531,7
96,1,0,0,1,40.4851,7
97,0,0,1,0,40.4851,0
98,2,0,0,2,40.5915,7
99,4,0,0,4,41.0178,7
100,1,0,0,1,40.4781,7
101,4,0,0,4,40.7895,7
102,4,0,0,4,41.0019,7
103,4,0,0,4,41.7497,7
104,0,0,1,0,41.7497,0
105,1,0,0,1,41.8248,7
106,4,0,0,4,42.2143,7
107,1,0,0,1,42.2652,7
108,3,0,0,3,42.7083,7
109,2,0,0,2,42.9892,7
110,1,0,0,1,43.0741,7
111,3,0,0,3,43.2842,7
112,4,0,0,4,43.5018,7
113,2,0,0,2,43.5397,7
114,3,0,0,3,43.6668,7
115,4,0,0,4,43.8761,7
116,4,0,0,4,44.3308,7
117,4,0,0,4,44.5429,7
118,4,0,0,4,45.1083,7
119,1,0,0,1,45.1805,7
120,1,0,0,1,45.3890,7
121,2,0,0,2,45.7198,7
122,0,0,1,0,45.7198,0
123,2,0,0,2,45.8423,7
124,3,0,0,3,46.0982,7
125,4,0,0,4,46.2471,7
126,2,1,0,1,46.7574,7
127,2,0,0,2,46.8134,7
128,1,0,0,1,46.8295,7
129,3,0,0,3,47.0623,7
130,2,0,0,2,47.1094,7
131,4,4,1,0,47.1094,0
132,2,0,0,2,47.2599,7
133,4,0,0,4,47.5374,7
134,0,0,1,0,47.5374,0
135,1,0,0,1,47.7093,7
136,4,0,0,4,47.9941,7
137,2,0,0,2,48.1026,7
138,1,0,0,1,48.1887,7
139,2,0,0,2,48.2525,7
140,0,0,1,0,48.2525,0
141,2,0,0,2,48.3698,7
142,0,0,1,0,48.3698,0
143,4,0,0,4,48.6302,7
144,1,0,0,1,48.7928,7
145,1,0,0,1,48.8632,7
146,2,0,0,2,48.9262,7
147,2,0,0,2,49.2301,7
148,0,0,1,0,49.2301,0
149,4,0,0,4,49.3437,7
150,3,0,0,3,48.5914,7
151,0,0,1,0,48.5914,0
152,2,0,0,2,48.7644,7
153,2,0,0,2,48.8216,7
154,0,0,1,0,48.8216,0
155,2,0,0,2,48.9347,7
156,3,0,0,3,49.0061,7
157,3,0,0,3,49.2866,7
158,4,0,0,4,49.5068,7
159,2,0,0,2,49.8943,7
160,0,0,1,0,49.8943,0
161,1,0,0,1,50.1134,7
162,2,0,0,2,50.3569,7
163,3,0,0,3,50.4638,7
164,4,0,0,4,50.6451,7
165,0,0,1,0,50.6451,0
166,4,0,0,4,51.3238,7
167,0,0,1,0,51.3238,0
168,3,0,0,3,51.5369,7
169,2,0,0,2,51.5551,7
170,3,0,0,3,51.9465,7
171,3,0,0,3,52.0464,7
172,2,0,0,2,52.0816,7
173,3,0,0,3,52.1809,7
174,4,0,0,4,52.5648,7
175,0,0,1,0,52.5648,0
176,1,0,0,1,52.5694,7
177,2,0,0,2,52.7950,7
178,3,0,0,3,52.8477,7
179,1,0,0,1,52.9287,7
180,2,0,0,2,53.2377,7
181,3,0,0,3,53.2948,7
182,3,0,0,3,53.3667,7
183,4,0,0,4,53.4363,7
184,0,0,1,0,53.4363,0
185,1,0,0,1,53.4516,7
186,1,0,0,1,53.4831,7
187,1,0,0,1,53.4925,7
188,4,0,0,4,53.6066,7
189,1,0,0,1,53.6244,7
190,2,0,0,2,53.6373,7
191,3,0,0,3,53.7186,7
192,3,0,0,3,53.7708,7
193,1,0,0,1,53.8313,7
194,4,0,0,4,54.1522,7
195,4,0,0,4,54.3034,7
196,1,0,0,1,54.3087,7
197,0,0,1,0,54.3087,0
198,4,0,0,4,54.8116,7
199,0,0,1,0,54.8116,0
200,1,0,0,1,53.7846,7
201,1,0,0,1,53.8294,7
202,4,0,0,4,53.9545,7
203,4,0,0,4,54.1834,7
204,4,0,0,4,54.4418,7
205,0,0,1,0,54.4418,0
206,3,0,0,3,54.6196,7
207,0,0,1,0,54.6196,0
208,3,0,0,3,54.7489,7
209,3,0,0,3,54.9154,7
210,1,0,0,1,55.0917,7
211,0,0,1,0,55.0917,0
212,1,0,0,1,55.1484,7
213,3,0,0,3,55.2825,7
214,3,0,0,3,55.5430,7
215,3,0,0,3,55.6687,7
216,4,0,0,4,55.8678,7
217,3,0,0,3,56.0641,7
218,2,0,0,2,56.1444,7
219,2,0,0,2,56.2657,7
220,0,0,1,0,56.2657,0
221,3,0,0,3,56.3468,7
222,3,0,0,3,56.4094,7
223,0,0,1,0,56.4094,0
224,4,0,0,4,56.7633,7
225,2,0,0,2,56.7772,7
226,1,0,0,1,56.7806,7
227,1,0,0,1,56.7875,7
228,3,0,0,3,56.9138,7
229,0,0,1,0,56.9138,0
230,3,0,0,3,57.0269,7
231,2,0,0,2,57.1148,7
232,4,0,0,4,57.2454,7
233,4,0,0,4,57.3660,7
234,3,0,0,3,57.5785,7
235,2,0,0,2,57.6622,7
236,2,0,0,2,57.8657,7
237,3,0,0,3,57.9496,7
238,4,0,0,4,57.9919,7
239,3,0,0,3,58.0932,7
240,0,0,1,0,58.0932,0
241,0,0,1,0,58.0932,0
242,1,0,0,1,58.1627,7
243,4,0,0,4,58.3200,7
244,3,0,0,3,58.7543,7
245,1,0,0,1,58.8825,7
246,1,0,0,1,58.9221,7
247,1,0,0,1,59.0224,7
248,4,0,0,4,59.3661,7
249,2,0,0,2,59.5558,7
250,0,0,1,0,58.3647,0
251,1,0,0,1,58.5139,7
252,0,0,1,0,58.5139,0
253,0,0,1,0,58.5139,0
254,1,0,0,1,58.6690,7
255,3,0,0,3,59.0497,7
256,1,0,0,1,59.0767,7
257,1,0,0,1,59.1504,7
258,3,0,0,3,59.2472,7
259,4,0,0,4,59.6890,7
260,2,0,0,2,60.0857,7
261,3,0,0,3,60.3090,7
262,0,0,1,0,60.3090,0
263,1,0,0,1,60.3703,7
264,3,0,0,3,60.5587,7
265,2,0,0,2,60.6620,7
266,2,0,0,2,60.7114,7
267,0,0,1,0,60.7114,0
268,4,0,0,4,60.7786,7
269,1,0,0,1,60.8254,7
270,4,0,0,4,60.9725,7
271,1,0,0,1,60.9796,7
272,3,0,0,3,61.1242,7
273,0,0,1,0,61.1242,0
274,3,0,0,3,61.2366,7
275,1,0,0,1,61.2567,7
276,3,0,0,3,61.3426,7
277,0,0,1,0,61.3426,0
278,2,0,0,2,61.3697,7
279,1,0,0,1,61.3734,7
280,1,0,0,1,61.4922,7
281,2,0,0,2,61.5193,7
282,2,0,0,2,61.5492,7
283,2,0,0,2,61.6177,7
284,4,0,0,4,61.7474,7
285,2,0,0,2,61.7864,7
286,1,0,0,1,61.7919,7
287,0,0,1,0,61.7919,0
288,4,0,0,4,62.0988,7
289,0,0,1,0,62.0988,0
290,0,0,1,0,62.0988,0
291,1,0,0,1,62.1847,7
292,2,0,0,2,62.5177,7
293,2,0,0,2,62.5522,7
294,1,0,0,1,62.5660,7
295,3,0,0,3,62.5923,7
296,2,0,0,2,62.6551,7
297,4,0,0,4,62.8438,7
298,3,0,0,3,62.8867,7
299,3,0,0,3,62.9087,7
300,0,0,1,0,61.6505,0
301,2,0,0,2,61.9108,7
302,3,0,0,3,62.1318,7
303,1,0,0,1,62.1795,7
304,1,0,0,1,62.3233,7
305,2,0,0,2,62.4097,7
306,3,0,0,3,62.4983,7
307,3,0,0,3,62.6792,7
308,2,0,0,2,62.6883,7
309,1,0,0,1,62.7039,7
310,4,0,0,4,62.8503,7
311,0,0,1,0,62.8503,0
312,4,0,0,4,62.9531,7
313,2,0,0,2,62.9800,7
314,2,0,0,2,63.0483,7
315,0,0,1,0,63.0483,0
316,2,0,0,2,63.1785,7
317,3,0,0,3,63.2105,7
318,0,0,1,0,63.2105,0
319,3,0,0,3,63.2197,7
320,2,0,0,2,63.2907,7
321,0,0,1,0,63.2907,0
322,4,0,0,4,63.3963,7
323,0,0,1,0,63.3963,0
324,3,0,0,3,63.4568,7
325,1,0,0,1,63.4806,7
326,2,0,0,2,63.4851,7
327,0,0,1,0,63.4851,0
328,1,0,0,1,63.5254,7
329,1,0,0,1,63.5448,7
330,0,0,1,0,63.5448,0
331,0,0,1,0,63.5448,0
332,2,0,0,2,63.6777,7
333,3,0,0,3,63.7061,7
334,3,0,0,3,63.8419,7
335,1,0,0,1,63.8442,7
336,1,0,0,1,63.8570,7
337,1,0,0,1,63.9318,7
338,4,0,0,4,63.9640,7
339,1,0,0,1,63.9827,7
340,0,0,1,0,63.9827,0
341,2,0,0,2,64.0529,7
342,0,0,1,0,64.0529,0
343,4,0,0,4,64.1560,7
344,1,0,0,1,64.1710,7
345,0,0,1,0,64.1710,0
346,1,0,0,1,64.1733,7
347,1,0,0,1,64.2240,7
348,2,0,0,2,64.2676,7
349,4,0,0,4,64.3533,7
350,4,0,0,4,63.3322,7
351,3,0,0,3,63.5438,7
352,1,0,0,1,63.6288,7
353,3,0,0,3,63.6965,7
354,2,0,0,2,63.7547,7
355,3,0,0,3,63.8236,7
356,2,0,0,2,63.8548,7
357,3,0,0,3,63.9598,7
358,1,0,0,1,63.9637,7
359,3,0,0,3,64.0608,7
360,0,0,1,0,64.0608,0
361,2,0,0,2,64.0984,7
362,0,0,1,0,64.0984,0
363,2,0,0,2,64.2007,7
364,4,4,1,0,64.2007,0
365,3,0,0,3,64.2653,7
366,3,0,0,3,64.3521,7
367,1,0,0,1,64.3712,7
368,4,0,0,4,64.4018,7
369,2,0,0,2,64.4656,7
370,0,0,1,0,64.4656,0
371,2,0,0,2,64.4785,7
372,4,0,0,4,64.7631,7
373,4,0,0,4,64.8347,7
374,3,0,0,3,65.0202,7
375,1,0,0,1,65.1682,7
376,0,0,1,0,65.1682,0
377,2,0,0,2,65.1793,7
378,3,0,0,3,65.2772,7
379,0,0,1,0,65.2772,0
380,0,0,1,0,65.2772,0
381,3,0,0,3,65.2824,7
382,2,0,0,2,65.2972,7
383,2,0,0,2,65.3209,7
384,4,0,0,4,65.3576,7
385,1,0,0,1,65.3698,7
386,0,0,1,0,65.3698,0
387,2,0,0,2,65.4038,7
388,0,0,1,0,65.4038,0
389,4,0,0,4,65.5542,7
390,4,0,0,4,65.5814,7
391,0,0,1,0,65.5814,0
392,1,0,0,1,65.5828,7
393,4,0,0,4,65.7357,7
394,4,0,0,4,65.9186,7
395,1,0,0,1,65.9188,7
396,1,0,0,1,65.9580,7
397,4,0,0,4,65.9709,7
398,1,0,0,1,65.9722,7
399,2,0,0,2,66.0331,7
