file,episodes,win_pct,loss_pct,draw_pct,win_pct_last100
tictactoe_connectome_heuristic.csv,2000,0.4,99.0,0.6,0.0
tictactoe_connectome_heuristic_sleep100.csv,2000,1.4,97.8,0.7,11.0
tictactoe_connectome_random.csv,2000,40.4,46.0,13.6,31.0
tictactoe_connectome_random_sleep100.csv,2000,37.0,49.9,13.0,31.0
tictactoe_connectome_selfplay.csv,2000,14.6,66.0,19.4,1.0
tictactoe_connectome_selfplay_sleep100.csv,2000,41.2,55.0,3.7,47.0
tictactoe_mlp_heuristic.csv,2000,0.2,22.8,77.0,0.0
tictactoe_mlp_random.csv,2000,53.0,34.5,12.4,52.0
tictactoe_mlp_selfplay.csv,2000,43.2,40.4,16.4,52.0
tictactoe_qlearning_heuristic.csv,2000,9.2,31.4,59.5,21.0
tictactoe_qlearning_random.csv,2000,47.8,39.8,12.4,47.0
tictactoe_qlearning_selfplay.csv,2000,46.8,41.2,12.0,46.0
