episode,agent_first,outcome,epsilon,drift_pct
0,True,-1,0.1,0.47656377683940654
1,False,-1,0.09988493699365053,0.8495228335366015
2,True,-1,0.09977000638225535,1.171446629940892
3,False,-1,0.09965520801347685,1.3814840006829003
4,True,-1,0.09954054173515271,1.6268023984971611
5,False,-1,0.09942600739529568,1.8038238837889873
6,True,-1,0.09931160484209339,2.0002158900935214
7,False,-1,0.09919733392390816,2.187793997029998
8,True,-1,0.09908319448927677,2.4274298328490644
9,False,-1,0.09896918638691031,2.565960439805704
10,True,-1,0.09885530946569392,2.78080877300211
11,False,-1,0.09874156357468661,2.9200374224793872
12,True,-1,0.09862794856312108,3.1763385466736884
13,False,-1,0.09851446428040354,3.2970436397540324
14,True,-1,0.09840111057611342,3.4774745986689752
15,False,-1,0.09828788730000326,3.6061343885065913
16,True,-1,0.09817479430199849,3.7822871350876235
17,False,-1,0.0980618314321972,3.9175398666012664
18,True,-1,0.09794899854086996,4.074369931604634
19,False,-1,0.09783629547845962,4.191097517371342
20,True,-1,0.09772372209558115,4.295836636077091
21,False,-1,0.09761127824302136,4.396615094579219
22,True,-1,0.09749896377173879,4.526455453597914
23,False,-1,0.09738677853286344,4.6080266173324835
24,True,0,0.09727472237769662,4.6080266173324835
25,False,-1,0.09716279515771073,4.675944628814571
26,True,-1,0.09705099672454907,4.795875390574207
27,False,-1,0.09693932693002567,4.849357971733099
28,True,-1,0.09682778562612504,4.948047070723317
29,False,-1,0.09671637266500199,4.99197034736347
30,True,-1,0.09660508789898148,5.107845405789399
31,False,-1,0.09649393118055835,5.167677440204095
32,True,-1,0.0963829023623972,5.24006692898027
33,False,-1,0.09627200129733214,5.282466336839031
34,True,-1,0.09616122783836661,5.363287009502914
35,False,-1,0.09605058183867321,5.410465910686042
36,True,-1,0.09594006315159347,5.485551254934683
37,False,-1,0.09582967163063766,5.524851430290609
38,True,-1,0.09571940712948461,5.559988780122731
39,False,-1,0.09560926950198152,5.589409555869627
40,True,-1,0.09549925860214377,5.643374345818959
41,False,-1,0.09538937428415467,5.671516012684685
42,True,-1,0.09527961640236536,5.732157344120121
43,False,-1,0.09516998481129454,5.753331300579477
44,True,-1,0.09506047936562832,5.815202788916038
45,False,-1,0.09495109992022001,5.8508658957286395
46,True,-1,0.09484184633008991,5.905866941878919
47,False,-1,0.09473271845042515,5.930047312801024
48,True,-1,0.0946237161365795,5.972005517099381
49,False,-1,0.09451483924407315,5.995407106520774
50,True,0,0.09440608762859254,5.995407106520774
51,False,-1,0.09429746114599015,6.019321738122636
52,True,0,0.09418895965228434,6.019321738122636
53,False,-1,0.09408058300365912,6.050733015811351
54,True,-1,0.09397233105646399,6.136184100769467
55,False,-1,0.09386420366721374,6.155920649087509
56,True,-1,0.09375620069258823,6.1864685918554345
57,False,-1,0.09364832198943229,6.203044240890588
58,True,-1,0.09354056741475542,6.232426236497448
59,False,0,0.09343293682573163,6.232426236497448
60,True,-1,0.09332543007969933,6.250481888253954
61,False,-1,0.09321804703416105,6.275558652576878
62,True,-1,0.09311078754678327,6.353764208748371
63,False,-1,0.09300365147539627,6.376077411288768
64,True,-1,0.09289663867799389,6.40821851849815
65,False,-1,0.09278974901273337,6.439617081386854
66,True,-1,0.09268298233793519,6.602285782555559
67,False,-1,0.0925763385120828,6.615357232707509
68,True,0,0.09246981739382253,6.615357232707509
69,False,-1,0.09236341884196332,6.635110310265566
70,True,-1,0.0922571427154766,6.652358572221334
71,False,-1,0.09215098887349604,6.670885307318271
72,True,0,0.09204495717531742,6.670885307318271
73,False,-1,0.09193904748039841,6.68317988318951
74,True,-1,0.0918332596483584,6.715065422918658
75,False,-1,0.09172759353897827,6.73074340707299
76,True,0,0.0916220490122003,6.73074340707299
77,False,-1,0.09151662592812786,6.742745542543962
78,True,-1,0.09141132414702534,6.763210648902671
79,False,-1,0.0913061435293179,6.773322093611914
80,True,-1,0.0912010839355913,6.832685587646182
81,False,-1,0.0910961452265917,6.851359814423254
82,True,-1,0.0909913272632255,6.877451855527106
83,False,-1,0.09088662990655913,6.885724740154669
84,True,-1,0.09078205301781891,6.908125039075146
85,False,-1,0.09067759645839084,6.921461592807337
86,True,-1,0.09057326008982036,6.952141769495384
87,False,-1,0.09046904377381228,6.95925760732189
88,True,-1,0.0903649473722305,6.967751093729654
89,False,-1,0.09026097074709788,6.99382596985349
90,True,-1,0.09015711376059604,7.0090945374474485
91,False,-1,0.09005337627506518,7.015291095233113
92,True,-1,0.08994975815300388,7.03564558283172
93,False,-1,0.08984625925706895,7.076589146089149
94,True,-1,0.08974287945007521,7.09817251910888
95,False,-1,0.08963961859499536,7.108434634198261
96,True,-1,0.08953647655495975,7.125593256813947
97,False,-1,0.08943345319325621,7.135459941622967
98,True,-1,0.08933054837332989,7.151890006197987
99,False,0,0.08922776195878306,7.151890006197987
100,True,-1,0.08912509381337493,7.1668909272517
101,False,-1,0.08902254380102147,7.1760773702600975
102,True,-1,0.08892011178579523,7.212510993953404
103,False,-1,0.08881779763192517,7.234382357193398
104,True,0,0.08871560120379648,7.234382357193398
105,False,-1,0.08861352236595038,7.255864011813036
106,True,-1,0.08851156098308395,7.288292473502681
107,False,-1,0.08840971692004997,7.293379664987331
108,True,1,0.08830799004185669,7.5872511159959775
109,False,-1,0.08820638021366772,7.607552201434536
110,True,-1,0.08810488730080182,7.617556206083681
111,False,-1,0.0880035111687327,7.625125962270601
112,True,-1,0.08790225168308885,7.7861430109177965
113,False,-1,0.0878011087096534,7.79061989200189
114,True,-1,0.08770008211436389,7.800325098850761
115,False,-1,0.08759917176331214,7.807618308137428
116,True,-1,0.08749837752274403,7.8423214475491525
117,False,-1,0.08739769925905934,7.848694105314978
118,True,-1,0.08729713683881159,7.856794704402383
119,False,-1,0.08719669012870783,7.897817735159886
120,True,0,0.0870963589956085,7.897817735159886
121,False,-1,0.08699614330652722,7.9072279586484875
122,True,-1,0.08689604292863062,7.929227105628598
123,False,-1,0.08679605772923821,7.932558383231644
124,True,-1,0.08669618757582212,8.083351461189494
125,False,-1,0.086596432336007,8.098777056563595
126,True,-1,0.0864967918775698,8.104775263469078
127,False,0,0.08639726606843962,8.104775263469078
128,True,-1,0.0862978547766975,8.111957218255643
129,False,-1,0.08619855787057633,8.122331859325127
130,True,-1,0.08609937521846055,8.136821009678373
131,False,-1,0.08600030668888607,8.139380498920714
132,True,-1,0.08590135215054007,8.147206458327867
133,False,-1,0.0858025114722608,8.159517563439122
134,True,-1,0.08570378452303745,8.166398177465412
135,False,-1,0.08560517117200997,8.203870600319668
136,True,-1,0.08550667128846884,8.217053940711718
137,False,-1,0.08540828474185495,8.219113738313602
138,True,-1,0.08531001140175945,8.236988204169942
139,False,-1,0.0852118511379235,8.24409514163644
140,True,-1,0.08511380382023816,8.259385960130418
141,False,-1,0.08501586931874419,8.262640313193392
142,True,-1,0.0849180475036319,8.267889618378192
143,False,-1,0.08482033824524093,8.273006053902868
144,True,-1,0.08472274141406017,8.276437778426006
145,False,-1,0.08462525688072745,8.287296217635932
146,True,-1,0.08452788451602951,8.29963275234721
147,False,-1,0.08443062419090175,8.307716186454599
148,True,-1,0.08433347577642807,8.31599860718217
149,False,-1,0.0842364391438407,8.318573989924525
150,True,-1,0.08413951416452005,8.328921294173984
151,False,-1,0.0840427007099945,8.338557841102793
152,True,-1,0.08394599865194029,8.345327200628981
153,False,-1,0.08384940786218127,8.358774373121275
154,True,-1,0.0837529282126888,8.507775935757486
155,False,-1,0.08365655957558156,8.510152967619659
156,True,-1,0.08356030182312535,8.5191677608279
157,False,-1,0.08346415482773296,8.522976479171382
158,True,-1,0.08336811846196399,8.52816030313612
159,False,-1,0.08327219259852466,8.534019918721476
160,True,-1,0.08317637711026767,8.661687954158186
161,False,0,0.08308067187019201,8.661687954158186
162,True,-1,0.08298507675144282,8.67084833182656
163,False,-1,0.08288959162731119,8.677386917732537
164,True,-1,0.08279421637123399,8.682861910617543
165,False,-1,0.08269895085679375,8.689342644183467
166,True,-1,0.08260379495771845,8.694717190148381
167,False,-1,0.08250874854788134,8.6987846546721
168,True,-1,0.08241381150130082,8.716128913367955
169,False,-1,0.08231898369214023,8.722149371173458
170,True,0,0.08222426499470771,8.722149371173458
171,False,-1,0.08212965528345603,8.728748988119492
172,True,-1,0.08203515443298243,8.73494999608516
173,False,-1,0.0819407623180284,8.739290828809128
174,True,-1,0.08184647881347959,8.744629773334008
175,False,-1,0.08175230379436561,8.74632592765556
176,True,-1,0.08165823713585986,8.841943130962969
177,False,-1,0.08156427871327936,8.848044327748546
178,True,-1,0.08147042840208459,8.855106127675002
179,False,-1,0.08137668607787935,8.85648314051626
180,True,-1,0.08128305161641056,8.858217439237846
181,False,-1,0.08118952489356812,8.859350963658883
182,True,-1,0.08109610578538472,8.870903630949444
183,False,-1,0.0810027941680357,8.875605563993743
184,True,-1,0.08090958991783888,8.87923627513706
185,False,-1,0.08081649291125438,8.908531810103842
186,True,-1,0.08072350302488447,8.91109002786618
187,False,-1,0.08063062013547342,8.920517416334798
188,True,-1,0.08053784411990732,8.94357761337588
189,False,-1,0.0804451748552139,8.944989591917171
190,True,-1,0.0803526122185624,8.951327283982964
191,False,-1,0.08026015608726338,8.956174801487395
192,True,-1,0.08016780633876859,9.050392105313525
193,False,-1,0.08007556285067077,9.05144616223449
194,True,-1,0.07998342550070352,9.056409384419027
195,False,0,0.07989139416674111,9.056409384419027
196,True,-1,0.07979946872679834,9.077276914198102
197,False,-1,0.07970764905903037,9.081229309781715
198,True,-1,0.07961593504173256,9.085788201325883
199,False,-1,0.0795243265533403,9.094388492053746
200,True,-1,0.07943282347242885,9.107613155545835
201,False,-1,0.0793414256777132,9.108377950766533
202,True,0,0.07925013304804789,9.108377950766533
203,False,-1,0.07915894546242684,9.109550255327605
204,True,-1,0.07906786279998322,9.114625367752245
205,False,-1,0.07897688493998928,9.123003149479903
206,True,-1,0.07888601176185615,9.219980836388556
207,False,-1,0.07879524314513375,9.223912888292151
208,True,0,0.07870457896951058,9.223912888292151
209,False,-1,0.07861401911481355,9.230447659758125
210,True,-1,0.07852356346100789,9.234333302641677
211,False,-1,0.07843321188819691,9.238663327785636
212,True,-1,0.0783429642766219,9.242591565249226
213,False,-1,0.07825282050666191,9.243566790410117
214,True,0,0.07816278045883368,9.243566790410117
215,False,-1,0.0780728440137914,9.268175650092614
216,True,-1,0.07798301105232659,9.269539312393862
217,False,-1,0.07789328145536793,9.27683379316053
218,True,-1,0.07780365510398113,9.293503531715768
219,False,-1,0.07771413187936871,9.297845000179738
220,True,1,0.07762471166286991,9.536112723517553
221,False,-1,0.0775353943359605,9.54747466880794
222,True,-1,0.07744617978025262,9.550163849010397
223,False,-1,0.07735706787749463,9.554830816354665
224,True,0,0.07726805850957098,9.554830816354665
225,False,-1,0.077179151558502,9.558734895698233
226,True,-1,0.07709034690644376,9.577914535775767
227,False,-1,0.07700164443568797,9.581411741518963
228,True,-1,0.07691304402866173,9.591788289808449
229,False,-1,0.07682454556792745,9.595073794131453
230,True,-1,0.07673614893618266,9.59717173613337
231,False,-1,0.07664785401625987,9.600262068276196
232,True,-1,0.0765596606911264,9.605410290800902
233,False,-1,0.07647156884388422,9.61143583452641
234,True,-1,0.07638357835776984,9.620277070714492
235,False,-1,0.07629568911615407,9.62392685405783
236,True,-1,0.07620790100254198,9.625062921438868
237,False,-1,0.07612021390057261,9.637824766210533
238,True,-1,0.07603262769401896,9.642260324194588
239,False,-1,0.07594514226678771,9.64506266611715
240,True,-1,0.07585775750291915,9.646525503858488
241,False,-1,0.075770473286587,9.64957832734128
242,True,-1,0.07568328950209821,9.65078432612238
243,False,-1,0.07559620603389292,9.651507162503043
244,True,-1,0.07550922276654418,9.653808541305146
245,False,-1,0.07542233958475786,9.65620973128734
246,True,-1,0.07533555637337253,9.656771725447854
247,False,-1,0.07524887301735922,9.661122094271832
248,True,-1,0.07516228940182135,9.66334209835386
249,False,-1,0.07507580541199452,9.666080866276365
250,True,-1,0.07498942093324638,9.678952694068132
251,False,-1,0.07490313585107652,9.691711360139795
252,True,-1,0.07481695005111624,9.765549382507295
253,False,-1,0.07473086341912843,9.777491758418211
254,True,-1,0.07464487584100746,9.78505897164513
255,False,-1,0.07455898720277895,9.788563806268334
256,True,-1,0.07447319739059971,9.79174441349124
257,False,-1,0.07438750629075751,9.792362988511806
258,True,-1,0.07430191378967095,9.798619941597527
259,False,-1,0.07421641977388936,9.79912599063799
260,True,-1,0.07413102413009258,9.802885757001427
261,False,-1,0.07404572674509084,9.805401380183726
262,True,0,0.07396052750582462,9.805401380183726
263,False,-1,0.07387542629936449,9.81082042794868
264,True,-1,0.07379042301291094,9.811920258149685
265,False,-1,0.07370551753379428,9.81546005847292
266,True,-1,0.07362070974947446,9.880913305972756
267,False,-1,0.07353599954754089,9.886180411877572
268,True,1,0.07345138681571235,10.078414837513305
269,False,-1,0.0733668714418368,10.079052484733888
270,True,0,0.07328245331389127,10.079052484733888
271,False,-1,0.07319813231998165,10.081159962835814
272,True,-1,0.07311390834834261,10.084074194998479
273,False,-1,0.0730297812873374,10.08875769158276
274,True,0,0.07294575102545775,10.08875769158276
275,False,-1,0.07286181745132365,10.089186816083151
276,True,-1,0.07277798045368329,10.133415247923583
277,False,-1,0.07269423992141284,10.133845008163977
278,True,-1,0.07261059574351636,10.137180100207026
279,False,-1,0.0725270478091256,10.14115728965066
280,True,-1,0.07244359600749989,10.143700885392986
281,False,-1,0.072360240228026,10.153606350342042
282,True,-1,0.07227698036021792,10.15843988156646
283,False,-1,0.07219381629371682,10.158922408226902
284,True,-1,0.07211074791829085,10.160476156788322
285,False,-1,0.07202777512383497,10.16261796485028
286,True,-1,0.07194489780037085,10.163012759390641
287,False,0,0.07186211583804668,10.163012759390641
288,True,-1,0.07177942912713707,10.163685372311257
289,False,-1,0.07169683755804289,10.16687360841417
290,True,-1,0.0716143410212911,10.1689842652161
291,False,-1,0.07153193940753463,10.16937842401646
292,True,-1,0.07144963260755223,10.206700176490578
293,False,-1,0.07136742051224833,10.215112288178268
294,True,-1,0.07128530301265286,10.215831945858927
295,False,-1,0.07120327999992117,10.21891019894174
296,True,0,0.07112135136533382,10.21891019894174
297,False,-1,0.07103951700029648,10.219214718402018
298,True,-1,0.07095777679633979,10.221003690763654
299,False,-1,0.07087613064511916,10.222787577205285
300,True,-1,0.0707945784384147,10.23311008759472
301,False,0,0.07071312006813102,10.23311008759472
302,True,-1,0.07063175542629711,10.234576739776061
303,False,-1,0.0705504844050662,10.238547571819693
304,True,-1,0.07046930689671561,10.24554706922609
305,False,-1,0.07038822279364661,10.248817315789081
306,True,-1,0.07030723198838426,10.257467829976989
307,False,-1,0.07022633437357732,10.257726576157225
308,True,-1,0.07014552984199805,10.260202147719488
309,False,-1,0.07006481828654208,10.263596363582591
310,True,-1,0.06998419960022828,10.264040745842998
311,False,-1,0.06990367367619864,10.26478837608368
312,True,-1,0.06982324040771808,10.2789208762966
313,False,-1,0.06974289968817433,10.280975587978478
314,True,0,0.06966265141107782,10.280975587978478
315,False,-1,0.06958249547006147,10.281290279278766
316,True,-1,0.06950243175888063,10.281631035919077
317,False,-1,0.06942246017141286,10.284180353321407
318,True,-1,0.06934258060165786,10.284452450041657
319,False,-1,0.06926279294373729,10.287315823004274
320,True,-1,0.0691830970918946,10.287537060524476
321,False,-1,0.06910349294049499,10.28921414264601
322,True,-1,0.06902398038402516,10.332039496305159
323,False,-1,0.06894455931709323,10.334498538627406
324,True,-1,0.06886522963442858,10.373528524483087
325,False,-1,0.06878599123088174,10.375433201524828
326,True,-1,0.0687068440014242,10.37574153542511
327,False,-1,0.06862778784114831,10.377278754746515
328,True,-1,0.06854882264526714,10.384446723253067
329,False,-1,0.06846994830911432,10.386234424134702
330,True,-1,0.06839116472814392,10.386599974635036
331,False,-1,0.06831247179793029,10.389842248637999
332,True,-1,0.06823386941416795,10.39175773325975
333,False,-1,0.06815535747267143,10.395195815182893
334,True,-1,0.06807693586937513,10.397250526864772
335,False,-1,0.06799860450033322,10.39777437662525
336,True,-1,0.06792036326171945,10.405492260232306
337,False,-1,0.06784221204982703,10.406994513853679
338,True,-1,0.06776415076106851,10.409379174595859
339,False,-1,0.06768617929197562,10.409629020416087
340,True,-1,0.06760829753919918,10.415585268481532
341,False,-1,0.06753050539950887,10.42229931862767
342,True,-1,0.06745280276979321,10.452790680535545
343,False,-1,0.0673751895470593,10.455831424958324
344,True,-1,0.0672976656284328,10.457843542060164
345,False,-1,0.0672202309111577,10.45805778644036
346,True,0,0.06714288529259625,10.45805778644036
347,False,-1,0.0670656286702288,10.458272666560557
348,True,-1,0.06698846094165366,10.467680982829156
349,False,-1,0.06691138200458695,10.468984885570348
350,True,-1,0.06683439175686248,10.494611564993775
351,False,-1,0.06675749009643164,10.500360561819031
352,True,-1,0.06668067692136323,10.500664445539309
353,False,-1,0.06660395212984332,10.51756622919476
354,True,-1,0.06652731562017516,10.517776659134952
355,False,0,0.06645076729077898,10.517776659134952
356,True,-1,0.06637430704019191,10.518881575255962
357,False,-1,0.06629793476706783,10.521371133098238
358,True,-1,0.06622165037017723,10.522271976679061
359,False,-1,0.06614545374840707,10.523554264260234
360,True,-1,0.06606934480076064,10.523678869300348
361,False,-1,0.06599332342635748,10.524921105261484
362,True,0,0.06591738952443318,10.524921105261484
363,False,-1,0.06584154299433928,10.525961175902435
364,True,-1,0.0657657837355431,10.53088053202693
365,False,-1,0.0656901116476277,10.532131032608074
366,True,-1,0.0656145266302916,10.536864752652402
367,False,-1,0.06553902858334881,10.538307246713721
368,True,-1,0.06546361740672857,10.541820345956932
369,False,-1,0.06538829300047526,10.542000260377097
370,True,-1,0.0653130552647483,10.543636019398592
371,False,-1,0.06523790409982198,10.546119855580862
372,True,-1,0.06516283940608533,10.54642373930114
373,False,-1,0.065087861084042,10.548275014182833
374,True,0,0.06501296903431013,10.548275014182833
375,False,-1,0.0649381631576222,10.552955967807112
376,True,-1,0.06486344335482491,10.553071672487217
377,False,-1,0.06478880952687906,10.553213442507348
378,True,-1,0.06471426157485939,10.558371201132063
379,False,-1,0.0646397993999545,10.559235171792853
380,True,-1,0.06456542290346663,10.56553408371861
381,False,-1,0.06449113198681165,10.566886302699846
382,True,-1,0.06441692655151882,10.570316120002982
383,False,-1,0.0643428064992307,10.571510675464074
384,True,0,0.06426877173170306,10.571510675464074
385,False,0,0.06419482215080467,10.571510675464074
386,True,-1,0.06412095765851726,10.574368962506687
387,False,-1,0.0640471781569353,10.57662583950875
388,True,-1,0.06397348354826592,10.578695173210642
389,False,-1,0.06389987373482879,10.57942563847131
390,True,-1,0.06382634861905598,10.57964433303151
391,False,-1,0.0637529081034918,10.58351598963505
392,True,-1,0.0636795520907927,10.58493814001635
393,False,-1,0.06360628048372714,10.585062109316462
394,True,0,0.06353309318517548,10.585062109316462
395,False,-1,0.0634599900981298,10.588323455519443
396,True,-1,0.06338697112569382,10.588501462719606
397,False,-1,0.06331403617108272,10.591731021922559
398,True,-1,0.06324118513762307,10.592390284303162
399,False,-1,0.06316841792875268,10.593259976623957
400,True,-1,0.06309573444802045,10.593348980224038
401,False,-1,0.06302313459908628,10.595228863405756
402,True,-1,0.06295061828572089,10.595369997685886
403,False,-1,0.06287818541180576,10.596111270526563
404,True,-1,0.06280583588133294,10.597637682267958
405,False,-1,0.06273356959840495,10.598584299128824
406,True,-1,0.06266138646723468,10.598661859408894
407,False,-1,0.06258928639214521,10.59875531318898
408,True,-1,0.06251726927756972,10.602469306272376
409,False,-1,0.062445335028051344,10.602550680992449
410,True,0,0.06237348354824306,10.602550680992449
411,False,-1,0.062301714742907556,10.604107608253873
412,True,-1,0.06223002851691709,10.604810100954515
413,False,-1,0.062158424775253386,10.606934108296457
414,True,-1,0.062086903423007496,10.613241284842223
415,False,-1,0.062015464365379684,10.615027714243856
416,True,-1,0.061944107507679286,10.616303644425022
417,False,-1,0.0618728327553246,10.616369761385082
418,True,-1,0.06180164001384274,10.616449864625157
419,False,-1,0.06173052918886952,10.616619607205312
420,True,-1,0.061659500186149366,10.616681909725369
421,False,-1,0.061588552911535116,10.616821772525496
422,True,-1,0.06151768727098796,10.617332907485963
423,False,-1,0.06144690317057729,10.617915245326495
424,True,-1,0.06137620051648057,10.61806146552663
425,False,-1,0.061305579214983225,10.620657191949002
426,True,-1,0.0612350391724785,10.622895632491048
427,False,-1,0.06116458029546737,10.622947763171096
428,True,-1,0.061094202490558365,10.62307300395121
429,False,0,0.06102390566446749,10.62307300395121
430,True,-1,0.06095368972401809,10.630505440298005
431,False,-1,0.0608835545761407,10.632442540079776
432,True,0,0.06081350012787296,10.632442540079776
433,False,0,0.060743526286359484,10.632442540079776
434,True,-1,0.06067363295885171,10.632770581920076
435,False,-1,0.060603820052707806,10.633743899860965
436,True,-1,0.06053408747539253,10.63722839080415
437,False,-1,0.06046443513447712,10.65078109613654
438,True,0,0.06039486293763916,10.65078109613654
439,False,-1,0.06032537079266247,10.651060185996796
440,True,-1,0.06025595860743696,10.651627901817314
441,False,-1,0.06018662628995854,10.652933076038508
442,True,0,0.06011737374832899,10.652933076038508
443,False,-1,0.06004820089075581,10.655643235660985
444,True,0,0.059979107625552135,10.655643235660985
445,False,-1,0.05991009386113658,10.656291054721578
446,True,-1,0.059841159506033165,10.656886107362121
447,False,-1,0.059772304468871135,10.659156334904196
448,True,-1,0.05970352865838489,10.681779778564877
449,False,-1,0.05963483198341383,10.682720673765738
450,True,-1,0.05956621435290225,10.68434308224722
451,False,-1,0.059497675675899225,10.685080540647895
452,True,0,0.05942921586155847,10.685080540647895
453,False,-1,0.05936083481913824,10.686530027849221
454,True,-1,0.05929253245800119,10.68754721185015
455,False,-1,0.05922430868761427,10.68766673097026
456,True,0,0.059156163417548605,10.68766673097026
457,False,-1,0.05908809655747936,10.687759549010345
458,True,-1,0.059020108017185643,10.693111208335237
459,False,-1,0.05895219770655036,10.69419832373623
460,True,-1,0.05888436553556011,10.695160834097111
461,False,-1,0.05881661141430508,10.695919907657805
462,True,0,0.05874893525297889,10.695919907657805
463,False,-1,0.0586813369618785,10.69600255385788
464,True,-1,0.058613816451404094,10.696817572538626
465,False,-1,0.05854637363205894,10.698422180300092
466,True,-1,0.05847900841444929,10.700040774341572
467,False,-1,0.058411720709284264,10.701923836223292
468,True,0,0.0583445104273757,10.701923836223292
469,False,-1,0.05827737747963808,10.703280505384534
470,True,-1,0.05821032177708837,10.703691193424909
471,False,-1,0.05814334323084595,10.704287517545454
472,True,-1,0.05807644175213244,10.723113050442663
473,False,-1,0.058009617252271634,10.723311401322844
474,True,-1,0.05794286964268934,10.728605844047685
475,False,-1,0.0578761988349133,10.729096635328133
476,True,-1,0.05780960474057305,10.733381522932051
477,False,-1,0.05774308727139979,10.734293174092883
478,True,-1,0.05767664633922631,10.735148880133666
479,False,-1,0.05761028185598684,10.735660015094133
480,True,-1,0.057543993733716936,10.737234107335572
481,False,-1,0.05747778188455337,10.738810742537014
482,True,0,0.057411646220734004,10.738810742537014
483,False,-1,0.0573455866545977,10.740417893258483
484,True,-1,0.057279603098584174,10.741769476499718
485,False,-1,0.057213695465233895,10.74309435866093
486,True,-1,0.05714786366718796,10.74314013194097
487,False,-1,0.05708210761718799,10.743897934021664
488,True,-1,0.057016427228076004,10.74439762566212
489,False,-1,0.05695082241279432,10.745538143223163
490,True,-1,0.056885293084385405,10.745972989383562
491,False,-1,0.0568198391559918,10.746604914944138
492,True,-1,0.05675446054085598,10.747033403704531
493,False,-1,0.05668915715232024,10.747432648424896
494,True,-1,0.056623928903826594,10.76784880280356
495,False,-1,0.05655877570891666,10.768203545723884
496,True,-1,0.05649369748123152,10.7684400410041
497,False,-1,0.05642869413451164,10.769239801924831
498,True,-1,0.05636376558259672,10.76930464740489
499,False,-1,0.056298911739425604,10.769827225685368
500,True,0,0.05623413251903618,10.769827225685368
501,False,-1,0.05616942783556523,10.770784650126243
502,True,-1,0.056104797603248324,10.7730351697283
503,False,-1,0.056040241736419735,10.77307840004834
504,True,-1,0.0559757601495123,10.77501486409011
505,False,-1,0.055911352757057296,10.776124866131125
506,True,-1,0.05584701947368436,10.776487237931455
507,False,-1,0.05578276021412136,10.777409060932298
508,True,-1,0.05571857489319427,10.77744466237233
509,False,-1,0.05565446342582707,10.778599166213386
510,True,-1,0.05559042572704164,10.80790678024018
511,False,-1,0.05552646171195763,10.819253467770551
512,True,-1,0.05546257129579236,10.821093299332233
513,False,-1,0.055398754393860695,10.821890517292962
514,True,-1,0.05533501092157495,10.822680106373683
515,False,-1,0.055271340794444776,10.825680799176427
516,True,-1,0.05520774392807702,10.825806675696542
517,False,-1,0.055144220238175654,10.826256779616953
518,True,-1,0.05508076964054163,10.82654922001722
519,False,-1,0.05501739205107279,10.826579735537248
520,True,-1,0.054954087385763746,10.827275235097884
521,False,-1,0.05489085556070577,10.827290492857898
522,True,-1,0.05482769649208667,10.849306169078025
523,False,-1,0.054764610096190706,10.849786788518463
524,True,-1,0.05470159628939846,10.851284591959832
525,False,-1,0.05463865498818672,10.860621069608367
526,True,-1,0.054575786109128395,10.861232651488926
527,False,-1,0.05451298956889237,10.864051522651504
528,True,-1,0.054450265284243425,10.878500621384713
529,False,-1,0.054387613172042104,10.87984330426594
530,True,-1,0.054325033149244625,10.880144645026215
531,False,-1,0.05426252513290275,10.880166260186236
532,True,-1,0.05420008904016369,10.880317566306374
533,False,-1,0.05413772478826998,10.880592205986625
534,True,-1,0.05407543229455939,10.899753409604141
535,False,-1,0.05401321147646479,10.900155197284509
536,True,-1,0.05395106225151407,10.901433034685677
537,False,-1,0.053888984537329994,10.901675887365899
538,True,0,0.05382697825163014,10.901675887365899
539,False,-1,0.05376504331222673,10.902353586206518
540,True,0,0.05370317963702658,10.902353586206518
541,False,-1,0.05364138714403096,10.90352461928759
542,True,-1,0.05357966575133547,10.903949293607976
543,False,0,0.05351801537712998,10.903949293607976
544,True,-1,0.05345643593969848,10.90444389932843
545,False,-1,0.05339492735741898,10.904985549808924
546,True,-1,0.05333348954876341,10.906034520809882
547,False,-1,0.053272122432297515,10.90839311621204
548,True,-1,0.053210825926680735,10.908599095972228
549,False,-1,0.05314959995066611,10.90932383957289
550,True,-1,0.05308844442310015,10.909941778853455
551,False,-1,0.053027359262922756,10.910239305173727
552,True,-1,0.0529663443891671,10.930254943352024
553,False,-1,0.052905399720959506,10.93064401623238
554,True,-1,0.052844525177519364,10.931542952593201
555,False,-1,0.052783720678159,10.931734946073377
556,True,-1,0.0527229861422836,10.93215326299376
557,False,-1,0.05266232148939107,10.932455875234037
558,True,-1,0.05260172663907194,10.933593849835077
559,False,-1,0.05254120151100929,10.933671410115148
560,True,-1,0.05248074602497859,10.934130414395568
561,False,-1,0.052420360100847614,10.934379624475795
562,True,1,0.052360043658576355,11.092724657900549
563,False,-1,0.0522997966182169,11.093323524981095
564,True,-1,0.05223961889991331,11.093347683101118
565,False,-1,0.05217951042390156,11.09413727218184
566,True,0,0.05211947111050937,11.09413727218184
567,False,-1,0.05205950088015617,11.094147444021848
568,True,-1,0.05199959965335293,11.094854386902496
569,False,-1,0.05193976735070208,11.095060366662683
570,True,-1,0.05188000389289744,11.095392222942987
571,False,-1,0.05182030920072404,11.095464697303052
572,True,0,0.051760683195058096,11.095464697303052
573,False,-1,0.05170112579686683,11.095521913903106
574,True,-1,0.051641636927208426,11.096597585984089
575,False,-1,0.051582216507231896,11.096652259624138
576,True,-1,0.05152286445817698,11.09702480326448
577,False,-1,0.05146358070137403,11.097068033584518
578,True,0,0.05140436515824394,11.097068033584518
579,False,-1,0.051345217750297996,11.098614153265933
580,True,-1,0.051286138399137815,11.098912951066206
581,False,-1,0.05122712702645521,11.099066800146346
582,True,1,0.051168183554032104,11.259939535813409
583,False,-1,0.051109307903740415,11.259944621733414
584,True,-1,0.05105049999754196,11.260053969013514
585,False,-1,0.05099175975748835,11.262570227935814
586,True,-1,0.05093308710572088,11.262680846695917
587,False,-1,0.05087448196447043,11.26268466113592
588,True,-1,0.05081594425605739,11.263069919576271
589,False,-1,0.050757473902891495,11.263106792496306
590,True,0,0.05069907082747178,11.263106792496306
591,False,-1,0.05064073495238643,11.263551810496711
592,True,0,0.050582466200312745,11.263551810496711
593,False,-1,0.05052426449401696,11.264837276777888
594,True,-1,0.05046612975635418,11.264860163417907
595,False,-1,0.05040806191026829,11.265218720778236
596,True,-1,0.050350060878791826,11.265775629018744
597,False,-1,0.05029212658504589,11.267988004220767
598,True,-1,0.050234258952240055,11.268427936301169
599,False,-1,0.05017645790367222,11.268885669101588
600,True,-1,0.05011872336272857,11.2688996553816
601,False,-1,0.05006105525288344,11.269026803381717
602,True,-1,0.0500034534976992,11.269175566541852
603,False,-1,0.04994591802082618,11.269283642341952
604,True,-1,0.04988844874600257,11.269334501541998
605,False,-1,0.0498310455970543,11.26981766394244
606,True,-1,0.04977370849789495,11.288170206279217
607,False,-1,0.049716437372525644,11.288231237319273
608,True,-1,0.04965923214503496,11.303380921533122
609,False,-1,0.04960209273959881,11.303711506333425
610,True,-1,0.049545019080480375,11.304674016694305
611,False,-1,0.04948801109202995,11.304715975534343
612,True,-1,0.049431068698684896,11.305105048414699
613,False,-1,0.049374191824969514,11.305280512654859
614,True,-1,0.04931738039549494,11.305330100374904
615,False,-1,0.04926063433495908,11.305469963175032
616,True,0,0.04920395356814645,11.305469963175032
617,False,-1,0.049147338019928134,11.305497935735058
618,True,-1,0.049090787615261665,11.30628879629578
619,False,-1,0.04903430227919091,11.306401958015885
620,True,0,0.04897788193684598,11.306401958015885
621,False,-1,0.04892152651344314,11.30732632397673
622,True,-1,0.04886523593428472,11.307642922497019
623,False,-1,0.04880901012475897,11.307661994697035
624,True,-1,0.048752849010339994,11.307672166537046
625,False,-1,0.04869675251658767,11.307756084217122
626,True,-1,0.04864072056914752,11.30861814765791
627,False,-1,0.048584753093750606,11.308623233577915
628,True,-1,0.048528850016213466,11.308741481218023
629,False,-1,0.04847301126243798,11.309795538138987
630,True,-1,0.048417236758411294,11.30980062405899
631,False,-1,0.04836152643020572,11.31019351137935
632,True,-1,0.04830588020397863,11.314379223543176
633,False,-1,0.04825029800597235,11.314385580943183
634,True,-1,0.048194779762514094,11.314632248063408
635,False,-1,0.04813932540001584,11.314872557783627
636,True,-1,0.04808393484497422,11.31496410434371
637,False,-1,0.048028608023970465,11.315053107943793
638,True,-1,0.047973344863670275,11.3150607368238
639,False,-1,0.047918145290823735,11.3150607368238
640,True,-1,0.0478630092322652,11.315309946904026
641,False,-1,0.04780793661491323,11.31532266170404
642,True,-1,0.047752927365770456,11.315355720184069
643,False,-1,0.04769798141192352,11.315425651584134
644,True,-1,0.04764309868054294,11.315453624144158
645,False,-1,0.04758827909888306,11.315518469624218
646,True,-1,0.0475335225942819,11.322727761230809
647,False,-1,0.04747882909416111,11.323118105591165
648,True,-1,0.047424198526025835,11.323129548911176
649,False,-1,0.04736963081746464,11.323184222551225
650,True,-1,0.04731512589614942,11.323203294751243
651,False,-1,0.04726068368983527,11.323240167671276
652,True,-1,0.04720630412636043,11.323245253591281
653,False,-1,0.047151987133646156,11.32325542543129
654,True,-1,0.04709773263969666,11.324740514072648
655,False,-1,0.047043540572598984,11.324996081552882
656,True,-1,0.04698941086052291,11.325207147233074
657,False,0,0.046935343431720886,11.325207147233074
658,True,-1,0.0468813382145279,11.325228762393095
659,False,-1,0.046827395137361394,11.325545360913384
660,True,-1,0.046773514128721196,11.325608934913442
661,False,-1,0.04671969511718939,11.325611477873444
662,True,-1,0.04666593803143024,11.325783127673601
663,False,-1,0.046612242800190086,11.325830172433644
664,True,-1,0.04655860935229727,11.326931274114651
665,False,-1,0.046505037616662005,11.32713725387484
666,True,-1,0.04645152752227632,11.327166497914867
667,False,-1,0.04639807899821393,11.328064162795686
668,True,-1,0.04634469197363018,11.328312101395912
669,False,-1,0.04629136637776191,11.330172276637613
670,True,-1,0.046238102139927406,11.330586779117994
671,False,-1,0.046184899189526264,11.330590593557996
672,True,-1,0.04613175745603932,11.331663722678977
673,False,-1,0.04607867686902855,11.333203484960384
674,True,0,0.04602565735813698,11.333203484960384
675,False,-1,0.0459726988530886,11.334501666041572
676,True,-1,0.04591980128368824,11.334508023441577
677,False,-1,0.04586696457982152,11.33451056640158
678,True,-1,0.045814188671454724,11.338592017205311
679,False,-1,0.04576147348863473,11.33863524752535
680,True,0,0.04570881896148888,11.33863524752535
681,False,-1,0.04565622502022495,11.339370162966022
682,True,-1,0.045603691595130995,11.340073291406664
683,False,-1,0.04555121861657529,11.340828550527355
684,True,-1,0.045498806015006235,11.340842536807369
685,False,-1,0.045446453720952254,11.340843808287369
686,True,-1,0.0453941616650217,11.342035185048458
687,False,-1,0.04534192977790278,11.34203645652846
688,True,-1,0.04528975799036346,11.342040270968463
689,False,-1,0.04523764623325134,11.342215735208624
690,True,-1,0.04518559443749362,11.34225515108866
691,False,-1,0.045133602534096956,11.342565392208943
692,True,-1,0.0450816704541474,11.343212575529535
693,False,-1,0.04502979812881029,11.343460514129761
694,True,-1,0.04497798548933018,11.343597833969888
695,False,-1,0.04492623246703072,11.343620720609907
696,True,-1,0.0448745389933146,11.343805085210077
697,False,-1,0.044822904999663425,11.344047937890299
698,True,-1,0.04477133041763764,11.344053023810304
699,False,-1,0.044719815178876444,11.344250103210483
700,True,-1,0.0446683592150977,11.356139712701353
701,False,-1,0.04461696245809783,11.356162599341372
702,True,-1,0.04456562483975172,11.356179128581388
703,False,-1,0.04451434629201267,11.356378750941571
704,True,-1,0.04446312674691226,11.356488098221671
705,False,-1,0.04441196613656028,11.35669534946186
706,True,-1,0.04436086439314464,11.356954731382098
707,False,-1,0.04430982144893127,11.356983975422123
708,True,0,0.044258837236264045,11.356983975422123
709,False,-1,0.044207911687564674,11.357126381182255
710,True,-1,0.04415704473533264,11.357236999942355
711,False,-1,0.04410623631214508,11.357376862742484
712,True,-1,0.04405548635065672,11.357849853302916
713,False,-1,0.04400479478359977,11.357863839582928
714,True,-1,0.043954161543783836,11.357940128382998
715,False,-1,0.04390358656409585,11.357941399863
716,True,-1,0.043853069777499955,11.357959200583016
717,False,-1,0.04380261111703743,11.365232066189664
718,True,-1,0.04375221051582659,11.365495262549905
719,False,-1,0.04370186790706273,11.365509248829918
720,True,-1,0.043651583224017985,11.365516877709924
721,False,-1,0.043601356400041286,11.36568852751008
722,True,-1,0.043551187368558245,11.365902136150277
723,False,-1,0.04350107606307109,11.366012754910377
724,True,-1,0.04345102241715854,11.366039455990402
725,False,-1,0.04340102636447577,11.366045813390407
726,True,-1,0.04335108783875428,11.366829045071125
727,False,-1,0.0433012067738018,11.366915505711203
728,True,0,0.04325138310350226,11.366915505711203
729,False,-1,0.04320161676181564,11.367028667431306
730,True,-1,0.043151907682777914,11.367038839271316
731,False,-1,0.043102255800500956,11.367102413271374
732,True,-1,0.04305266104917246,11.367268977151527
733,False,-1,0.043003123363055826,11.367357980751608
734,True,-1,0.04295364267649012,11.367379595911627
735,False,-1,0.04290421892388994,11.367988634832184
736,True,-1,0.042854852039745345,11.368338291832504
737,False,-1,0.04280554195862179,11.36885959863298
738,True,-1,0.04275628861516001,11.368873584912993
739,False,-1,0.042707091944075945,11.369014719193123
740,True,-1,0.04265795188016065,11.369027433993134
741,False,-1,0.042608868358280226,11.36918764047328
742,True,-1,0.042559841313375694,11.36918764047328
743,False,-1,0.042510870680462956,11.36925248595334
744,True,0,0.042461956394632676,11.36925248595334
745,False,-1,0.04241309839105021,11.369257571873344
746,True,-1,0.042364296604955505,11.36926265779335
747,False,-1,0.042315550971663035,11.36926265779335
748,True,-1,0.04226686142656169,11.369553826713615
749,False,-1,0.04221822790511472,11.369553826713615
750,True,-1,0.042169650342859626,11.369563998553625
751,False,-1,0.04212112867540807,11.370001387674025
752,True,-1,0.04207266283844581,11.370006473594028
753,False,-1,0.04202425276773261,11.370045889474065
754,True,0,0.04197589839910215,11.370045889474065
755,False,-1,0.04192759966846194,11.370045889474065
756,True,-1,0.04187935651179323,11.370048432434068
757,False,-1,0.041831168865150946,11.370048432434068
758,True,-1,0.04178303666466358,11.37005224687407
759,False,-1,0.04173495984653311,11.37005224687407
760,True,-1,0.04168693834703494,11.370057332794076
761,False,-1,0.04163897210251779,11.372321838676145
762,True,-1,0.04159106104940361,11.37232565311615
763,False,-1,0.04154320512418752,11.37232565311615
764,True,-1,0.0414954042634377,11.372398127476215
765,False,-1,0.04144765840379532,11.372897819116671
766,True,-1,0.04139996748197445,11.372899090596674
767,False,-1,0.04135233143476198,11.372930877596701
768,True,-1,0.04130475019901755,11.372930877596701
769,False,-1,0.04125722371167342,11.373294520877035
770,True,-1,0.041209751909734436,11.37335428043709
771,False,-1,0.04116233473027793,11.373403868157135
772,True,-1,0.04111497211045364,11.373454727357181
773,False,-1,0.0410676639874836,11.3734750710372
774,True,-1,0.041020410298662095,11.373513215437235
775,False,-1,0.04097321098135556,11.379637934602833
776,True,0,0.040926065973002496,11.379637934602833
777,False,-1,0.04087897521111339,11.380285117923425
778,True,0,0.04083193863327062,11.380285117923425
779,False,-1,0.040784956177128406,11.380402094083532
780,True,-1,0.04073802778041268,11.380539413923657
781,False,-1,0.04069115338092105,11.38055212872367
782,True,-1,0.04064433291652269,11.383325226606205
783,False,-1,0.04059756632515825,11.383349384726227
784,True,0,0.040550853544839796,11.383349384726227
785,False,-1,0.040504194513650726,11.388537023130969
786,True,-1,0.04045758916974568,11.388553552370984
787,False,-1,0.04041103745135045,11.392941429854995
788,True,-1,0.04036453929676191,11.392956687615008
789,False,-1,0.04031809464434794,11.392997374975046
790,True,-1,0.04027170343254732,11.393110536695149
791,False,-1,0.04022536559986969,11.39312070853516
792,True,-1,0.04017908108489541,11.393163938855198
793,False,-1,0.04013284982627553,11.393171567735205
794,True,-1,0.040086671762731695,11.393203354735235
795,False,-1,0.040040546833056044,11.393293629815316
796,True,-1,0.03999447497611116,11.393512324375516
797,False,-1,0.03994845613082996,11.393513595855518
798,True,-1,0.03990249023621562,11.393517410295521
799,False,-1,0.039856577231341526,11.39722250301891
800,True,-1,0.03981071705535114,11.39741068205908
801,False,-1,0.03976490964745797,11.397413225019083
802,True,-1,0.03971915494694545,11.397695493579342
803,False,-1,0.039673452893166886,11.397696765059342
804,True,-1,0.039627803425545366,11.397789583099428
805,False,-1,0.03958220648357367,11.39884236854039
806,True,0,0.03953666200681421,11.39884236854039
807,False,-1,0.039491169934898936,11.398871612580416
808,True,-1,0.039445730207529256,11.398916114380457
809,False,-1,0.03940034276447597,11.398916114380457
810,True,-1,0.03935500754557916,11.399024190180556
811,False,-1,0.039309724490748155,11.399030547580562
812,True,-1,0.0392644935399614,11.40135862746269
813,False,-1,0.039219314633266424,11.401362441902693
814,True,-1,0.039174187710779726,11.401517562462836
815,False,-1,0.039129112712686716,11.401525191342841
816,True,-1,0.03908408957924162,11.401596394222906
817,False,-1,0.039039118250767425,11.401596394222906
818,True,-1,0.038994198667655765,11.40162055234293
819,False,-1,0.03894933077036687,11.40162055234293
820,True,-1,0.038904514499429485,11.401751514783049
821,False,-1,0.038859749795440775,11.401751514783049
822,True,-1,0.03881503659906625,11.401751514783049
823,False,-1,0.038770374851039714,11.40489207038592
824,True,-1,0.038725764492163146,11.404895884825923
825,False,-1,0.038681205463306646,11.404918771465944
826,True,-1,0.03863669770540835,11.405596470306564
827,False,-1,0.03859224115947434,11.405596470306564
828,True,-1,0.03854783576657861,11.405727432746684
829,False,-1,0.03850348146786292,11.405727432746684
830,True,0,0.03845917820453678,11.405727432746684
831,False,-1,0.03841492591787734,11.405740147546695
832,True,-1,0.0383707245492293,11.405741419026697
833,False,-1,0.038326574040004883,11.405873652946816
834,True,-1,0.03828247433168369,11.405904168466845
835,False,-1,0.038238425365812685,11.405904168466845
836,True,-1,0.038194427084006076,11.405904168466845
837,False,-1,0.03815047942794526,11.40855647574927
838,True,-1,0.03810658233937872,11.409222731269878
839,False,-1,0.03806273576012199,11.409534243870164
840,True,-1,0.03801893963205754,11.41944034455922
841,False,-1,0.0379751938971347,11.41946195971924
842,True,-1,0.03793149849736961,11.419477217479253
843,False,-1,0.03788785337484513,11.419553506279323
844,True,-1,0.03784425847171075,11.419554777759323
845,False,-1,0.03780071373018253,11.421735365961318
846,True,-1,0.03775721909254302,11.421763338521343
847,False,-1,0.03771377450114118,11.42359808416302
848,True,-1,0.03767037989839231,11.423636228563055
849,False,-1,0.03762703522677795,11.423638771523057
850,True,0,0.03758374042884584,11.423638771523057
851,False,-1,0.037540495447209825,11.423689630723104
852,True,-1,0.03749730022454977,11.42407870360346
853,False,-1,0.03745415470361151,11.42407870360346
854,True,0,0.03741105882720675,11.42407870360346
855,False,-1,0.037368012538212994,11.424722072484048
856,True,-1,0.03732501577957348,11.424814890524132
857,False,-1,0.037282068494297084,11.42482251940414
858,True,-1,0.03723917062545827,11.425387056524656
859,False,-1,0.03719632211619701,11.425422657964688
860,True,-1,0.03715352290971868,11.42542520092469
861,False,-1,0.03711077294929401,11.425969394365188
862,True,-1,0.037068072178259026,11.426083827565293
863,False,-1,0.037025420540014925,11.426086370525296
864,True,-1,0.03698281797802805,11.426175374125377
865,False,-1,0.036940264435829775,11.426199532245398
866,True,-1,0.03689775985701646,11.43466758905314
867,False,-1,0.03685530418524936,11.435139308133571
868,True,-1,0.03681289736425457,11.435243569493666
869,False,-1,0.036770539337822906,11.435265184653685
870,True,-1,0.036728230049809886,11.435266456133688
871,False,-1,0.03668596944413562,11.43614632029449
872,True,1,0.03664375746478475,11.567866562494904
873,False,-1,0.03660159405580636,11.568645979735617
874,True,-1,0.03655947916131392,11.56864852269562
875,False,-1,0.0365174127254852,11.568651065655622
876,True,-1,0.03647539469256221,11.568717182615682
877,False,-1,0.03643342500685111,11.568731168895695
878,True,-1,0.03639150361272214,11.568731168895695
879,False,-1,0.036349630454609566,11.569120241776051
880,True,-1,0.03630780547701157,11.569136771016066
881,False,-1,0.036266028624490194,11.570643474817443
882,True,-1,0.03622429984167129,11.570663818497462
883,False,-1,0.03618261907324441,11.570925743377702
884,True,-1,0.036140986263962754,11.571007118097777
885,False,-1,0.036099401358643084,11.572262068858922
886,True,-1,0.03605786430216566,11.572595196619227
887,False,-1,0.03601637503947418,11.572923238459527
888,True,-1,0.03597493351557565,11.573099974179689
889,False,-1,0.0359335396755404,11.574141316300642
890,True,-1,0.03589219346450194,11.574157845540656
891,False,-1,0.03585089482765691,11.575042795621465
892,True,0,0.035809643710265016,11.575042795621465
893,False,-1,0.03576844005764895,11.575046610061468
894,True,-1,0.035727283815194306,11.575083482981503
895,False,-1,0.03568617492834953,11.575084754461503
896,True,-1,0.035645113342625837,11.575086025941504
897,False,-1,0.03560409900359713,11.575091111861509
898,True,-1,0.035563131856899945,11.575294548661695
899,False,-1,0.035522211848233363,11.576162969502489
900,True,-1,0.03548133892335895,11.576165512462492
901,False,-1,0.03544051302810069,11.576878812743143
902,True,-1,0.03539973410834488,11.577358160703582
903,False,-1,0.035359002110040096,11.577359432183583
904,True,-1,0.03531831697919711,11.577762491343952
905,False,-1,0.03527767866188881,11.57830668478445
906,True,-1,0.03523708710425013,11.57868049990479
907,False,-1,0.035196542252477994,11.578948782185035
908,True,-1,0.03515604405283123,11.57897548326506
909,False,0,0.03511559245163049,11.57897548326506
910,True,-1,0.035075187395258216,11.580903046946823
911,False,-1,0.035034828830158515,11.581489199227358
912,True,-1,0.03499451670283714,11.58149174218736
913,False,-1,0.034954250959861384,11.581714251187563
914,True,-1,0.034914031547860026,11.581751124107598
915,False,-1,0.03487385841352325,11.581752395587598
916,True,-1,0.03483373150360259,11.581752395587598
917,False,-1,0.03479365076491084,11.5817536670676
918,True,-1,0.03475361614432199,11.581762567427608
919,False,-1,0.034713627588771175,11.581762567427608
920,True,1,0.034673685045254574,11.684981313921966
921,False,-1,0.03463378846082935,11.684981313921966
922,True,-1,0.034593937782613604,11.684982585401968
923,False,-1,0.03455413295778626,11.685205094402171
924,True,-1,0.034514373933587035,11.68521526624218
925,False,-1,0.03447466065731635,11.68521526624218
926,True,-1,0.03443499307633526,11.685219080682185
927,False,-1,0.03439537113806539,11.685220352162185
928,True,-1,0.034355794789988875,11.685220352162185
929,False,-1,0.03431626397964826,11.685220352162185
930,True,-1,0.03427677865464645,11.685220352162185
931,False,-1,0.03423733876264665,11.685220352162185
932,True,-1,0.0341979442513723,11.685343685722298
933,False,-1,0.03415859506860695,11.685343685722298
934,True,-1,0.03411929116219427,11.685355129042309
935,False,-1,0.034080032480037915,11.685679356442606
936,True,-1,0.03404081897010151,11.685745473402665
937,False,-1,0.03400165058040852,11.686215921003095
938,True,-1,0.03396252725904226,11.6862222784031
939,False,-1,0.03392344895414574,11.686872004683694
940,True,-1,0.03388441561392167,11.687142829923943
941,False,-1,0.03384542718663234,11.687254720164045
942,True,-1,0.03380648362059958,11.68759929124436
943,False,-1,0.03376758486420467,11.687600562724361
944,True,-1,0.033728730865888304,11.687777298444523
945,False,-1,0.03368992157415049,11.687964206004693
946,True,0,0.03365115693755049,11.687964206004693
947,False,-1,0.03361243690470676,11.688238845684944
948,True,-1,0.03357376142429688,11.692387684928738
949,False,-1,0.03353513044505749,11.692394042328743
950,True,-1,0.03349654391578418,11.692408028608757
951,False,-1,0.03345800178533151,11.692408028608757
952,True,-1,0.03341950400261284,11.692463973728808
953,False,-1,0.033381050516600355,11.692466516688809
954,True,-1,0.033342641276324914,11.692471602608814
955,False,-1,0.03330427623087605,11.692471602608814
956,True,-1,0.03326595532940187,11.695983430372024
957,False,-1,0.03322767852110898,11.69598851629203
958,True,-1,0.03318944575526245,11.696002502572043
959,False,0,0.03315125698118571,11.696002502572043
960,True,-1,0.03311311214826052,11.696007588492046
961,False,-1,0.03307501120592686,11.696007588492046
962,True,-1,0.033036954103682896,11.696052090292087
963,False,-1,0.0329989407910849,11.69620721085223
964,True,-1,0.032960971217747194,11.696255527092273
965,False,-1,0.03292304533334207,11.696255527092273
966,True,-1,0.03288516308759972,11.699087113054862
967,False,-1,0.032847324430308196,11.69981821405553
968,True,-1,0.03280952931131332,11.699823299975534
969,False,-1,0.03277177768051861,11.699825842935537
970,True,-1,0.03273406948788524,11.69984110069555
971,False,-1,0.03269640468343195,11.69984110069555
972,True,0,0.032658783217235,11.69984110069555
973,False,-1,0.032621205039428086,11.699843643655553
974,True,-1,0.03258367010020229,11.699843643655553
975,False,-1,0.032546178349806006,11.699843643655553
976,True,-1,0.03250872973854486,11.699844915135554
977,False,-1,0.03247132421678166,11.700031822695726
978,True,0,0.032433961734936345,11.700031822695726
979,False,-1,0.03239664224348589,11.700031822695726
980,True,-1,0.03235936569296425,11.700068695615759
981,False,-1,0.0323221320339623,11.700442510736101
982,True,-1,0.03228494121712778,11.700446325176104
983,False,-1,0.03224779319316519,11.700745122976377
984,True,-1,0.03221068791283577,11.702352273697846
985,False,-1,0.03217362532695741,11.702353545177848
986,True,-1,0.032136605386404594,11.70235608813785
987,False,-1,0.03209962804210833,11.70235608813785
988,True,-1,0.032062693245056076,11.70235608813785
989,False,-1,0.032025800946291705,11.702587497498062
990,True,-1,0.0319889510969154,11.702591311938065
991,False,-1,0.031952143648083624,11.702591311938065
992,True,-1,0.03191537855100903,11.702630727818102
993,False,-1,0.031878655756960424,11.702630727818102
994,True,-1,0.03184197521726266,11.702667600738135
995,False,-1,0.03180533688329662,11.70281636389827
996,True,-1,0.03176874070649912,11.70281636389827
997,False,-1,0.03173218663836285,11.70281636389827
998,True,-1,0.03169567463043632,11.70419337673953
999,False,-1,0.03165920463432379,11.704930835140203
