episode,a1_played_first,outcome_a1,epsilon,drift_pct_a1
0,True,1,0.1,0.3013942220361482
1,False,-1,0.09988493699365053,0.7809712276764342
2,True,1,0.09977000638225535,0.9338743266962125
3,False,-1,0.09965520801347685,1.4213501435743443
4,True,0,0.09954054173515271,1.4213501435743443
5,False,0,0.09942600739529568,1.4213501435743443
6,True,-1,0.09931160484209339,1.8416102032685302
7,False,-1,0.09919733392390816,2.010171896372623
8,True,1,0.09908319448927677,2.16776675659669
9,False,-1,0.09896918638691031,2.3293542229594073
10,True,1,0.09885530946569392,2.467896273236057
11,False,-1,0.09874156357468661,2.6956243809742375
12,True,1,0.09862794856312108,2.8199852969279235
13,False,-1,0.09851446428040354,3.0845202077397516
14,True,1,0.09840111057611342,3.2315805382841885
15,False,-1,0.09828788730000326,3.400667988368762
16,True,-1,0.09817479430199849,3.63752786547529
17,False,-1,0.0980618314321972,3.8456042961855057
18,True,1,0.09794899854086996,4.0105254241762704
19,False,-1,0.09783629547845962,4.18217903877319
20,True,1,0.09772372209558115,4.319292263398533
21,False,-1,0.09761127824302136,4.513751461166301
22,True,0,0.09749896377173879,4.513751461166301
23,False,-1,0.09738677853286344,4.749820477712106
24,True,1,0.09727472237769662,4.912828664041122
25,False,0,0.09716279515771073,4.912828664041122
26,True,1,0.09705099672454907,5.034245785922116
27,False,-1,0.09693932693002567,5.165581723292179
28,True,-1,0.09682778562612504,5.359011022259005
29,False,1,0.09671637266500199,5.4491761193214305
30,True,1,0.09660508789898148,5.545050161589074
31,False,-1,0.09649393118055835,5.7471868734738605
32,True,0,0.0963829023623972,5.7471868734738605
33,False,0,0.09627200129733214,5.7471868734738605
34,True,1,0.09616122783836661,5.861052993497952
35,False,1,0.09605058183867321,5.958564066267093
36,True,1,0.09594006315159347,6.03095450865327
37,False,-1,0.09582967163063766,6.279987853160927
38,True,-1,0.09571940712948461,6.441424490208506
39,False,1,0.09560926950198152,6.5467621581248014
40,True,1,0.09549925860214377,6.665321946573185
41,False,0,0.09538937428415467,6.665321946573185
42,True,-1,0.09527961640236536,6.88866821635736
43,False,1,0.09516998481129454,6.954640863437669
44,True,-1,0.09506047936562832,7.164128636949175
45,False,-1,0.09495109992022001,7.323125939614524
46,True,-1,0.09484184633008991,7.551420809563223
47,False,-1,0.09473271845042515,7.706114152424638
48,True,1,0.0946237161365795,7.786855675458448
49,False,1,0.09451483924407315,7.8490291402952845
50,True,0,0.09440608762859254,7.8490291402952845
51,False,-1,0.09429746114599015,8.02845531213931
52,True,0,0.09418895965228434,8.02845531213931
53,False,-1,0.09408058300365912,8.186701805863972
54,True,0,0.09397233105646399,8.186701805863972
55,False,1,0.09386420366721374,8.257324255308532
56,True,1,0.09375620069258823,8.334329534358927
57,False,0,0.09364832198943229,8.334329534358927
58,True,0,0.09354056741475542,8.334329534358927
59,False,1,0.09343293682573163,8.411783645849734
60,True,1,0.09332543007969933,8.490752725761924
61,False,-1,0.09321804703416105,8.630048445809264
62,True,1,0.09311078754678327,8.71457071462653
63,False,0,0.09300365147539627,8.71457071462653
64,True,-1,0.09289663867799389,8.871953237690404
65,False,-1,0.09278974901273337,9.019614024665389
66,True,1,0.09268298233793519,9.083756376284025
67,False,-1,0.0925763385120828,9.242773386889393
68,True,-1,0.09246981739382253,9.418752576450267
69,False,0,0.09236341884196332,9.418752576450267
70,True,1,0.0922571427154766,9.479476554085778
71,False,0,0.09215098887349604,9.479476554085778
72,True,1,0.09204495717531742,9.543606190904402
73,False,-1,0.09193904748039841,9.642000942274352
74,True,1,0.0918332596483584,9.702367634029537
75,False,-1,0.09172759353897827,9.83564098905137
76,True,1,0.0916220490122003,9.89431788388501
77,False,-1,0.09151662592812786,10.009839470870615
78,True,1,0.09141132414702534,10.066856448562739
79,False,1,0.0913061435293179,10.161387172209155
80,True,-1,0.0912010839355913,10.316610722231054
81,False,1,0.0910961452265917,10.381127524710033
82,True,-1,0.0909913272632255,10.548056955362634
83,False,-1,0.09088662990655913,10.718811633598731
84,True,1,0.09078205301781891,10.789736059543568
85,False,-1,0.09067759645839084,10.871688031538485
86,True,1,0.09057326008982036,10.961951668301001
87,False,-1,0.09046904377381228,11.10930984303571
88,True,-1,0.0903649473722305,11.216062032453298
89,False,1,0.09026097074709788,11.286777935677945
90,True,-1,0.09015711376059604,11.425100973524394
91,False,-1,0.09005337627506518,11.538679739068224
92,True,-1,0.08994975815300388,11.679929723877349
93,False,0,0.08984625925706895,11.679929723877349
94,True,1,0.08974287945007521,11.731245385244259
95,False,-1,0.08963961859499536,11.813042236679035
96,True,1,0.08953647655495975,11.858507818560598
97,False,-1,0.08943345319325621,11.957784977051354
98,True,0,0.08933054837332989,11.957784977051354
99,False,-1,0.08922776195878306,12.024115545751991
100,True,1,0.08912509381337493,11.954449885008305
101,False,-1,0.08902254380102147,12.023224238271176
102,True,1,0.08892011178579523,12.064158265428595
103,False,0,0.08881779763192517,12.064158265428595
104,True,1,0.08871560120379648,12.11523743151529
105,False,-1,0.08861352236595038,12.21904868769019
106,True,-1,0.08851156098308395,12.289734075394808
107,False,-1,0.08840971692004997,12.37868173035612
108,True,0,0.08830799004185669,12.37868173035612
109,False,-1,0.08820638021366772,12.492681355780336
110,True,1,0.08810488730080182,12.521415532326603
111,False,-1,0.0880035111687327,12.57226710349309
112,True,-1,0.08790225168308885,12.696526301046683
113,False,-1,0.0878011087096534,12.751559769936993
114,True,1,0.08770008211436389,12.800777489301986
115,False,-1,0.08759917176331214,12.84915348890621
116,True,-1,0.08749837752274403,12.943890192312814
117,False,1,0.08739769925905934,12.983981228229464
118,True,-1,0.08729713683881159,13.083360105120311
119,False,1,0.08719669012870783,13.130285346043209
120,True,1,0.0870963589956085,13.164188088794202
121,False,-1,0.08699614330652722,13.229048826613495
122,True,1,0.08689604292863062,13.248983090071718
123,False,1,0.08679605772923821,13.287435188266869
124,True,1,0.08669618757582212,13.302259373600421
125,False,0,0.086596432336007,13.302259373600421
126,True,-1,0.0864967918775698,13.406241008095478
127,False,-1,0.08639726606843962,13.511018589071261
128,True,0,0.0862978547766975,13.511018589071261
129,False,-1,0.08619855787057633,13.561422599277337
130,True,-1,0.08609937521846055,13.647932827076422
131,False,0,0.08600030668888607,13.647932827076422
132,True,1,0.08590135215054007,13.664224300331316
133,False,-1,0.0858025114722608,13.720975538703195
134,True,1,0.08570378452303745,13.733925562515035
135,False,-1,0.08560517117200997,13.792158075088269
136,True,1,0.08550667128846884,13.816710353910713
137,False,1,0.08540828474185495,13.85194179326292
138,True,-1,0.08531001140175945,13.928473446012882
139,False,-1,0.0852118511379235,14.020077222696623
140,True,-1,0.08511380382023816,14.076907292828574
141,False,1,0.08501586931874419,14.114765609863184
142,True,-1,0.0849180475036319,14.196723939258106
143,False,-1,0.08482033824524093,14.258465736634548
144,True,1,0.08472274141406017,14.27829828169268
145,False,1,0.08462525688072745,14.321149700691851
146,True,0,0.08452788451602951,14.321149700691851
147,False,0,0.08443062419090175,14.321149700691851
148,True,1,0.08433347577642807,14.341578569870528
149,False,1,0.0842364391438407,14.362438470769597
150,True,1,0.08413951416452005,14.396760801920973
151,False,-1,0.0840427007099945,14.484424262081111
152,True,1,0.08394599865194029,14.505504129020382
153,False,1,0.08384940786218127,14.551045999702014
154,True,1,0.0837529282126888,14.580568493849002
155,False,-1,0.08365655957558156,14.607048336353209
156,True,-1,0.08356030182312535,14.68245091486214
157,False,0,0.08346415482773296,14.68245091486214
158,True,1,0.08336811846196399,14.730175916705768
159,False,-1,0.08327219259852466,14.756209469729567
160,True,1,0.08317637711026767,14.793541394043695
161,False,1,0.08308067187019201,14.835687141642223
162,True,1,0.08298507675144282,14.875801064198892
163,False,1,0.08288959162731119,14.896349452497677
164,True,1,0.08279421637123399,14.924010499922964
165,False,-1,0.08269895085679375,14.956555302032715
166,True,1,0.08260379495771845,14.966247794081577
167,False,1,0.08250874854788134,14.989756187823067
168,True,1,0.08241381150130082,15.015518915606618
169,False,-1,0.08231898369214023,15.066572652093289
170,True,1,0.08222426499470771,15.102666154886284
171,False,-1,0.08212965528345603,15.140042581000452
172,True,-1,0.08203515443298243,15.213619314227714
173,False,-1,0.0819407623180284,15.230982645123587
174,True,-1,0.08184647881347959,15.311176160276897
175,False,0,0.08175230379436561,15.311176160276897
176,True,1,0.08165823713585986,15.341286078184423
177,False,-1,0.08156427871327936,15.369464617970182
178,True,1,0.08147042840208459,15.409003831566327
179,False,0,0.08137668607787935,15.409003831566327
180,True,1,0.08128305161641056,15.43313906494839
181,False,-1,0.08118952489356812,15.469861950341961
182,True,1,0.08109610578538472,15.49927636868885
183,False,0,0.0810027941680357,15.49927636868885
184,True,1,0.08090958991783888,15.516527809344622
185,False,-1,0.08081649291125438,15.550946772976086
186,True,-1,0.08072350302488447,15.600141605701058
187,False,1,0.08063062013547342,15.620702708799854
188,True,1,0.08053784411990732,15.639210371696773
189,False,-1,0.0804451748552139,15.685563446619147
190,True,1,0.0803526122185624,15.697564946350118
191,False,-1,0.08026015608726338,15.740949115469778
192,True,1,0.08016780633876859,15.781686063227019
193,False,-1,0.08007556285067077,15.821512631303428
194,True,0,0.07998342550070352,15.821512631303428
195,False,1,0.07989139416674111,15.839736754160086
196,True,1,0.07979946872679834,15.868046256385966
197,False,-1,0.07970764905903037,15.915644110229477
198,True,1,0.07961593504173256,15.937704288249645
199,False,-1,0.0795243265533403,15.980279796088565
200,True,1,0.07943282347242885,15.835470938756186
201,False,-1,0.0793414256777132,15.878368131035401
202,True,-1,0.07925013304804789,15.942997459494483
203,False,-1,0.07915894546242684,15.968335512957646
204,True,1,0.07906786279998322,16.00486640487104
205,False,1,0.07897688493998928,16.029821742853855
206,True,1,0.07888601176185615,16.043669431546515
207,False,-1,0.07879524314513375,16.08305733902252
208,True,0,0.07870457896951058,16.08305733902252
209,False,-1,0.07861401911481355,16.123658238419637
210,True,1,0.07852356346100789,16.143739993557993
211,False,1,0.07843321188819691,16.16121648617397
212,True,1,0.0783429642766219,16.164864362297305
213,False,-1,0.07825282050666191,16.20170168089098
214,True,-1,0.07816278045883368,16.260545775344774
215,False,-1,0.0780728440137914,16.274384563677426
216,True,-1,0.07798301105232659,16.32595579252457
217,False,1,0.07789328145536793,16.35030336306683
218,True,1,0.07780365510398113,16.35717698395311
219,False,-1,0.07771413187936871,16.38524490497877
220,True,1,0.07762471166286991,16.3963258531889
221,False,-1,0.0775353943359605,16.428612544858414
222,True,-1,0.07744617978025262,16.479817587465224
223,False,1,0.07735706787749463,16.514442530856876
224,True,-1,0.07726805850957098,16.548785205688272
225,False,-1,0.077179151558502,16.575621062592806
226,True,1,0.07709034690644376,16.5842556832807
227,False,0,0.07700164443568797,16.5842556832807
228,True,-1,0.07691304402866173,16.618384749471897
229,False,-1,0.07682454556792745,16.638695371010463
230,True,1,0.07673614893618266,16.653576772944067
231,False,-1,0.07664785401625987,16.682342736490366
232,True,1,0.0765596606911264,16.704086315990242
233,False,-1,0.07647156884388422,16.718825312163716
234,True,0,0.07638357835776984,16.718825312163716
235,False,1,0.07629568911615407,16.732015645695775
236,True,0,0.07620790100254198,16.732015645695775
237,False,-1,0.07612021390057261,16.755184554276955
238,True,1,0.07603262769401896,16.76656811472736
239,False,-1,0.07594514226678771,16.787880662506844
240,True,1,0.07585775750291915,16.79039310698914
241,False,-1,0.075770473286587,16.834540164109498
242,True,1,0.07568328950209821,16.845528294279543
243,False,-1,0.07559620603389292,16.870797687822645
244,True,1,0.07550922276654418,16.8737042911053
245,False,-1,0.07542233958475786,16.89726862996684
246,True,1,0.07533555637337253,16.912474259300744
247,False,0,0.07524887301735922,16.912474259300744
248,True,1,0.07516228940182135,16.92068674862825
249,False,-1,0.07507580541199452,16.93053944715726
250,True,0,0.07498942093324638,16.93053944715726
251,False,-1,0.07490313585107652,16.95714516618158
252,True,1,0.07481695005111624,16.963716174827585
253,False,-1,0.07473086341912843,16.974325403957284
254,True,1,0.07464487584100746,16.991466225852953
255,False,1,0.07455898720277895,17.007285980027415
256,True,1,0.07447319739059971,17.00841378278845
257,False,-1,0.07438750629075751,17.025445257404016
258,True,-1,0.07430191378967095,17.045979659422787
259,False,-1,0.07421641977388936,17.060361369715935
260,True,0,0.07413102413009258,17.060361369715935
261,False,0,0.07404572674509084,17.060361369715935
262,True,1,0.07396052750582462,17.062585188237968
263,False,-1,0.07387542629936449,17.079275906213226
264,True,0,0.07379042301291094,17.079275906213226
265,False,-1,0.07370551753379428,17.097966662230313
266,True,1,0.07362070974947446,17.105994786957652
267,False,1,0.07353599954754089,17.122998289013196
268,True,-1,0.07345138681571235,17.165549638732095
269,False,-1,0.0733668714418368,17.17914303142452
270,True,1,0.07328245331389127,17.189264012233775
271,False,-1,0.07319813231998165,17.2276855949089
272,True,1,0.07311390834834261,17.228945631590047
273,False,-1,0.0730297812873374,17.241782493681782
274,True,1,0.07294575102545775,17.251717838410865
275,False,1,0.07286181745132365,17.262056242300318
276,True,-1,0.07277798045368329,17.287756667563812
277,False,-1,0.07269423992141284,17.322131129395235
278,True,1,0.07261059574351636,17.329841384122282
279,False,-1,0.0725270478091256,17.335070981367064
280,True,1,0.07244359600749989,17.33942961481105
281,False,0,0.072360240228026,17.33942961481105
282,True,-1,0.07227698036021792,17.38022123620834
283,False,-1,0.07219381629371682,17.4073063031931
284,True,1,0.07211074791829085,17.4199931306447
285,False,0,0.07202777512383497,17.4199931306447
286,True,1,0.07194489780037085,17.437549726500748
287,False,-1,0.07186211583804668,17.459963375961237
288,True,1,0.07177942912713707,17.460838154202037
289,False,-1,0.07169683755804289,17.508007519285158
290,True,1,0.0716143410212911,17.515585540092083
291,False,1,0.07153193940753463,17.52109359145712
292,True,0,0.07144963260755223,17.52109359145712
293,False,1,0.07136742051224833,17.533021345348022
294,True,1,0.07128530301265286,17.553981693167184
295,False,1,0.07120327999992117,17.56326476865567
296,True,-1,0.07112135136533382,17.59515984448483
297,False,1,0.07103951700029648,17.626031378913048
298,True,1,0.07095777679633979,17.63303087631945
299,False,1,0.07087613064511916,17.654755383619307
300,True,0,0.0707945784384147,17.466620845247324
301,False,-1,0.07071312006813102,17.497992071316002
302,True,1,0.07063175542629711,17.51009020352706
303,False,-1,0.0705504844050662,17.51586780865234
304,True,-1,0.07046930689671561,17.549979074123524
305,False,-1,0.07038822279364661,17.569731515941584
306,True,-1,0.07030723198838426,17.608619731777132
307,False,-1,0.07022633437357732,17.63042942823707
308,True,1,0.07014552984199805,17.641046286246777
309,False,-1,0.07006481828654208,17.657434391981756
310,True,1,0.06998419960022828,17.66190110122584
311,False,-1,0.06990367367619864,17.70246258474292
312,True,1,0.06982324040771808,17.711549852311226
313,False,1,0.06974289968817433,17.72279863588151
314,True,-1,0.06966265141107782,17.758061862233745
315,False,0,0.06958249547006147,17.758061862233745
316,True,1,0.06950243175888063,17.779132828813008
317,False,1,0.06942246017141286,17.800975583752976
318,True,1,0.06934258060165786,17.81021161448142
319,False,-1,0.06926279294373729,17.836805890185733
320,True,1,0.0691830970918946,17.84404696879235
321,False,1,0.06910349294049499,17.870216570176275
322,True,-1,0.06902398038402516,17.88948584959389
323,False,1,0.06894455931709323,17.900507038243965
324,True,1,0.06886522963442858,17.905341205208384
325,False,-1,0.06878599123088174,17.92955781331052
326,True,1,0.0687068440014242,17.933487957994114
327,False,1,0.06862778784114831,17.942186152682066
328,True,1,0.06854882264526714,17.949577265928824
329,False,1,0.06846994830911432,17.963705951701737
330,True,1,0.06839116472814392,17.972247754349546
331,False,1,0.06831247179793029,17.991883220007498
332,True,-1,0.06823386941416795,18.008801532902964
333,False,-1,0.06815535747267143,18.031709788083905
334,True,-1,0.06807693586937513,18.049014630899723
335,False,-1,0.06799860450033322,18.06781091975691
336,True,0,0.06792036326171945,18.06781091975691
337,False,-1,0.06784221204982703,18.079898880127956
338,True,1,0.06776415076106851,18.08682336021429
339,False,0,0.06768617929197562,18.08682336021429
340,True,-1,0.06760829753919918,18.125608586169744
341,False,0,0.06753050539950887,18.125608586169744
342,True,1,0.06745280276979321,18.133412930416878
343,False,1,0.0673751895470593,18.150838563832806
344,True,0,0.0672976656284328,18.150838563832806
345,False,1,0.0672202309111577,18.15732692627874
346,True,1,0.06714288529259625,18.16330923968421
347,False,-1,0.0670656286702288,18.17881366681838
348,True,-1,0.06698846094165366,18.203124364440605
349,False,-1,0.06691138200458695,18.223779557059487
350,True,-1,0.06683439175686248,18.237222915111776
351,False,1,0.06675749009643164,18.26064611969319
352,True,1,0.06668067692136323,18.265849015857945
353,False,1,0.06660395212984332,18.282318496313003
354,True,0,0.06652731562017516,18.282318496313003
355,False,0,0.06645076729077898,18.282318496313003
356,True,1,0.06637430704019191,18.2870204293573
357,False,0,0.06629793476706783,18.2870204293573
358,True,1,0.06622165037017723,18.29296078392273
359,False,-1,0.06614545374840707,18.30839527965684
360,True,1,0.06606934480076064,18.312986593941037
361,False,1,0.06599332342635748,18.34259936316811
362,True,1,0.06591738952443318,18.34593572669116
363,False,-1,0.06584154299433928,18.363915725387596
364,True,1,0.0657657837355431,18.367151641990553
365,False,-1,0.0656901116476277,18.39397987001508
366,True,1,0.0656145266302916,18.396567331817444
367,False,0,0.06553902858334881,18.396567331817444
368,True,-1,0.06546361740672857,18.407124430267096
369,False,1,0.06538829300047526,18.412682069352176
370,True,-1,0.0653130552647483,18.421626931160354
371,False,1,0.06523790409982198,18.426290719804616
372,True,-1,0.06516283940608533,18.433803895131483
373,False,-1,0.065087861084042,18.451146882347338
374,True,-1,0.06501296903431013,18.463904912679002
375,False,1,0.0649381631576222,18.478983394012786
376,True,0,0.06486344335482491,18.478983394012786
377,False,1,0.06478880952687906,18.483359828176788
378,True,0,0.06471426157485939,18.483359828176788
379,False,-1,0.0646397993999545,18.508780527840024
380,True,1,0.06456542290346663,18.528581285898127
381,False,1,0.06449113198681165,18.535145937144126
382,True,1,0.06441692655151882,18.540239486028785
383,False,-1,0.0643428064992307,18.56166519552837
384,True,1,0.06426877173170306,18.565981870132315
385,False,-1,0.06419482215080467,18.579273922064466
386,True,-1,0.06412095765851726,18.590771915714978
387,False,0,0.0640471781569353,18.590771915714978
388,True,0,0.06397348354826592,18.590771915714978
389,False,1,0.06389987373482879,18.59493982715879
390,True,-1,0.06382634861905598,18.60636280348923
391,False,0,0.0637529081034918,18.60636280348923
392,True,1,0.0636795520907927,18.608050057450775
393,False,1,0.06360628048372714,18.61503811153716
394,True,1,0.06353309318517548,18.61575649773782
395,False,-1,0.0634599900981298,18.62882858362977
396,True,1,0.06338697112569382,18.63293292107352
397,False,-1,0.06331403617108272,18.640528742600463
398,True,-1,0.06324118513762307,18.646500884165924
399,False,0,0.06316841792875268,18.646500884165924
400,True,-1,0.06309573444802045,18.448472959904894
401,False,-1,0.06302313459908628,18.473067197567378
402,True,0,0.06295061828572089,18.473067197567378
403,False,-1,0.06287818541180576,18.48361666713702
404,True,0,0.06280583588133294,18.48361666713702
405,False,1,0.06273356959840495,18.492675962145302
406,True,1,0.06266138646723468,18.495451602987842
407,False,1,0.06258928639214521,18.500322642872295
408,True,1,0.06251726927756972,18.504008663395663
409,False,-1,0.062445335028051344,18.51322562192409
410,True,-1,0.06237348354824306,18.522784608572827
411,False,-1,0.062301714742907556,18.547834036075727
412,True,-1,0.06223002851691709,18.554900921922187
413,False,-1,0.062158424775253386,18.562396296529037
414,True,0,0.062086903423007496,18.562396296529037
415,False,-1,0.062015464365379684,18.569526756375556
416,True,0,0.061944107507679286,18.569526756375556
417,False,0,0.0618728327553246,18.569526756375556
418,True,1,0.06180164001384274,18.574053225179696
419,False,1,0.06173052918886952,18.578472889663736
420,True,1,0.061659500186149366,18.586378952310962
421,False,1,0.061588552911535116,18.58872864735311
422,True,1,0.06151768727098796,18.591436899755585
423,False,1,0.06144690317057729,18.596681754760382
424,True,0,0.06137620051648057,18.596681754760382
425,False,-1,0.061305579214983225,18.613073674935364
426,True,1,0.0612350391724785,18.61988372182159
427,False,-1,0.06116458029546737,18.63007590551091
428,True,1,0.061094202490558365,18.634534985874986
429,False,1,0.06102390566446749,18.639778569399777
430,True,1,0.06095368972401809,18.644402942164007
431,False,1,0.0608835545761407,18.645615934085114
432,True,1,0.06081350012787296,18.649029857888237
433,False,1,0.060743526286359484,18.652780723891663
434,True,1,0.06067363295885171,18.66370400858165
435,False,-1,0.060603820052707806,18.677024033073828
436,True,1,0.06053408747539253,18.685310268241402
437,False,1,0.06046443513447712,18.69236189632785
438,True,0,0.06039486293763916,18.69236189632785
439,False,1,0.06032537079266247,18.695451592730674
440,True,1,0.06025595860743696,18.69729523873236
441,False,-1,0.06018662628995854,18.707149208741367
442,True,-1,0.06011737374832899,18.733695168205635
443,False,-1,0.06004820089075581,18.74827268641896
444,True,0,0.059979107625552135,18.74827268641896
445,False,1,0.05991009386113658,18.74954162346012
446,True,1,0.059841159506033165,18.76237467111185
447,False,1,0.059772304468871135,18.76519608523443
448,True,1,0.05970352865838489,18.77454782064298
449,False,-1,0.05963483198341383,18.785774989053245
450,True,0,0.05956621435290225,18.785774989053245
451,False,1,0.059497675675899225,18.789266473136436
452,True,-1,0.05942921586155847,18.79516486886183
453,False,1,0.05936083481913824,18.797042844823544
454,True,1,0.05929253245800119,18.799000924025332
455,False,1,0.05922430868761427,18.802076634148147
456,True,1,0.059156163417548605,18.804047428149946
457,False,1,0.05908809655747936,18.806164442351882
458,True,0,0.059020108017185643,18.806164442351882
459,False,-1,0.05895219770655036,18.81717673064195
460,True,-1,0.05888436553556011,18.829835585533523
461,False,-1,0.05881661141430508,18.846204619068484
462,True,1,0.05874893525297889,18.848643317710714
463,False,-1,0.0586813369618785,18.856750274198127
464,True,-1,0.058613816451404094,18.861472550922443
465,False,1,0.05854637363205894,18.864333380925057
466,True,1,0.05847900841444929,18.86561503276623
467,False,-1,0.058411720709284264,18.871472741131583
468,True,-1,0.0583445104273757,18.87550206125527
469,False,-1,0.05827737747963808,18.890209270428713
470,True,-1,0.05821032177708837,18.89367405343188
471,False,0,0.05814334323084595,18.89367405343188
472,True,1,0.05807644175213244,18.894873059072978
473,False,0,0.058009617252271634,18.894873059072978
474,True,1,0.05794286964268934,18.895878799753895
475,False,-1,0.0578761988349133,18.906026481643174
476,True,1,0.05780960474057305,18.90688981656396
477,False,-1,0.05774308727139979,18.923808129459427
478,True,1,0.05767664633922631,18.924578646340134
479,False,-1,0.05761028185598684,18.93083305646585
480,True,1,0.057543993733716936,18.93147642534644
481,False,1,0.05747778188455337,18.935135744789783
482,True,1,0.057411646220734004,18.935683752670283
483,False,-1,0.0573455866545977,18.950083263683446
484,True,-1,0.057279603098584174,18.97849321282942
485,False,1,0.057213695465233895,18.984541643194948
486,True,1,0.05714786366718796,18.984984118235353
487,False,-1,0.05708210761718799,18.99974854400885
488,True,1,0.057016427228076004,19.00115988681014
489,False,-1,0.05695082241279432,19.013483070981405
490,True,-1,0.056885293084385405,19.023994396151014
491,False,-1,0.0568198391559918,19.03313633735937
492,True,1,0.05675446054085598,19.0334961661997
493,False,1,0.05668915715232024,19.03755345888341
494,True,1,0.056623928903826594,19.043595531848933
495,False,-1,0.05655877570891666,19.050190698614962
496,True,1,0.05649369748123152,19.05047423865522
497,False,0,0.05642869413451164,19.05047423865522
498,True,1,0.05636376558259672,19.050699290615427
499,False,-1,0.056298911739425604,19.05758689778172
500,True,1,0.05623413251903618,18.820516908605004
501,False,1,0.05616942783556523,18.825941042289962
502,True,1,0.056104797603248324,18.826327572210314
503,False,-1,0.056040241736419735,18.8333143548167
504,True,1,0.0559757601495123,18.83349871941687
505,False,-1,0.055911352757057296,18.83850962210145
506,True,1,0.05584701947368436,18.838624055301555
507,False,-1,0.05578276021412136,18.84433045754677
508,True,1,0.05571857489319427,18.844422004106857
509,False,-1,0.05565446342582707,18.846881046429104
510,True,1,0.05559042572704164,18.84695479226917
511,False,0,0.05552646171195763,18.84695479226917
512,True,1,0.05546257129579236,18.847014551829226
513,False,-1,0.055398754393860695,18.855296972556797
514,True,1,0.05533501092157495,18.85534528879684
515,False,-1,0.055271340794444776,18.860338390761406
516,True,1,0.05520774392807702,18.86037399220144
517,False,0,0.055144220238175654,18.86037399220144
518,True,1,0.05508076964054163,18.860401964761465
519,False,-1,0.05501739205107279,18.864393140485113
520,True,0,0.054954087385763746,18.864393140485113
521,False,-1,0.05489085556070577,18.868644969609
522,True,0,0.05482769649208667,18.868644969609
523,False,0,0.054764610096190706,18.868644969609
524,True,0,0.05470159628939846,18.868644969609
525,False,-1,0.05463865498818672,18.872806523652805
526,True,1,0.054575786109128395,18.872826867332822
527,False,0,0.05451298956889237,18.872826867332822
528,True,1,0.054450265284243425,18.872843396572836
529,False,0,0.054387613172042104,18.872843396572836
530,True,-1,0.054325033149244625,18.87736605093697
531,False,-1,0.05426252513290275,18.88299489290212
532,True,1,0.05420008904016369,18.88300760770213
533,False,0,0.05413772478826998,18.88300760770213
534,True,1,0.05407543229455939,18.883015236582136
535,False,0,0.05401321147646479,18.883015236582136
536,True,1,0.05395106225151407,18.883022865462145
537,False,-1,0.053888984537329994,18.88558998358449
538,True,-1,0.05382697825163014,18.904040429881356
539,False,-1,0.05376504331222673,18.933214538508025
540,True,1,0.05370317963702658,18.93321962442803
541,False,-1,0.05364138714403096,18.936480970631013
542,True,-1,0.05357966575133547,18.9388726245132
543,False,-1,0.05351801537712998,18.942913387956892
544,True,-1,0.05345643593969848,18.94900123420246
545,False,0,0.05339492735741898,18.94900123420246
546,True,1,0.05333348954876341,18.965875045297885
547,False,-1,0.053272122432297515,18.970730827422322
548,True,1,0.053210825926680735,18.97079312994238
549,False,1,0.05314959995066611,18.9746431713859
550,True,1,0.05308844442310015,18.976194376987316
551,False,0,0.053027359262922756,18.976194376987316
552,True,1,0.0529663443891671,18.976198191427322
553,False,-1,0.052905399720959506,18.980770433511502
554,True,1,0.052844525177519364,18.980770433511502
555,False,-1,0.052783720678159,18.98762879663777
556,True,1,0.0527229861422836,18.98762879663777
557,False,0,0.05266232148939107,18.98762879663777
558,True,0,0.05260172663907194,18.98762879663777
559,False,0,0.05254120151100929,18.98762879663777
560,True,-1,0.05248074602497859,19.006581477535097
561,False,0,0.052420360100847614,19.006581477535097
562,True,1,0.052360043658576355,19.006581477535097
563,False,-1,0.0522997966182169,19.02482085815177
564,True,1,0.05223961889991331,19.028415332115056
565,False,-1,0.05217951042390156,19.032562899878847
566,True,1,0.05211947111050937,19.03256671431885
567,False,-1,0.05205950088015617,19.03605692692204
568,True,1,0.05199959965335293,19.03605692692204
569,False,-1,0.05193976735070208,19.038913942484655
570,True,1,0.05188000389289744,19.038913942484655
571,False,0,0.05182030920072404,19.038913942484655
572,True,1,0.051760683195058096,19.038913942484655
573,False,-1,0.05170112579686683,19.04149250392701
574,True,1,0.051641636927208426,19.04149250392701
575,False,0,0.051582216507231896,19.04149250392701
576,True,1,0.05152286445817698,19.04149250392701
577,False,-1,0.05146358070137403,19.046619111291697
578,True,-1,0.05140436515824394,19.04842969881335
579,False,0,0.051345217750297996,19.04842969881335
580,True,1,0.051286138399137815,19.04842969881335
581,False,0,0.05122712702645521,19.04842969881335
582,True,1,0.051168183554032104,19.04842969881335
583,False,0,0.051109307903740415,19.04842969881335
584,True,1,0.05105049999754196,19.04842969881335
585,False,-1,0.05099175975748835,19.05054162709528
586,True,1,0.05093308710572088,19.05054162709528
587,False,-1,0.05087448196447043,19.052251767696845
588,True,1,0.05081594425605739,19.052251767696845
589,False,-1,0.050757473902891495,19.053637680898113
590,True,1,0.05069907082747178,19.053637680898113
591,False,-1,0.05064073495238643,19.054762940699142
592,True,1,0.050582466200312745,19.06326914190692
593,False,-1,0.05052426449401696,19.06419096490776
594,True,1,0.05046612975635418,19.06421130858778
595,False,-1,0.05040806191026829,19.06496529622847
596,True,-1,0.050350060878791826,19.071205720074172
597,False,-1,0.05029212658504589,19.088745786690207
598,True,0,0.050234258952240055,19.088745786690207
599,False,-1,0.05017645790367222,19.089414585170818
