episode,a1_played_first,outcome_a1,epsilon
0,True,-1,0.1
1,False,1,0.09988493699365053
2,True,-1,0.09977000638225535
3,False,0,0.09965520801347685
4,True,1,0.09954054173515271
5,False,-1,0.09942600739529568
6,True,1,0.09931160484209339
7,False,-1,0.09919733392390816
8,True,1,0.09908319448927677
9,False,-1,0.09896918638691031
10,True,1,0.09885530946569392
11,False,1,0.09874156357468661
12,True,-1,0.09862794856312108
13,False,-1,0.09851446428040354
14,True,1,0.09840111057611342
15,False,-1,0.09828788730000326
16,True,-1,0.09817479430199849
17,False,0,0.0980618314321972
18,True,1,0.09794899854086996
19,False,-1,0.09783629547845962
20,True,-1,0.09772372209558115
21,False,-1,0.09761127824302136
22,True,1,0.09749896377173879
23,False,1,0.09738677853286344
24,True,-1,0.09727472237769662
25,False,-1,0.09716279515771073
26,True,0,0.09705099672454907
27,False,-1,0.09693932693002567
28,True,1,0.09682778562612504
29,False,-1,0.09671637266500199
30,True,1,0.09660508789898148
31,False,-1,0.09649393118055835
32,True,-1,0.0963829023623972
33,False,-1,0.09627200129733214
34,True,-1,0.09616122783836661
35,False,1,0.09605058183867321
36,True,1,0.09594006315159347
37,False,-1,0.09582967163063766
38,True,1,0.09571940712948461
39,False,1,0.09560926950198152
40,True,1,0.09549925860214377
41,False,1,0.09538937428415467
42,True,0,0.09527961640236536
43,False,1,0.09516998481129454
44,True,0,0.09506047936562832
45,False,1,0.09495109992022001
46,True,-1,0.09484184633008991
47,False,-1,0.09473271845042515
48,True,1,0.0946237161365795
49,False,1,0.09451483924407315
50,True,1,0.09440608762859254
51,False,1,0.09429746114599015
52,True,1,0.09418895965228434
53,False,-1,0.09408058300365912
54,True,1,0.09397233105646399
55,False,-1,0.09386420366721374
56,True,1,0.09375620069258823
57,False,-1,0.09364832198943229
58,True,1,0.09354056741475542
59,False,1,0.09343293682573163
60,True,0,0.09332543007969933
61,False,1,0.09321804703416105
62,True,-1,0.09311078754678327
63,False,1,0.09300365147539627
64,True,1,0.09289663867799389
65,False,-1,0.09278974901273337
66,True,1,0.09268298233793519
67,False,1,0.0925763385120828
68,True,-1,0.09246981739382253
69,False,1,0.09236341884196332
70,True,0,0.0922571427154766
71,False,1,0.09215098887349604
72,True,1,0.09204495717531742
73,False,1,0.09193904748039841
74,True,1,0.0918332596483584
75,False,-1,0.09172759353897827
76,True,-1,0.0916220490122003
77,False,-1,0.09151662592812786
78,True,1,0.09141132414702534
79,False,1,0.0913061435293179
80,True,1,0.0912010839355913
81,False,-1,0.0910961452265917
82,True,1,0.0909913272632255
83,False,-1,0.09088662990655913
84,True,1,0.09078205301781891
85,False,-1,0.09067759645839084
86,True,1,0.09057326008982036
87,False,0,0.09046904377381228
88,True,-1,0.0903649473722305
89,False,0,0.09026097074709788
90,True,1,0.09015711376059604
91,False,1,0.09005337627506518
92,True,1,0.08994975815300388
93,False,-1,0.08984625925706895
94,True,1,0.08974287945007521
95,False,1,0.08963961859499536
96,True,1,0.08953647655495975
97,False,0,0.08943345319325621
98,True,1,0.08933054837332989
99,False,-1,0.08922776195878306
100,True,1,0.08912509381337493
101,False,1,0.08902254380102147
102,True,1,0.08892011178579523
103,False,-1,0.08881779763192517
104,True,1,0.08871560120379648
105,False,-1,0.08861352236595038
106,True,-1,0.08851156098308395
107,False,-1,0.08840971692004997
108,True,-1,0.08830799004185669
109,False,-1,0.08820638021366772
110,True,1,0.08810488730080182
111,False,-1,0.0880035111687327
112,True,1,0.08790225168308885
113,False,1,0.0878011087096534
114,True,-1,0.08770008211436389
115,False,-1,0.08759917176331214
116,True,1,0.08749837752274403
117,False,-1,0.08739769925905934
118,True,1,0.08729713683881159
119,False,0,0.08719669012870783
120,True,1,0.0870963589956085
121,False,1,0.08699614330652722
122,True,1,0.08689604292863062
123,False,-1,0.08679605772923821
124,True,0,0.08669618757582212
125,False,-1,0.086596432336007
126,True,1,0.0864967918775698
127,False,-1,0.08639726606843962
128,True,0,0.0862978547766975
129,False,-1,0.08619855787057633
130,True,1,0.08609937521846055
131,False,-1,0.08600030668888607
132,True,1,0.08590135215054007
133,False,-1,0.0858025114722608
134,True,1,0.08570378452303745
135,False,-1,0.08560517117200997
136,True,1,0.08550667128846884
137,False,-1,0.08540828474185495
138,True,1,0.08531001140175945
139,False,-1,0.0852118511379235
140,True,1,0.08511380382023816
141,False,1,0.08501586931874419
142,True,0,0.0849180475036319
143,False,-1,0.08482033824524093
144,True,1,0.08472274141406017
145,False,1,0.08462525688072745
146,True,-1,0.08452788451602951
147,False,-1,0.08443062419090175
148,True,1,0.08433347577642807
149,False,-1,0.0842364391438407
150,True,1,0.08413951416452005
151,False,-1,0.0840427007099945
152,True,0,0.08394599865194029
153,False,-1,0.08384940786218127
154,True,1,0.0837529282126888
155,False,-1,0.08365655957558156
156,True,0,0.08356030182312535
157,False,1,0.08346415482773296
158,True,1,0.08336811846196399
159,False,1,0.08327219259852466
160,True,1,0.08317637711026767
161,False,-1,0.08308067187019201
162,True,1,0.08298507675144282
163,False,1,0.08288959162731119
164,True,-1,0.08279421637123399
165,False,-1,0.08269895085679375
166,True,1,0.08260379495771845
167,False,-1,0.08250874854788134
168,True,1,0.08241381150130082
169,False,-1,0.08231898369214023
170,True,1,0.08222426499470771
171,False,-1,0.08212965528345603
172,True,1,0.08203515443298243
173,False,1,0.0819407623180284
174,True,-1,0.08184647881347959
175,False,-1,0.08175230379436561
176,True,-1,0.08165823713585986
177,False,-1,0.08156427871327936
178,True,1,0.08147042840208459
179,False,-1,0.08137668607787935
180,True,1,0.08128305161641056
181,False,-1,0.08118952489356812
182,True,1,0.08109610578538472
183,False,0,0.0810027941680357
184,True,1,0.08090958991783888
185,False,1,0.08081649291125438
186,True,-1,0.08072350302488447
187,False,1,0.08063062013547342
188,True,1,0.08053784411990732
189,False,-1,0.0804451748552139
190,True,1,0.0803526122185624
191,False,-1,0.08026015608726338
192,True,1,0.08016780633876859
193,False,1,0.08007556285067077
194,True,1,0.07998342550070352
195,False,1,0.07989139416674111
196,True,1,0.07979946872679834
197,False,-1,0.07970764905903037
198,True,1,0.07961593504173256
199,False,-1,0.0795243265533403
200,True,1,0.07943282347242885
201,False,1,0.0793414256777132
202,True,1,0.07925013304804789
203,False,-1,0.07915894546242684
204,True,0,0.07906786279998322
205,False,-1,0.07897688493998928
206,True,1,0.07888601176185615
207,False,-1,0.07879524314513375
208,True,1,0.07870457896951058
209,False,-1,0.07861401911481355
210,True,1,0.07852356346100789
211,False,1,0.07843321188819691
212,True,1,0.0783429642766219
213,False,-1,0.07825282050666191
214,True,1,0.07816278045883368
215,False,-1,0.0780728440137914
216,True,1,0.07798301105232659
217,False,-1,0.07789328145536793
218,True,1,0.07780365510398113
219,False,1,0.07771413187936871
220,True,1,0.07762471166286991
221,False,-1,0.0775353943359605
222,True,0,0.07744617978025262
223,False,-1,0.07735706787749463
224,True,1,0.07726805850957098
225,False,-1,0.077179151558502
226,True,-1,0.07709034690644376
227,False,0,0.07700164443568797
228,True,1,0.07691304402866173
229,False,-1,0.07682454556792745
230,True,1,0.07673614893618266
231,False,1,0.07664785401625987
232,True,0,0.0765596606911264
233,False,0,0.07647156884388422
234,True,1,0.07638357835776984
235,False,1,0.07629568911615407
236,True,0,0.07620790100254198
237,False,1,0.07612021390057261
238,True,-1,0.07603262769401896
239,False,1,0.07594514226678771
240,True,1,0.07585775750291915
241,False,0,0.075770473286587
242,True,1,0.07568328950209821
243,False,1,0.07559620603389292
244,True,0,0.07550922276654418
245,False,-1,0.07542233958475786
246,True,1,0.07533555637337253
247,False,-1,0.07524887301735922
248,True,1,0.07516228940182135
249,False,1,0.07507580541199452
250,True,1,0.07498942093324638
251,False,-1,0.07490313585107652
252,True,1,0.07481695005111624
253,False,-1,0.07473086341912843
254,True,1,0.07464487584100746
255,False,1,0.07455898720277895
256,True,1,0.07447319739059971
257,False,1,0.07438750629075751
258,True,-1,0.07430191378967095
259,False,-1,0.07421641977388936
260,True,-1,0.07413102413009258
261,False,-1,0.07404572674509084
262,True,1,0.07396052750582462
263,False,-1,0.07387542629936449
264,True,-1,0.07379042301291094
265,False,-1,0.07370551753379428
266,True,1,0.07362070974947446
267,False,0,0.07353599954754089
268,True,-1,0.07345138681571235
269,False,0,0.0733668714418368
270,True,1,0.07328245331389127
271,False,0,0.07319813231998165
272,True,1,0.07311390834834261
273,False,-1,0.0730297812873374
274,True,1,0.07294575102545775
275,False,-1,0.07286181745132365
276,True,1,0.07277798045368329
277,False,-1,0.07269423992141284
278,True,1,0.07261059574351636
279,False,-1,0.0725270478091256
280,True,-1,0.07244359600749989
281,False,-1,0.072360240228026
282,True,-1,0.07227698036021792
283,False,-1,0.07219381629371682
284,True,1,0.07211074791829085
285,False,0,0.07202777512383497
286,True,1,0.07194489780037085
287,False,-1,0.07186211583804668
288,True,1,0.07177942912713707
289,False,-1,0.07169683755804289
290,True,1,0.0716143410212911
291,False,-1,0.07153193940753463
292,True,1,0.07144963260755223
293,False,-1,0.07136742051224833
294,True,1,0.07128530301265286
295,False,-1,0.07120327999992117
296,True,1,0.07112135136533382
297,False,0,0.07103951700029648
298,True,1,0.07095777679633979
299,False,-1,0.07087613064511916
300,True,1,0.0707945784384147
301,False,0,0.07071312006813102
302,True,1,0.07063175542629711
303,False,1,0.0705504844050662
304,True,1,0.07046930689671561
305,False,1,0.07038822279364661
306,True,1,0.07030723198838426
307,False,0,0.07022633437357732
308,True,1,0.07014552984199805
309,False,1,0.07006481828654208
310,True,1,0.06998419960022828
311,False,-1,0.06990367367619864
312,True,1,0.06982324040771808
313,False,0,0.06974289968817433
314,True,1,0.06966265141107782
315,False,-1,0.06958249547006147
316,True,0,0.06950243175888063
317,False,1,0.06942246017141286
318,True,1,0.06934258060165786
319,False,-1,0.06926279294373729
320,True,-1,0.0691830970918946
321,False,-1,0.06910349294049499
322,True,-1,0.06902398038402516
323,False,1,0.06894455931709323
324,True,1,0.06886522963442858
325,False,-1,0.06878599123088174
326,True,1,0.0687068440014242
327,False,-1,0.06862778784114831
328,True,1,0.06854882264526714
329,False,1,0.06846994830911432
330,True,-1,0.06839116472814392
331,False,-1,0.06831247179793029
332,True,1,0.06823386941416795
333,False,-1,0.06815535747267143
334,True,1,0.06807693586937513
335,False,1,0.06799860450033322
336,True,1,0.06792036326171945
337,False,0,0.06784221204982703
338,True,1,0.06776415076106851
339,False,-1,0.06768617929197562
340,True,1,0.06760829753919918
341,False,1,0.06753050539950887
342,True,1,0.06745280276979321
343,False,-1,0.0673751895470593
344,True,1,0.0672976656284328
345,False,1,0.0672202309111577
346,True,0,0.06714288529259625
347,False,1,0.0670656286702288
348,True,1,0.06698846094165366
349,False,-1,0.06691138200458695
350,True,1,0.06683439175686248
351,False,0,0.06675749009643164
352,True,0,0.06668067692136323
353,False,0,0.06660395212984332
354,True,1,0.06652731562017516
355,False,1,0.06645076729077898
356,True,1,0.06637430704019191
357,False,0,0.06629793476706783
358,True,1,0.06622165037017723
359,False,1,0.06614545374840707
360,True,1,0.06606934480076064
361,False,-1,0.06599332342635748
362,True,1,0.06591738952443318
363,False,1,0.06584154299433928
364,True,1,0.0657657837355431
365,False,-1,0.0656901116476277
366,True,1,0.0656145266302916
367,False,1,0.06553902858334881
368,True,1,0.06546361740672857
369,False,-1,0.06538829300047526
370,True,-1,0.0653130552647483
371,False,0,0.06523790409982198
372,True,1,0.06516283940608533
373,False,-1,0.065087861084042
374,True,1,0.06501296903431013
375,False,-1,0.0649381631576222
376,True,1,0.06486344335482491
377,False,-1,0.06478880952687906
378,True,1,0.06471426157485939
379,False,1,0.0646397993999545
380,True,1,0.06456542290346663
381,False,-1,0.06449113198681165
382,True,1,0.06441692655151882
383,False,-1,0.0643428064992307
384,True,1,0.06426877173170306
385,False,-1,0.06419482215080467
386,True,-1,0.06412095765851726
387,False,-1,0.0640471781569353
388,True,1,0.06397348354826592
389,False,1,0.06389987373482879
390,True,1,0.06382634861905598
391,False,-1,0.0637529081034918
392,True,1,0.0636795520907927
393,False,0,0.06360628048372714
394,True,1,0.06353309318517548
395,False,-1,0.0634599900981298
396,True,1,0.06338697112569382
397,False,-1,0.06331403617108272
398,True,1,0.06324118513762307
399,False,-1,0.06316841792875268
400,True,0,0.06309573444802045
401,False,0,0.06302313459908628
402,True,-1,0.06295061828572089
403,False,-1,0.06287818541180576
404,True,1,0.06280583588133294
405,False,-1,0.06273356959840495
406,True,-1,0.06266138646723468
407,False,-1,0.06258928639214521
408,True,1,0.06251726927756972
409,False,-1,0.062445335028051344
410,True,-1,0.06237348354824306
411,False,0,0.062301714742907556
412,True,1,0.06223002851691709
413,False,-1,0.062158424775253386
414,True,1,0.062086903423007496
415,False,1,0.062015464365379684
416,True,-1,0.061944107507679286
417,False,-1,0.0618728327553246
418,True,0,0.06180164001384274
419,False,-1,0.06173052918886952
420,True,1,0.061659500186149366
421,False,-1,0.061588552911535116
422,True,1,0.06151768727098796
423,False,-1,0.06144690317057729
424,True,1,0.06137620051648057
425,False,-1,0.061305579214983225
426,True,1,0.0612350391724785
427,False,1,0.06116458029546737
428,True,1,0.061094202490558365
429,False,-1,0.06102390566446749
430,True,1,0.06095368972401809
431,False,-1,0.0608835545761407
432,True,1,0.06081350012787296
433,False,-1,0.060743526286359484
434,True,0,0.06067363295885171
435,False,1,0.060603820052707806
436,True,1,0.06053408747539253
437,False,-1,0.06046443513447712
438,True,-1,0.06039486293763916
439,False,0,0.06032537079266247
440,True,1,0.06025595860743696
441,False,-1,0.06018662628995854
442,True,1,0.06011737374832899
443,False,1,0.06004820089075581
444,True,0,0.059979107625552135
445,False,-1,0.05991009386113658
446,True,-1,0.059841159506033165
447,False,-1,0.059772304468871135
448,True,1,0.05970352865838489
449,False,-1,0.05963483198341383
450,True,-1,0.05956621435290225
451,False,-1,0.059497675675899225
452,True,-1,0.05942921586155847
453,False,-1,0.05936083481913824
454,True,-1,0.05929253245800119
455,False,-1,0.05922430868761427
456,True,-1,0.059156163417548605
457,False,-1,0.05908809655747936
458,True,1,0.059020108017185643
459,False,0,0.05895219770655036
460,True,1,0.05888436553556011
461,False,-1,0.05881661141430508
462,True,1,0.05874893525297889
463,False,-1,0.0586813369618785
464,True,1,0.058613816451404094
465,False,1,0.05854637363205894
466,True,-1,0.05847900841444929
467,False,-1,0.058411720709284264
468,True,-1,0.0583445104273757
469,False,-1,0.05827737747963808
470,True,1,0.05821032177708837
471,False,-1,0.05814334323084595
472,True,1,0.05807644175213244
473,False,-1,0.058009617252271634
474,True,1,0.05794286964268934
475,False,-1,0.0578761988349133
476,True,0,0.05780960474057305
477,False,-1,0.05774308727139979
478,True,-1,0.05767664633922631
479,False,-1,0.05761028185598684
480,True,1,0.057543993733716936
481,False,-1,0.05747778188455337
482,True,-1,0.057411646220734004
483,False,0,0.0573455866545977
484,True,-1,0.057279603098584174
485,False,-1,0.057213695465233895
486,True,0,0.05714786366718796
487,False,0,0.05708210761718799
488,True,1,0.057016427228076004
489,False,-1,0.05695082241279432
490,True,1,0.056885293084385405
491,False,1,0.0568198391559918
492,True,1,0.05675446054085598
493,False,-1,0.05668915715232024
494,True,1,0.056623928903826594
495,False,-1,0.05655877570891666
496,True,-1,0.05649369748123152
497,False,-1,0.05642869413451164
498,True,1,0.05636376558259672
499,False,-1,0.056298911739425604
500,True,1,0.05623413251903618
501,False,-1,0.05616942783556523
502,True,1,0.056104797603248324
503,False,-1,0.056040241736419735
504,True,1,0.0559757601495123
505,False,0,0.055911352757057296
506,True,-1,0.05584701947368436
507,False,1,0.05578276021412136
508,True,0,0.05571857489319427
509,False,-1,0.05565446342582707
510,True,1,0.05559042572704164
511,False,1,0.05552646171195763
512,True,1,0.05546257129579236
513,False,-1,0.055398754393860695
514,True,-1,0.05533501092157495
515,False,-1,0.055271340794444776
516,True,-1,0.05520774392807702
517,False,-1,0.055144220238175654
518,True,1,0.05508076964054163
519,False,-1,0.05501739205107279
520,True,-1,0.054954087385763746
521,False,1,0.05489085556070577
522,True,1,0.05482769649208667
523,False,-1,0.054764610096190706
524,True,1,0.05470159628939846
525,False,-1,0.05463865498818672
526,True,0,0.054575786109128395
527,False,0,0.05451298956889237
528,True,-1,0.054450265284243425
529,False,0,0.054387613172042104
530,True,1,0.054325033149244625
531,False,0,0.05426252513290275
532,True,-1,0.05420008904016369
533,False,-1,0.05413772478826998
534,True,-1,0.05407543229455939
535,False,-1,0.05401321147646479
536,True,-1,0.05395106225151407
537,False,-1,0.053888984537329994
538,True,1,0.05382697825163014
539,False,-1,0.05376504331222673
540,True,1,0.05370317963702658
541,False,-1,0.05364138714403096
542,True,1,0.05357966575133547
543,False,-1,0.05351801537712998
544,True,-1,0.05345643593969848
545,False,-1,0.05339492735741898
546,True,1,0.05333348954876341
547,False,-1,0.053272122432297515
548,True,0,0.053210825926680735
549,False,-1,0.05314959995066611
550,True,1,0.05308844442310015
551,False,-1,0.053027359262922756
552,True,1,0.0529663443891671
553,False,-1,0.052905399720959506
554,True,1,0.052844525177519364
555,False,-1,0.052783720678159
556,True,1,0.0527229861422836
557,False,-1,0.05266232148939107
558,True,1,0.05260172663907194
559,False,0,0.05254120151100929
560,True,-1,0.05248074602497859
561,False,-1,0.052420360100847614
562,True,1,0.052360043658576355
563,False,-1,0.0522997966182169
564,True,1,0.05223961889991331
565,False,0,0.05217951042390156
566,True,1,0.05211947111050937
567,False,-1,0.05205950088015617
568,True,-1,0.05199959965335293
569,False,-1,0.05193976735070208
570,True,1,0.05188000389289744
571,False,0,0.05182030920072404
572,True,1,0.051760683195058096
573,False,-1,0.05170112579686683
574,True,1,0.051641636927208426
575,False,-1,0.051582216507231896
576,True,1,0.05152286445817698
577,False,-1,0.05146358070137403
578,True,1,0.05140436515824394
579,False,-1,0.051345217750297996
580,True,1,0.051286138399137815
581,False,1,0.05122712702645521
582,True,1,0.051168183554032104
583,False,1,0.051109307903740415
584,True,0,0.05105049999754196
585,False,1,0.05099175975748835
586,True,0,0.05093308710572088
587,False,1,0.05087448196447043
588,True,1,0.05081594425605739
589,False,-1,0.050757473902891495
590,True,-1,0.05069907082747178
591,False,-1,0.05064073495238643
592,True,1,0.050582466200312745
593,False,-1,0.05052426449401696
594,True,0,0.05046612975635418
595,False,-1,0.05040806191026829
596,True,1,0.050350060878791826
597,False,-1,0.05029212658504589
598,True,1,0.050234258952240055
599,False,-1,0.05017645790367222
