maze,agent,seed,episode,steps,total_reward,reached_goal
large_rank005,khot_rank,0,0,350,-350.0,False
large_rank005,khot_rank,0,1,350,-350.0,False
large_rank005,khot_rank,0,2,306,-295.0,True
large_rank005,khot_rank,0,3,42,-31.0,True
large_rank005,khot_rank,0,4,35,-24.0,True
large_rank005,khot_rank,0,5,30,-19.0,True
large_rank005,khot_rank,0,6,37,-26.0,True
large_rank005,khot_rank,0,7,42,-31.0,True
large_rank005,khot_rank,0,8,32,-21.0,True
large_rank005,khot_rank,0,9,32,-21.0,True
large_rank005,khot_rank,0,10,39,-28.0,True
large_rank005,khot_rank,0,11,31,-20.0,True
large_rank005,khot_rank,0,12,31,-20.0,True
large_rank005,khot_rank,0,13,31,-20.0,True
large_rank005,khot_rank,0,14,60,-49.0,True
large_rank005,khot_rank,0,15,32,-21.0,True
large_rank005,khot_rank,0,16,30,-19.0,True
large_rank005,khot_rank,0,17,30,-19.0,True
large_rank005,khot_rank,0,18,53,-42.0,True
large_rank005,khot_rank,0,19,31,-20.0,True
large_rank005,khot_rank,0,20,32,-21.0,True
large_rank005,khot_rank,0,21,32,-21.0,True
large_rank005,khot_rank,0,22,32,-21.0,True
large_rank005,khot_rank,0,23,31,-20.0,True
large_rank005,khot_rank,0,24,30,-19.0,True
large_rank005,khot_rank,0,25,36,-25.0,True
large_rank005,khot_rank,0,26,32,-21.0,True
large_rank005,khot_rank,0,27,32,-21.0,True
large_rank005,khot_rank,0,28,33,-22.0,True
large_rank005,khot_rank,0,29,31,-20.0,True
large_rank005,khot_rank,0,30,54,-43.0,True
large_rank005,khot_rank,0,31,32,-21.0,True
large_rank005,khot_rank,0,32,30,-19.0,True
large_rank005,khot_rank,0,33,31,-20.0,True
large_rank005,khot_rank,0,34,286,-275.0,True
large_rank005,khot_rank,0,35,58,-47.0,True
large_rank005,khot_rank,0,36,32,-21.0,True
large_rank005,khot_rank,0,37,34,-23.0,True
large_rank005,khot_rank,0,38,34,-23.0,True
large_rank005,khot_rank,0,39,34,-23.0,True
large_rank005,khot_rank,0,40,35,-24.0,True
large_rank005,khot_rank,0,41,32,-21.0,True
large_rank005,khot_rank,0,42,33,-22.0,True
large_rank005,khot_rank,0,43,33,-22.0,True
large_rank005,khot_rank,0,44,32,-21.0,True
large_rank005,khot_rank,0,45,32,-21.0,True
large_rank005,khot_rank,0,46,33,-22.0,True
large_rank005,khot_rank,0,47,32,-21.0,True
large_rank005,khot_rank,0,48,32,-21.0,True
large_rank005,khot_rank,0,49,30,-19.0,True
large_rank005,khot_rank,0,50,34,-23.0,True
large_rank005,khot_rank,0,51,30,-19.0,True
large_rank005,khot_rank,0,52,30,-19.0,True
large_rank005,khot_rank,0,53,32,-21.0,True
large_rank005,khot_rank,0,54,37,-26.0,True
large_rank005,khot_rank,0,55,30,-19.0,True
large_rank005,khot_rank,0,56,30,-19.0,True
large_rank005,khot_rank,0,57,32,-21.0,True
large_rank005,khot_rank,0,58,33,-22.0,True
large_rank005,khot_rank,0,59,30,-19.0,True
large_rank005,khot_rank,0,60,30,-19.0,True
large_rank005,khot_rank,0,61,30,-19.0,True
large_rank005,khot_rank,0,62,30,-19.0,True
large_rank005,khot_rank,0,63,31,-20.0,True
large_rank005,khot_rank,0,64,31,-20.0,True
large_rank005,khot_rank,0,65,30,-19.0,True
large_rank005,khot_rank,0,66,30,-19.0,True
large_rank005,khot_rank,0,67,31,-20.0,True
large_rank005,khot_rank,0,68,31,-20.0,True
large_rank005,khot_rank,0,69,30,-19.0,True
large_rank005,khot_rank,0,70,31,-20.0,True
large_rank005,khot_rank,0,71,32,-21.0,True
large_rank005,khot_rank,0,72,30,-19.0,True
large_rank005,khot_rank,0,73,32,-21.0,True
large_rank005,khot_rank,0,74,31,-20.0,True
large_rank005,khot_rank,0,75,30,-19.0,True
large_rank005,khot_rank,0,76,30,-19.0,True
large_rank005,khot_rank,0,77,30,-19.0,True
large_rank005,khot_rank,0,78,30,-19.0,True
large_rank005,khot_rank,0,79,33,-22.0,True
large_rank005,khot_rank,0,80,30,-19.0,True
large_rank005,khot_rank,0,81,30,-19.0,True
large_rank005,khot_rank,0,82,32,-21.0,True
large_rank005,khot_rank,0,83,30,-19.0,True
large_rank005,khot_rank,0,84,30,-19.0,True
large_rank005,khot_rank,0,85,30,-19.0,True
large_rank005,khot_rank,0,86,31,-20.0,True
large_rank005,khot_rank,0,87,30,-19.0,True
large_rank005,khot_rank,0,88,30,-19.0,True
large_rank005,khot_rank,0,89,30,-19.0,True
large_rank005,khot_rank,0,90,30,-19.0,True
large_rank005,khot_rank,0,91,30,-19.0,True
large_rank005,khot_rank,0,92,30,-19.0,True
large_rank005,khot_rank,0,93,30,-19.0,True
large_rank005,khot_rank,0,94,30,-19.0,True
large_rank005,khot_rank,0,95,31,-20.0,True
large_rank005,khot_rank,0,96,31,-20.0,True
large_rank005,khot_rank,0,97,32,-21.0,True
large_rank005,khot_rank,0,98,30,-19.0,True
large_rank005,khot_rank,0,99,30,-19.0,True
large_rank005,khot_rank,0,100,30,-19.0,True
large_rank005,khot_rank,0,101,33,-22.0,True
large_rank005,khot_rank,0,102,30,-19.0,True
large_rank005,khot_rank,0,103,30,-19.0,True
large_rank005,khot_rank,0,104,32,-21.0,True
large_rank005,khot_rank,0,105,30,-19.0,True
large_rank005,khot_rank,0,106,30,-19.0,True
large_rank005,khot_rank,0,107,30,-19.0,True
large_rank005,khot_rank,0,108,30,-19.0,True
large_rank005,khot_rank,0,109,30,-19.0,True
large_rank005,khot_rank,0,110,30,-19.0,True
large_rank005,khot_rank,0,111,30,-19.0,True
large_rank005,khot_rank,0,112,30,-19.0,True
large_rank005,khot_rank,0,113,30,-19.0,True
large_rank005,khot_rank,0,114,30,-19.0,True
large_rank005,khot_rank,0,115,30,-19.0,True
large_rank005,khot_rank,0,116,31,-20.0,True
large_rank005,khot_rank,0,117,30,-19.0,True
large_rank005,khot_rank,0,118,30,-19.0,True
large_rank005,khot_rank,0,119,31,-20.0,True
large_rank005,khot_rank,0,120,30,-19.0,True
large_rank005,khot_rank,0,121,30,-19.0,True
large_rank005,khot_rank,0,122,30,-19.0,True
large_rank005,khot_rank,0,123,30,-19.0,True
large_rank005,khot_rank,0,124,30,-19.0,True
large_rank005,khot_rank,0,125,30,-19.0,True
large_rank005,khot_rank,0,126,30,-19.0,True
large_rank005,khot_rank,0,127,31,-20.0,True
large_rank005,khot_rank,0,128,30,-19.0,True
large_rank005,khot_rank,0,129,31,-20.0,True
large_rank005,khot_rank,0,130,30,-19.0,True
large_rank005,khot_rank,0,131,30,-19.0,True
large_rank005,khot_rank,0,132,32,-21.0,True
large_rank005,khot_rank,0,133,30,-19.0,True
large_rank005,khot_rank,0,134,30,-19.0,True
large_rank005,khot_rank,0,135,30,-19.0,True
large_rank005,khot_rank,0,136,30,-19.0,True
large_rank005,khot_rank,0,137,30,-19.0,True
large_rank005,khot_rank,0,138,30,-19.0,True
large_rank005,khot_rank,0,139,31,-20.0,True
large_rank005,khot_rank,0,140,31,-20.0,True
large_rank005,khot_rank,0,141,30,-19.0,True
large_rank005,khot_rank,0,142,34,-23.0,True
large_rank005,khot_rank,0,143,30,-19.0,True
large_rank005,khot_rank,0,144,30,-19.0,True
large_rank005,khot_rank,0,145,30,-19.0,True
large_rank005,khot_rank,0,146,30,-19.0,True
large_rank005,khot_rank,0,147,30,-19.0,True
large_rank005,khot_rank,0,148,32,-21.0,True
large_rank005,khot_rank,0,149,30,-19.0,True
large_rank005,khot_rank,1,0,350,-350.0,False
large_rank005,khot_rank,1,1,350,-350.0,False
large_rank005,khot_rank,1,2,326,-315.0,True
large_rank005,khot_rank,1,3,45,-34.0,True
large_rank005,khot_rank,1,4,32,-21.0,True
large_rank005,khot_rank,1,5,35,-24.0,True
large_rank005,khot_rank,1,6,33,-22.0,True
large_rank005,khot_rank,1,7,36,-25.0,True
large_rank005,khot_rank,1,8,37,-26.0,True
large_rank005,khot_rank,1,9,36,-25.0,True
large_rank005,khot_rank,1,10,34,-23.0,True
large_rank005,khot_rank,1,11,32,-21.0,True
large_rank005,khot_rank,1,12,30,-19.0,True
large_rank005,khot_rank,1,13,35,-24.0,True
large_rank005,khot_rank,1,14,31,-20.0,True
large_rank005,khot_rank,1,15,30,-19.0,True
large_rank005,khot_rank,1,16,32,-21.0,True
large_rank005,khot_rank,1,17,31,-20.0,True
large_rank005,khot_rank,1,18,31,-20.0,True
large_rank005,khot_rank,1,19,30,-19.0,True
large_rank005,khot_rank,1,20,32,-21.0,True
large_rank005,khot_rank,1,21,30,-19.0,True
large_rank005,khot_rank,1,22,34,-23.0,True
large_rank005,khot_rank,1,23,284,-273.0,True
large_rank005,khot_rank,1,24,57,-46.0,True
large_rank005,khot_rank,1,25,38,-27.0,True
large_rank005,khot_rank,1,26,32,-21.0,True
large_rank005,khot_rank,1,27,31,-20.0,True
large_rank005,khot_rank,1,28,31,-20.0,True
large_rank005,khot_rank,1,29,33,-22.0,True
large_rank005,khot_rank,1,30,31,-20.0,True
large_rank005,khot_rank,1,31,31,-20.0,True
large_rank005,khot_rank,1,32,30,-19.0,True
large_rank005,khot_rank,1,33,31,-20.0,True
large_rank005,khot_rank,1,34,31,-20.0,True
large_rank005,khot_rank,1,35,33,-22.0,True
large_rank005,khot_rank,1,36,32,-21.0,True
large_rank005,khot_rank,1,37,33,-22.0,True
large_rank005,khot_rank,1,38,32,-21.0,True
large_rank005,khot_rank,1,39,31,-20.0,True
large_rank005,khot_rank,1,40,34,-23.0,True
large_rank005,khot_rank,1,41,30,-19.0,True
large_rank005,khot_rank,1,42,32,-21.0,True
large_rank005,khot_rank,1,43,30,-19.0,True
large_rank005,khot_rank,1,44,34,-23.0,True
large_rank005,khot_rank,1,45,31,-20.0,True
large_rank005,khot_rank,1,46,31,-20.0,True
large_rank005,khot_rank,1,47,32,-21.0,True
large_rank005,khot_rank,1,48,30,-19.0,True
large_rank005,khot_rank,1,49,30,-19.0,True
large_rank005,khot_rank,1,50,32,-21.0,True
large_rank005,khot_rank,1,51,33,-22.0,True
large_rank005,khot_rank,1,52,30,-19.0,True
large_rank005,khot_rank,1,53,31,-20.0,True
large_rank005,khot_rank,1,54,31,-20.0,True
large_rank005,khot_rank,1,55,30,-19.0,True
large_rank005,khot_rank,1,56,30,-19.0,True
large_rank005,khot_rank,1,57,30,-19.0,True
large_rank005,khot_rank,1,58,32,-21.0,True
large_rank005,khot_rank,1,59,30,-19.0,True
large_rank005,khot_rank,1,60,30,-19.0,True
large_rank005,khot_rank,1,61,35,-24.0,True
large_rank005,khot_rank,1,62,30,-19.0,True
large_rank005,khot_rank,1,63,33,-22.0,True
large_rank005,khot_rank,1,64,30,-19.0,True
large_rank005,khot_rank,1,65,30,-19.0,True
large_rank005,khot_rank,1,66,32,-21.0,True
large_rank005,khot_rank,1,67,32,-21.0,True
large_rank005,khot_rank,1,68,30,-19.0,True
large_rank005,khot_rank,1,69,32,-21.0,True
large_rank005,khot_rank,1,70,30,-19.0,True
large_rank005,khot_rank,1,71,34,-23.0,True
large_rank005,khot_rank,1,72,30,-19.0,True
large_rank005,khot_rank,1,73,30,-19.0,True
large_rank005,khot_rank,1,74,30,-19.0,True
large_rank005,khot_rank,1,75,31,-20.0,True
large_rank005,khot_rank,1,76,30,-19.0,True
large_rank005,khot_rank,1,77,30,-19.0,True
large_rank005,khot_rank,1,78,30,-19.0,True
large_rank005,khot_rank,1,79,30,-19.0,True
large_rank005,khot_rank,1,80,33,-22.0,True
large_rank005,khot_rank,1,81,30,-19.0,True
large_rank005,khot_rank,1,82,31,-20.0,True
large_rank005,khot_rank,1,83,30,-19.0,True
large_rank005,khot_rank,1,84,34,-23.0,True
large_rank005,khot_rank,1,85,30,-19.0,True
large_rank005,khot_rank,1,86,30,-19.0,True
large_rank005,khot_rank,1,87,30,-19.0,True
large_rank005,khot_rank,1,88,31,-20.0,True
large_rank005,khot_rank,1,89,30,-19.0,True
large_rank005,khot_rank,1,90,30,-19.0,True
large_rank005,khot_rank,1,91,30,-19.0,True
large_rank005,khot_rank,1,92,32,-21.0,True
large_rank005,khot_rank,1,93,30,-19.0,True
large_rank005,khot_rank,1,94,30,-19.0,True
large_rank005,khot_rank,1,95,30,-19.0,True
large_rank005,khot_rank,1,96,30,-19.0,True
large_rank005,khot_rank,1,97,31,-20.0,True
large_rank005,khot_rank,1,98,32,-21.0,True
large_rank005,khot_rank,1,99,30,-19.0,True
large_rank005,khot_rank,1,100,34,-23.0,True
large_rank005,khot_rank,1,101,30,-19.0,True
large_rank005,khot_rank,1,102,30,-19.0,True
large_rank005,khot_rank,1,103,30,-19.0,True
large_rank005,khot_rank,1,104,30,-19.0,True
large_rank005,khot_rank,1,105,30,-19.0,True
large_rank005,khot_rank,1,106,32,-21.0,True
large_rank005,khot_rank,1,107,30,-19.0,True
large_rank005,khot_rank,1,108,30,-19.0,True
large_rank005,khot_rank,1,109,30,-19.0,True
large_rank005,khot_rank,1,110,30,-19.0,True
large_rank005,khot_rank,1,111,30,-19.0,True
large_rank005,khot_rank,1,112,30,-19.0,True
large_rank005,khot_rank,1,113,30,-19.0,True
large_rank005,khot_rank,1,114,31,-20.0,True
large_rank005,khot_rank,1,115,30,-19.0,True
large_rank005,khot_rank,1,116,30,-19.0,True
large_rank005,khot_rank,1,117,32,-21.0,True
large_rank005,khot_rank,1,118,30,-19.0,True
large_rank005,khot_rank,1,119,30,-19.0,True
large_rank005,khot_rank,1,120,30,-19.0,True
large_rank005,khot_rank,1,121,30,-19.0,True
large_rank005,khot_rank,1,122,30,-19.0,True
large_rank005,khot_rank,1,123,30,-19.0,True
large_rank005,khot_rank,1,124,30,-19.0,True
large_rank005,khot_rank,1,125,30,-19.0,True
large_rank005,khot_rank,1,126,30,-19.0,True
large_rank005,khot_rank,1,127,30,-19.0,True
large_rank005,khot_rank,1,128,32,-21.0,True
large_rank005,khot_rank,1,129,30,-19.0,True
large_rank005,khot_rank,1,130,30,-19.0,True
large_rank005,khot_rank,1,131,59,-48.0,True
large_rank005,khot_rank,1,132,30,-19.0,True
large_rank005,khot_rank,1,133,32,-21.0,True
large_rank005,khot_rank,1,134,30,-19.0,True
large_rank005,khot_rank,1,135,30,-19.0,True
large_rank005,khot_rank,1,136,30,-19.0,True
large_rank005,khot_rank,1,137,31,-20.0,True
large_rank005,khot_rank,1,138,30,-19.0,True
large_rank005,khot_rank,1,139,31,-20.0,True
large_rank005,khot_rank,1,140,30,-19.0,True
large_rank005,khot_rank,1,141,30,-19.0,True
large_rank005,khot_rank,1,142,30,-19.0,True
large_rank005,khot_rank,1,143,30,-19.0,True
large_rank005,khot_rank,1,144,30,-19.0,True
large_rank005,khot_rank,1,145,30,-19.0,True
large_rank005,khot_rank,1,146,30,-19.0,True
large_rank005,khot_rank,1,147,30,-19.0,True
large_rank005,khot_rank,1,148,30,-19.0,True
large_rank005,khot_rank,1,149,31,-20.0,True
large_rank005,khot_rank,2,0,350,-350.0,False
large_rank005,khot_rank,2,1,350,-350.0,False
large_rank005,khot_rank,2,2,304,-293.0,True
large_rank005,khot_rank,2,3,44,-33.0,True
large_rank005,khot_rank,2,4,34,-23.0,True
large_rank005,khot_rank,2,5,34,-23.0,True
large_rank005,khot_rank,2,6,37,-26.0,True
large_rank005,khot_rank,2,7,35,-24.0,True
large_rank005,khot_rank,2,8,32,-21.0,True
large_rank005,khot_rank,2,9,31,-20.0,True
large_rank005,khot_rank,2,10,30,-19.0,True
large_rank005,khot_rank,2,11,36,-25.0,True
large_rank005,khot_rank,2,12,34,-23.0,True
large_rank005,khot_rank,2,13,34,-23.0,True
large_rank005,khot_rank,2,14,33,-22.0,True
large_rank005,khot_rank,2,15,31,-20.0,True
large_rank005,khot_rank,2,16,32,-21.0,True
large_rank005,khot_rank,2,17,30,-19.0,True
large_rank005,khot_rank,2,18,30,-19.0,True
large_rank005,khot_rank,2,19,30,-19.0,True
large_rank005,khot_rank,2,20,31,-20.0,True
large_rank005,khot_rank,2,21,30,-19.0,True
large_rank005,khot_rank,2,22,30,-19.0,True
large_rank005,khot_rank,2,23,30,-19.0,True
large_rank005,khot_rank,2,24,30,-19.0,True
large_rank005,khot_rank,2,25,32,-21.0,True
large_rank005,khot_rank,2,26,30,-19.0,True
large_rank005,khot_rank,2,27,32,-21.0,True
large_rank005,khot_rank,2,28,30,-19.0,True
large_rank005,khot_rank,2,29,31,-20.0,True
large_rank005,khot_rank,2,30,33,-22.0,True
large_rank005,khot_rank,2,31,30,-19.0,True
large_rank005,khot_rank,2,32,68,-57.0,True
large_rank005,khot_rank,2,33,30,-19.0,True
large_rank005,khot_rank,2,34,32,-21.0,True
large_rank005,khot_rank,2,35,30,-19.0,True
large_rank005,khot_rank,2,36,32,-21.0,True
large_rank005,khot_rank,2,37,32,-21.0,True
large_rank005,khot_rank,2,38,31,-20.0,True
large_rank005,khot_rank,2,39,30,-19.0,True
large_rank005,khot_rank,2,40,33,-22.0,True
large_rank005,khot_rank,2,41,34,-23.0,True
large_rank005,khot_rank,2,42,31,-20.0,True
large_rank005,khot_rank,2,43,31,-20.0,True
large_rank005,khot_rank,2,44,30,-19.0,True
large_rank005,khot_rank,2,45,34,-23.0,True
large_rank005,khot_rank,2,46,33,-22.0,True
large_rank005,khot_rank,2,47,42,-31.0,True
large_rank005,khot_rank,2,48,34,-23.0,True
large_rank005,khot_rank,2,49,31,-20.0,True
large_rank005,khot_rank,2,50,30,-19.0,True
large_rank005,khot_rank,2,51,30,-19.0,True
large_rank005,khot_rank,2,52,31,-20.0,True
large_rank005,khot_rank,2,53,31,-20.0,True
large_rank005,khot_rank,2,54,31,-20.0,True
large_rank005,khot_rank,2,55,32,-21.0,True
large_rank005,khot_rank,2,56,33,-22.0,True
large_rank005,khot_rank,2,57,30,-19.0,True
large_rank005,khot_rank,2,58,32,-21.0,True
large_rank005,khot_rank,2,59,30,-19.0,True
large_rank005,khot_rank,2,60,32,-21.0,True
large_rank005,khot_rank,2,61,31,-20.0,True
large_rank005,khot_rank,2,62,30,-19.0,True
large_rank005,khot_rank,2,63,31,-20.0,True
large_rank005,khot_rank,2,64,30,-19.0,True
large_rank005,khot_rank,2,65,32,-21.0,True
large_rank005,khot_rank,2,66,31,-20.0,True
large_rank005,khot_rank,2,67,30,-19.0,True
large_rank005,khot_rank,2,68,30,-19.0,True
large_rank005,khot_rank,2,69,30,-19.0,True
large_rank005,khot_rank,2,70,30,-19.0,True
large_rank005,khot_rank,2,71,30,-19.0,True
large_rank005,khot_rank,2,72,30,-19.0,True
large_rank005,khot_rank,2,73,32,-21.0,True
large_rank005,khot_rank,2,74,30,-19.0,True
large_rank005,khot_rank,2,75,30,-19.0,True
large_rank005,khot_rank,2,76,30,-19.0,True
large_rank005,khot_rank,2,77,30,-19.0,True
large_rank005,khot_rank,2,78,31,-20.0,True
large_rank005,khot_rank,2,79,30,-19.0,True
large_rank005,khot_rank,2,80,30,-19.0,True
large_rank005,khot_rank,2,81,30,-19.0,True
large_rank005,khot_rank,2,82,30,-19.0,True
large_rank005,khot_rank,2,83,30,-19.0,True
large_rank005,khot_rank,2,84,30,-19.0,True
large_rank005,khot_rank,2,85,31,-20.0,True
large_rank005,khot_rank,2,86,30,-19.0,True
large_rank005,khot_rank,2,87,57,-46.0,True
large_rank005,khot_rank,2,88,38,-27.0,True
large_rank005,khot_rank,2,89,30,-19.0,True
large_rank005,khot_rank,2,90,30,-19.0,True
large_rank005,khot_rank,2,91,30,-19.0,True
large_rank005,khot_rank,2,92,31,-20.0,True
large_rank005,khot_rank,2,93,30,-19.0,True
large_rank005,khot_rank,2,94,30,-19.0,True
large_rank005,khot_rank,2,95,32,-21.0,True
large_rank005,khot_rank,2,96,30,-19.0,True
large_rank005,khot_rank,2,97,31,-20.0,True
large_rank005,khot_rank,2,98,30,-19.0,True
large_rank005,khot_rank,2,99,32,-21.0,True
large_rank005,khot_rank,2,100,30,-19.0,True
large_rank005,khot_rank,2,101,30,-19.0,True
large_rank005,khot_rank,2,102,30,-19.0,True
large_rank005,khot_rank,2,103,31,-20.0,True
large_rank005,khot_rank,2,104,30,-19.0,True
large_rank005,khot_rank,2,105,31,-20.0,True
large_rank005,khot_rank,2,106,30,-19.0,True
large_rank005,khot_rank,2,107,30,-19.0,True
large_rank005,khot_rank,2,108,30,-19.0,True
large_rank005,khot_rank,2,109,30,-19.0,True
large_rank005,khot_rank,2,110,30,-19.0,True
large_rank005,khot_rank,2,111,30,-19.0,True
large_rank005,khot_rank,2,112,31,-20.0,True
large_rank005,khot_rank,2,113,30,-19.0,True
large_rank005,khot_rank,2,114,32,-21.0,True
large_rank005,khot_rank,2,115,30,-19.0,True
large_rank005,khot_rank,2,116,31,-20.0,True
large_rank005,khot_rank,2,117,30,-19.0,True
large_rank005,khot_rank,2,118,30,-19.0,True
large_rank005,khot_rank,2,119,32,-21.0,True
large_rank005,khot_rank,2,120,30,-19.0,True
large_rank005,khot_rank,2,121,30,-19.0,True
large_rank005,khot_rank,2,122,30,-19.0,True
large_rank005,khot_rank,2,123,32,-21.0,True
large_rank005,khot_rank,2,124,30,-19.0,True
large_rank005,khot_rank,2,125,30,-19.0,True
large_rank005,khot_rank,2,126,30,-19.0,True
large_rank005,khot_rank,2,127,30,-19.0,True
large_rank005,khot_rank,2,128,30,-19.0,True
large_rank005,khot_rank,2,129,30,-19.0,True
large_rank005,khot_rank,2,130,30,-19.0,True
large_rank005,khot_rank,2,131,30,-19.0,True
large_rank005,khot_rank,2,132,30,-19.0,True
large_rank005,khot_rank,2,133,30,-19.0,True
large_rank005,khot_rank,2,134,30,-19.0,True
large_rank005,khot_rank,2,135,30,-19.0,True
large_rank005,khot_rank,2,136,31,-20.0,True
large_rank005,khot_rank,2,137,30,-19.0,True
large_rank005,khot_rank,2,138,30,-19.0,True
large_rank005,khot_rank,2,139,30,-19.0,True
large_rank005,khot_rank,2,140,31,-20.0,True
large_rank005,khot_rank,2,141,30,-19.0,True
large_rank005,khot_rank,2,142,30,-19.0,True
large_rank005,khot_rank,2,143,32,-21.0,True
large_rank005,khot_rank,2,144,30,-19.0,True
large_rank005,khot_rank,2,145,30,-19.0,True
large_rank005,khot_rank,2,146,30,-19.0,True
large_rank005,khot_rank,2,147,30,-19.0,True
large_rank005,khot_rank,2,148,30,-19.0,True
large_rank005,khot_rank,2,149,30,-19.0,True
