agent,seed,episode,steps,total_reward,reached_goal
qlearning,0,0,100,-89.0,True
qlearning,0,1,94,-83.0,True
qlearning,0,2,80,-69.0,True
qlearning,0,3,100,-100.0,False
qlearning,0,4,28,-17.0,True
qlearning,0,5,46,-35.0,True
qlearning,0,6,42,-31.0,True
qlearning,0,7,60,-49.0,True
qlearning,0,8,100,-100.0,False
qlearning,0,9,50,-39.0,True
qlearning,0,10,41,-30.0,True
qlearning,0,11,29,-18.0,True
qlearning,0,12,34,-23.0,True
qlearning,0,13,74,-63.0,True
qlearning,0,14,16,-5.0,True
qlearning,0,15,60,-49.0,True
qlearning,0,16,50,-39.0,True
qlearning,0,17,15,-4.0,True
qlearning,0,18,71,-60.0,True
qlearning,0,19,17,-6.0,True
qlearning,0,20,33,-22.0,True
qlearning,0,21,60,-49.0,True
qlearning,0,22,31,-20.0,True
qlearning,0,23,26,-15.0,True
qlearning,0,24,62,-51.0,True
qlearning,0,25,16,-5.0,True
qlearning,0,26,27,-16.0,True
qlearning,0,27,50,-39.0,True
qlearning,0,28,29,-18.0,True
qlearning,0,29,22,-11.0,True
qlearning,0,30,15,-4.0,True
qlearning,0,31,30,-19.0,True
qlearning,0,32,12,-1.0,True
qlearning,0,33,16,-5.0,True
qlearning,0,34,24,-13.0,True
qlearning,0,35,28,-17.0,True
qlearning,0,36,21,-10.0,True
qlearning,0,37,39,-28.0,True
qlearning,0,38,10,1.0,True
qlearning,0,39,17,-6.0,True
qlearning,0,40,22,-11.0,True
qlearning,0,41,13,-2.0,True
qlearning,0,42,33,-22.0,True
qlearning,0,43,25,-14.0,True
qlearning,0,44,16,-5.0,True
qlearning,0,45,15,-4.0,True
qlearning,0,46,21,-10.0,True
qlearning,0,47,22,-11.0,True
qlearning,0,48,31,-20.0,True
qlearning,0,49,12,-1.0,True
qlearning,0,50,9,2.0,True
qlearning,0,51,38,-27.0,True
qlearning,0,52,13,-2.0,True
qlearning,0,53,18,-7.0,True
qlearning,0,54,9,2.0,True
qlearning,0,55,16,-5.0,True
qlearning,0,56,12,-1.0,True
qlearning,0,57,17,-6.0,True
qlearning,0,58,14,-3.0,True
qlearning,0,59,13,-2.0,True
qlearning,0,60,34,-23.0,True
qlearning,0,61,13,-2.0,True
qlearning,0,62,9,2.0,True
qlearning,0,63,11,0.0,True
qlearning,0,64,16,-5.0,True
qlearning,0,65,20,-9.0,True
qlearning,0,66,9,2.0,True
qlearning,0,67,11,0.0,True
qlearning,0,68,11,0.0,True
qlearning,0,69,9,2.0,True
qlearning,0,70,11,0.0,True
qlearning,0,71,14,-3.0,True
qlearning,0,72,31,-20.0,True
qlearning,0,73,10,1.0,True
qlearning,0,74,10,1.0,True
qlearning,0,75,9,2.0,True
qlearning,0,76,18,-7.0,True
qlearning,0,77,9,2.0,True
qlearning,0,78,11,0.0,True
qlearning,0,79,10,1.0,True
qlearning,0,80,21,-10.0,True
qlearning,0,81,11,0.0,True
qlearning,0,82,9,2.0,True
qlearning,0,83,11,0.0,True
qlearning,0,84,12,-1.0,True
qlearning,0,85,11,0.0,True
qlearning,0,86,13,-2.0,True
qlearning,0,87,11,0.0,True
qlearning,0,88,9,2.0,True
qlearning,0,89,9,2.0,True
qlearning,0,90,11,0.0,True
qlearning,0,91,9,2.0,True
qlearning,0,92,13,-2.0,True
qlearning,0,93,9,2.0,True
qlearning,0,94,10,1.0,True
qlearning,0,95,9,2.0,True
qlearning,0,96,9,2.0,True
qlearning,0,97,10,1.0,True
qlearning,0,98,10,1.0,True
qlearning,0,99,9,2.0,True
qlearning,0,100,9,2.0,True
qlearning,0,101,9,2.0,True
qlearning,0,102,11,0.0,True
qlearning,0,103,13,-2.0,True
qlearning,0,104,9,2.0,True
qlearning,0,105,11,0.0,True
qlearning,0,106,12,-1.0,True
qlearning,0,107,14,-3.0,True
qlearning,0,108,9,2.0,True
qlearning,0,109,10,1.0,True
qlearning,0,110,10,1.0,True
qlearning,0,111,11,0.0,True
qlearning,0,112,9,2.0,True
qlearning,0,113,10,1.0,True
qlearning,0,114,9,2.0,True
qlearning,0,115,9,2.0,True
qlearning,0,116,11,0.0,True
qlearning,0,117,9,2.0,True
qlearning,0,118,9,2.0,True
qlearning,0,119,9,2.0,True
qlearning,0,120,9,2.0,True
qlearning,0,121,9,2.0,True
qlearning,0,122,9,2.0,True
qlearning,0,123,9,2.0,True
qlearning,0,124,9,2.0,True
qlearning,0,125,10,1.0,True
qlearning,0,126,11,0.0,True
qlearning,0,127,16,-5.0,True
qlearning,0,128,9,2.0,True
qlearning,0,129,10,1.0,True
qlearning,0,130,11,0.0,True
qlearning,0,131,9,2.0,True
qlearning,0,132,9,2.0,True
qlearning,0,133,9,2.0,True
qlearning,0,134,12,-1.0,True
qlearning,0,135,9,2.0,True
qlearning,0,136,9,2.0,True
qlearning,0,137,9,2.0,True
qlearning,0,138,9,2.0,True
qlearning,0,139,9,2.0,True
qlearning,0,140,9,2.0,True
qlearning,0,141,11,0.0,True
qlearning,0,142,10,1.0,True
qlearning,0,143,9,2.0,True
qlearning,0,144,10,1.0,True
qlearning,0,145,9,2.0,True
qlearning,0,146,12,-1.0,True
qlearning,0,147,9,2.0,True
qlearning,0,148,9,2.0,True
qlearning,0,149,9,2.0,True
qlearning,0,150,9,2.0,True
qlearning,0,151,9,2.0,True
qlearning,0,152,10,1.0,True
qlearning,0,153,9,2.0,True
qlearning,0,154,9,2.0,True
qlearning,0,155,10,1.0,True
qlearning,0,156,10,1.0,True
qlearning,0,157,9,2.0,True
qlearning,0,158,15,-4.0,True
qlearning,0,159,10,1.0,True
qlearning,0,160,10,1.0,True
qlearning,0,161,10,1.0,True
qlearning,0,162,15,-4.0,True
qlearning,0,163,9,2.0,True
qlearning,0,164,16,-5.0,True
qlearning,0,165,10,1.0,True
qlearning,0,166,9,2.0,True
qlearning,0,167,10,1.0,True
qlearning,0,168,11,0.0,True
qlearning,0,169,9,2.0,True
qlearning,0,170,10,1.0,True
qlearning,0,171,11,0.0,True
qlearning,0,172,11,0.0,True
qlearning,0,173,10,1.0,True
qlearning,0,174,13,-2.0,True
qlearning,0,175,9,2.0,True
qlearning,0,176,12,-1.0,True
qlearning,0,177,10,1.0,True
qlearning,0,178,9,2.0,True
qlearning,0,179,11,0.0,True
qlearning,0,180,9,2.0,True
qlearning,0,181,10,1.0,True
qlearning,0,182,11,0.0,True
qlearning,0,183,9,2.0,True
qlearning,0,184,9,2.0,True
qlearning,0,185,9,2.0,True
qlearning,0,186,9,2.0,True
qlearning,0,187,9,2.0,True
qlearning,0,188,9,2.0,True
qlearning,0,189,11,0.0,True
qlearning,0,190,15,-4.0,True
qlearning,0,191,9,2.0,True
qlearning,0,192,9,2.0,True
qlearning,0,193,9,2.0,True
qlearning,0,194,12,-1.0,True
qlearning,0,195,9,2.0,True
qlearning,0,196,9,2.0,True
qlearning,0,197,9,2.0,True
qlearning,0,198,9,2.0,True
qlearning,0,199,17,-6.0,True
qlearning,0,200,14,-3.0,True
qlearning,0,201,11,0.0,True
qlearning,0,202,9,2.0,True
qlearning,0,203,10,1.0,True
qlearning,0,204,11,0.0,True
qlearning,0,205,10,1.0,True
qlearning,0,206,9,2.0,True
qlearning,0,207,13,-2.0,True
qlearning,0,208,9,2.0,True
qlearning,0,209,11,0.0,True
qlearning,0,210,12,-1.0,True
qlearning,0,211,11,0.0,True
qlearning,0,212,9,2.0,True
qlearning,0,213,9,2.0,True
qlearning,0,214,12,-1.0,True
qlearning,0,215,9,2.0,True
qlearning,0,216,9,2.0,True
qlearning,0,217,10,1.0,True
qlearning,0,218,11,0.0,True
qlearning,0,219,9,2.0,True
qlearning,0,220,9,2.0,True
qlearning,0,221,10,1.0,True
qlearning,0,222,9,2.0,True
qlearning,0,223,14,-3.0,True
qlearning,0,224,9,2.0,True
qlearning,0,225,10,1.0,True
qlearning,0,226,9,2.0,True
qlearning,0,227,9,2.0,True
qlearning,0,228,11,0.0,True
qlearning,0,229,9,2.0,True
qlearning,0,230,9,2.0,True
qlearning,0,231,9,2.0,True
qlearning,0,232,9,2.0,True
qlearning,0,233,11,0.0,True
qlearning,0,234,13,-2.0,True
qlearning,0,235,11,0.0,True
qlearning,0,236,9,2.0,True
qlearning,0,237,12,-1.0,True
qlearning,0,238,9,2.0,True
qlearning,0,239,11,0.0,True
qlearning,0,240,9,2.0,True
qlearning,0,241,11,0.0,True
qlearning,0,242,9,2.0,True
qlearning,0,243,9,2.0,True
qlearning,0,244,13,-2.0,True
qlearning,0,245,11,0.0,True
qlearning,0,246,9,2.0,True
qlearning,0,247,10,1.0,True
qlearning,0,248,9,2.0,True
qlearning,0,249,11,0.0,True
qlearning,0,250,11,0.0,True
qlearning,0,251,15,-4.0,True
qlearning,0,252,9,2.0,True
qlearning,0,253,11,0.0,True
qlearning,0,254,9,2.0,True
qlearning,0,255,11,0.0,True
qlearning,0,256,9,2.0,True
qlearning,0,257,9,2.0,True
qlearning,0,258,9,2.0,True
qlearning,0,259,9,2.0,True
qlearning,0,260,11,0.0,True
qlearning,0,261,13,-2.0,True
qlearning,0,262,9,2.0,True
qlearning,0,263,13,-2.0,True
qlearning,0,264,9,2.0,True
qlearning,0,265,9,2.0,True
qlearning,0,266,9,2.0,True
qlearning,0,267,9,2.0,True
qlearning,0,268,9,2.0,True
qlearning,0,269,11,0.0,True
qlearning,0,270,9,2.0,True
qlearning,0,271,9,2.0,True
qlearning,0,272,11,0.0,True
qlearning,0,273,11,0.0,True
qlearning,0,274,15,-4.0,True
qlearning,0,275,9,2.0,True
qlearning,0,276,11,0.0,True
qlearning,0,277,9,2.0,True
qlearning,0,278,13,-2.0,True
qlearning,0,279,10,1.0,True
qlearning,0,280,9,2.0,True
qlearning,0,281,9,2.0,True
qlearning,0,282,12,-1.0,True
qlearning,0,283,9,2.0,True
qlearning,0,284,9,2.0,True
qlearning,0,285,9,2.0,True
qlearning,0,286,9,2.0,True
qlearning,0,287,12,-1.0,True
qlearning,0,288,11,0.0,True
qlearning,0,289,11,0.0,True
qlearning,0,290,10,1.0,True
qlearning,0,291,10,1.0,True
qlearning,0,292,11,0.0,True
qlearning,0,293,10,1.0,True
qlearning,0,294,11,0.0,True
qlearning,0,295,10,1.0,True
qlearning,0,296,9,2.0,True
qlearning,0,297,9,2.0,True
qlearning,0,298,11,0.0,True
qlearning,0,299,9,2.0,True
mlp,0,0,74,-63.0,True
mlp,0,1,62,-51.0,True
mlp,0,2,100,-100.0,False
mlp,0,3,39,-28.0,True
mlp,0,4,77,-66.0,True
mlp,0,5,100,-100.0,False
mlp,0,6,81,-70.0,True
mlp,0,7,31,-20.0,True
mlp,0,8,35,-24.0,True
mlp,0,9,25,-14.0,True
mlp,0,10,54,-43.0,True
mlp,0,11,100,-100.0,False
mlp,0,12,81,-70.0,True
mlp,0,13,45,-34.0,True
mlp,0,14,100,-100.0,False
mlp,0,15,100,-100.0,False
mlp,0,16,100,-100.0,False
mlp,0,17,42,-31.0,True
mlp,0,18,44,-33.0,True
mlp,0,19,74,-63.0,True
mlp,0,20,100,-100.0,False
mlp,0,21,100,-100.0,False
mlp,0,22,69,-58.0,True
mlp,0,23,95,-84.0,True
mlp,0,24,59,-48.0,True
mlp,0,25,24,-13.0,True
mlp,0,26,33,-22.0,True
mlp,0,27,14,-3.0,True
mlp,0,28,19,-8.0,True
mlp,0,29,12,-1.0,True
mlp,0,30,14,-3.0,True
mlp,0,31,28,-17.0,True
mlp,0,32,11,0.0,True
mlp,0,33,16,-5.0,True
mlp,0,34,17,-6.0,True
mlp,0,35,21,-10.0,True
mlp,0,36,16,-5.0,True
mlp,0,37,12,-1.0,True
mlp,0,38,19,-8.0,True
mlp,0,39,15,-4.0,True
mlp,0,40,13,-2.0,True
mlp,0,41,18,-7.0,True
mlp,0,42,16,-5.0,True
mlp,0,43,13,-2.0,True
mlp,0,44,11,0.0,True
mlp,0,45,12,-1.0,True
mlp,0,46,11,0.0,True
mlp,0,47,13,-2.0,True
mlp,0,48,11,0.0,True
mlp,0,49,12,-1.0,True
mlp,0,50,12,-1.0,True
mlp,0,51,23,-12.0,True
mlp,0,52,35,-24.0,True
mlp,0,53,12,-1.0,True
mlp,0,54,11,0.0,True
mlp,0,55,16,-5.0,True
mlp,0,56,12,-1.0,True
mlp,0,57,16,-5.0,True
mlp,0,58,13,-2.0,True
mlp,0,59,13,-2.0,True
mlp,0,60,11,0.0,True
mlp,0,61,14,-3.0,True
mlp,0,62,15,-4.0,True
mlp,0,63,12,-1.0,True
mlp,0,64,18,-7.0,True
mlp,0,65,17,-6.0,True
mlp,0,66,18,-7.0,True
mlp,0,67,18,-7.0,True
mlp,0,68,11,0.0,True
mlp,0,69,9,2.0,True
mlp,0,70,16,-5.0,True
mlp,0,71,11,0.0,True
mlp,0,72,12,-1.0,True
mlp,0,73,12,-1.0,True
mlp,0,74,11,0.0,True
mlp,0,75,14,-3.0,True
mlp,0,76,13,-2.0,True
mlp,0,77,12,-1.0,True
mlp,0,78,11,0.0,True
mlp,0,79,14,-3.0,True
mlp,0,80,12,-1.0,True
mlp,0,81,12,-1.0,True
mlp,0,82,12,-1.0,True
mlp,0,83,13,-2.0,True
mlp,0,84,11,0.0,True
mlp,0,85,12,-1.0,True
mlp,0,86,9,2.0,True
mlp,0,87,12,-1.0,True
mlp,0,88,11,0.0,True
mlp,0,89,11,0.0,True
mlp,0,90,11,0.0,True
mlp,0,91,11,0.0,True
mlp,0,92,11,0.0,True
mlp,0,93,11,0.0,True
mlp,0,94,11,0.0,True
mlp,0,95,12,-1.0,True
mlp,0,96,11,0.0,True
mlp,0,97,13,-2.0,True
mlp,0,98,11,0.0,True
mlp,0,99,14,-3.0,True
mlp,0,100,9,2.0,True
mlp,0,101,9,2.0,True
mlp,0,102,9,2.0,True
mlp,0,103,11,0.0,True
mlp,0,104,9,2.0,True
mlp,0,105,9,2.0,True
mlp,0,106,9,2.0,True
mlp,0,107,9,2.0,True
mlp,0,108,9,2.0,True
mlp,0,109,9,2.0,True
mlp,0,110,10,1.0,True
mlp,0,111,11,0.0,True
mlp,0,112,9,2.0,True
mlp,0,113,10,1.0,True
mlp,0,114,14,-3.0,True
mlp,0,115,13,-2.0,True
mlp,0,116,11,0.0,True
mlp,0,117,12,-1.0,True
mlp,0,118,11,0.0,True
mlp,0,119,12,-1.0,True
mlp,0,120,12,-1.0,True
mlp,0,121,11,0.0,True
mlp,0,122,11,0.0,True
mlp,0,123,12,-1.0,True
mlp,0,124,13,-2.0,True
mlp,0,125,17,-6.0,True
mlp,0,126,13,-2.0,True
mlp,0,127,11,0.0,True
mlp,0,128,16,-5.0,True
mlp,0,129,11,0.0,True
mlp,0,130,18,-7.0,True
mlp,0,131,13,-2.0,True
mlp,0,132,9,2.0,True
mlp,0,133,11,0.0,True
mlp,0,134,9,2.0,True
mlp,0,135,11,0.0,True
mlp,0,136,10,1.0,True
mlp,0,137,13,-2.0,True
mlp,0,138,9,2.0,True
mlp,0,139,13,-2.0,True
mlp,0,140,12,-1.0,True
mlp,0,141,100,-100.0,False
mlp,0,142,15,-4.0,True
mlp,0,143,9,2.0,True
mlp,0,144,9,2.0,True
mlp,0,145,14,-3.0,True
mlp,0,146,9,2.0,True
mlp,0,147,9,2.0,True
mlp,0,148,9,2.0,True
mlp,0,149,12,-1.0,True
mlp,0,150,9,2.0,True
mlp,0,151,33,-22.0,True
mlp,0,152,11,0.0,True
mlp,0,153,13,-2.0,True
mlp,0,154,11,0.0,True
mlp,0,155,11,0.0,True
mlp,0,156,10,1.0,True
mlp,0,157,14,-3.0,True
mlp,0,158,18,-7.0,True
mlp,0,159,10,1.0,True
mlp,0,160,9,2.0,True
mlp,0,161,11,0.0,True
mlp,0,162,12,-1.0,True
mlp,0,163,11,0.0,True
mlp,0,164,9,2.0,True
mlp,0,165,9,2.0,True
mlp,0,166,12,-1.0,True
mlp,0,167,9,2.0,True
mlp,0,168,11,0.0,True
mlp,0,169,11,0.0,True
mlp,0,170,9,2.0,True
mlp,0,171,9,2.0,True
mlp,0,172,9,2.0,True
mlp,0,173,10,1.0,True
mlp,0,174,9,2.0,True
mlp,0,175,16,-5.0,True
mlp,0,176,13,-2.0,True
mlp,0,177,11,0.0,True
mlp,0,178,9,2.0,True
mlp,0,179,18,-7.0,True
mlp,0,180,9,2.0,True
mlp,0,181,9,2.0,True
mlp,0,182,12,-1.0,True
mlp,0,183,10,1.0,True
mlp,0,184,13,-2.0,True
mlp,0,185,11,0.0,True
mlp,0,186,9,2.0,True
mlp,0,187,9,2.0,True
mlp,0,188,10,1.0,True
mlp,0,189,9,2.0,True
mlp,0,190,10,1.0,True
mlp,0,191,10,1.0,True
mlp,0,192,27,-16.0,True
mlp,0,193,80,-69.0,True
mlp,0,194,11,0.0,True
mlp,0,195,11,0.0,True
mlp,0,196,9,2.0,True
mlp,0,197,18,-7.0,True
mlp,0,198,19,-8.0,True
mlp,0,199,11,0.0,True
mlp,0,200,13,-2.0,True
mlp,0,201,13,-2.0,True
mlp,0,202,11,0.0,True
mlp,0,203,27,-16.0,True
mlp,0,204,9,2.0,True
mlp,0,205,9,2.0,True
mlp,0,206,12,-1.0,True
mlp,0,207,11,0.0,True
mlp,0,208,9,2.0,True
mlp,0,209,9,2.0,True
mlp,0,210,10,1.0,True
mlp,0,211,11,0.0,True
mlp,0,212,14,-3.0,True
mlp,0,213,9,2.0,True
mlp,0,214,10,1.0,True
mlp,0,215,9,2.0,True
mlp,0,216,9,2.0,True
mlp,0,217,11,0.0,True
mlp,0,218,11,0.0,True
mlp,0,219,9,2.0,True
mlp,0,220,13,-2.0,True
mlp,0,221,9,2.0,True
mlp,0,222,9,2.0,True
mlp,0,223,9,2.0,True
mlp,0,224,9,2.0,True
mlp,0,225,12,-1.0,True
mlp,0,226,10,1.0,True
mlp,0,227,10,1.0,True
mlp,0,228,10,1.0,True
mlp,0,229,9,2.0,True
mlp,0,230,11,0.0,True
mlp,0,231,9,2.0,True
mlp,0,232,9,2.0,True
mlp,0,233,12,-1.0,True
mlp,0,234,9,2.0,True
mlp,0,235,9,2.0,True
mlp,0,236,12,-1.0,True
mlp,0,237,9,2.0,True
mlp,0,238,10,1.0,True
mlp,0,239,10,1.0,True
mlp,0,240,12,-1.0,True
mlp,0,241,9,2.0,True
mlp,0,242,9,2.0,True
mlp,0,243,13,-2.0,True
mlp,0,244,10,1.0,True
mlp,0,245,11,0.0,True
mlp,0,246,9,2.0,True
mlp,0,247,9,2.0,True
mlp,0,248,9,2.0,True
mlp,0,249,9,2.0,True
mlp,0,250,9,2.0,True
mlp,0,251,12,-1.0,True
mlp,0,252,10,1.0,True
mlp,0,253,11,0.0,True
mlp,0,254,9,2.0,True
mlp,0,255,9,2.0,True
mlp,0,256,9,2.0,True
mlp,0,257,9,2.0,True
mlp,0,258,9,2.0,True
mlp,0,259,9,2.0,True
mlp,0,260,9,2.0,True
mlp,0,261,9,2.0,True
mlp,0,262,11,0.0,True
mlp,0,263,9,2.0,True
mlp,0,264,9,2.0,True
mlp,0,265,12,-1.0,True
mlp,0,266,11,0.0,True
mlp,0,267,9,2.0,True
mlp,0,268,9,2.0,True
mlp,0,269,11,0.0,True
mlp,0,270,11,0.0,True
mlp,0,271,13,-2.0,True
mlp,0,272,9,2.0,True
mlp,0,273,11,0.0,True
mlp,0,274,9,2.0,True
mlp,0,275,13,-2.0,True
mlp,0,276,9,2.0,True
mlp,0,277,11,0.0,True
mlp,0,278,11,0.0,True
mlp,0,279,10,1.0,True
mlp,0,280,9,2.0,True
mlp,0,281,9,2.0,True
mlp,0,282,9,2.0,True
mlp,0,283,10,1.0,True
mlp,0,284,10,1.0,True
mlp,0,285,10,1.0,True
mlp,0,286,9,2.0,True
mlp,0,287,11,0.0,True
mlp,0,288,9,2.0,True
mlp,0,289,9,2.0,True
mlp,0,290,10,1.0,True
mlp,0,291,13,-2.0,True
mlp,0,292,10,1.0,True
mlp,0,293,9,2.0,True
mlp,0,294,9,2.0,True
mlp,0,295,9,2.0,True
mlp,0,296,9,2.0,True
mlp,0,297,9,2.0,True
mlp,0,298,11,0.0,True
mlp,0,299,9,2.0,True
qlearning,1,0,75,-64.0,True
qlearning,1,1,82,-71.0,True
qlearning,1,2,84,-73.0,True
qlearning,1,3,100,-100.0,False
qlearning,1,4,62,-51.0,True
qlearning,1,5,28,-17.0,True
qlearning,1,6,100,-100.0,False
qlearning,1,7,70,-59.0,True
qlearning,1,8,59,-48.0,True
qlearning,1,9,30,-19.0,True
qlearning,1,10,53,-42.0,True
qlearning,1,11,91,-80.0,True
qlearning,1,12,15,-4.0,True
qlearning,1,13,62,-51.0,True
qlearning,1,14,46,-35.0,True
qlearning,1,15,11,0.0,True
qlearning,1,16,35,-24.0,True
qlearning,1,17,57,-46.0,True
qlearning,1,18,26,-15.0,True
qlearning,1,19,47,-36.0,True
qlearning,1,20,34,-23.0,True
qlearning,1,21,28,-17.0,True
qlearning,1,22,30,-19.0,True
qlearning,1,23,37,-26.0,True
qlearning,1,24,31,-20.0,True
qlearning,1,25,36,-25.0,True
qlearning,1,26,18,-7.0,True
qlearning,1,27,39,-28.0,True
qlearning,1,28,20,-9.0,True
qlearning,1,29,37,-26.0,True
qlearning,1,30,18,-7.0,True
qlearning,1,31,25,-14.0,True
qlearning,1,32,51,-40.0,True
qlearning,1,33,13,-2.0,True
qlearning,1,34,12,-1.0,True
qlearning,1,35,15,-4.0,True
qlearning,1,36,28,-17.0,True
qlearning,1,37,17,-6.0,True
qlearning,1,38,12,-1.0,True
qlearning,1,39,26,-15.0,True
qlearning,1,40,25,-14.0,True
qlearning,1,41,17,-6.0,True
qlearning,1,42,12,-1.0,True
qlearning,1,43,43,-32.0,True
qlearning,1,44,14,-3.0,True
qlearning,1,45,10,1.0,True
qlearning,1,46,16,-5.0,True
qlearning,1,47,26,-15.0,True
qlearning,1,48,23,-12.0,True
qlearning,1,49,13,-2.0,True
qlearning,1,50,22,-11.0,True
qlearning,1,51,23,-12.0,True
qlearning,1,52,13,-2.0,True
qlearning,1,53,13,-2.0,True
qlearning,1,54,24,-13.0,True
qlearning,1,55,11,0.0,True
qlearning,1,56,12,-1.0,True
qlearning,1,57,16,-5.0,True
qlearning,1,58,10,1.0,True
qlearning,1,59,17,-6.0,True
qlearning,1,60,9,2.0,True
qlearning,1,61,11,0.0,True
qlearning,1,62,20,-9.0,True
qlearning,1,63,15,-4.0,True
qlearning,1,64,25,-14.0,True
qlearning,1,65,12,-1.0,True
qlearning,1,66,17,-6.0,True
qlearning,1,67,17,-6.0,True
qlearning,1,68,9,2.0,True
qlearning,1,69,10,1.0,True
qlearning,1,70,22,-11.0,True
qlearning,1,71,13,-2.0,True
qlearning,1,72,12,-1.0,True
qlearning,1,73,17,-6.0,True
qlearning,1,74,11,0.0,True
qlearning,1,75,12,-1.0,True
qlearning,1,76,9,2.0,True
qlearning,1,77,21,-10.0,True
qlearning,1,78,9,2.0,True
qlearning,1,79,14,-3.0,True
qlearning,1,80,9,2.0,True
qlearning,1,81,11,0.0,True
qlearning,1,82,16,-5.0,True
qlearning,1,83,10,1.0,True
qlearning,1,84,9,2.0,True
qlearning,1,85,9,2.0,True
qlearning,1,86,9,2.0,True
qlearning,1,87,11,0.0,True
qlearning,1,88,14,-3.0,True
qlearning,1,89,12,-1.0,True
qlearning,1,90,9,2.0,True
qlearning,1,91,9,2.0,True
qlearning,1,92,11,0.0,True
qlearning,1,93,9,2.0,True
qlearning,1,94,9,2.0,True
qlearning,1,95,10,1.0,True
qlearning,1,96,9,2.0,True
qlearning,1,97,10,1.0,True
qlearning,1,98,9,2.0,True
qlearning,1,99,9,2.0,True
qlearning,1,100,12,-1.0,True
qlearning,1,101,13,-2.0,True
qlearning,1,102,9,2.0,True
qlearning,1,103,9,2.0,True
qlearning,1,104,10,1.0,True
qlearning,1,105,10,1.0,True
qlearning,1,106,10,1.0,True
qlearning,1,107,9,2.0,True
qlearning,1,108,11,0.0,True
qlearning,1,109,9,2.0,True
qlearning,1,110,9,2.0,True
qlearning,1,111,9,2.0,True
qlearning,1,112,10,1.0,True
qlearning,1,113,13,-2.0,True
qlearning,1,114,10,1.0,True
qlearning,1,115,10,1.0,True
qlearning,1,116,9,2.0,True
qlearning,1,117,15,-4.0,True
qlearning,1,118,9,2.0,True
qlearning,1,119,10,1.0,True
qlearning,1,120,9,2.0,True
qlearning,1,121,9,2.0,True
qlearning,1,122,11,0.0,True
qlearning,1,123,9,2.0,True
qlearning,1,124,9,2.0,True
qlearning,1,125,11,0.0,True
qlearning,1,126,11,0.0,True
qlearning,1,127,9,2.0,True
qlearning,1,128,15,-4.0,True
qlearning,1,129,14,-3.0,True
qlearning,1,130,18,-7.0,True
qlearning,1,131,11,0.0,True
qlearning,1,132,11,0.0,True
qlearning,1,133,9,2.0,True
qlearning,1,134,9,2.0,True
qlearning,1,135,9,2.0,True
qlearning,1,136,10,1.0,True
qlearning,1,137,9,2.0,True
qlearning,1,138,9,2.0,True
qlearning,1,139,9,2.0,True
qlearning,1,140,9,2.0,True
qlearning,1,141,9,2.0,True
qlearning,1,142,11,0.0,True
qlearning,1,143,10,1.0,True
qlearning,1,144,9,2.0,True
qlearning,1,145,13,-2.0,True
qlearning,1,146,9,2.0,True
qlearning,1,147,11,0.0,True
qlearning,1,148,11,0.0,True
qlearning,1,149,9,2.0,True
qlearning,1,150,11,0.0,True
qlearning,1,151,9,2.0,True
qlearning,1,152,14,-3.0,True
qlearning,1,153,9,2.0,True
qlearning,1,154,11,0.0,True
qlearning,1,155,9,2.0,True
qlearning,1,156,15,-4.0,True
qlearning,1,157,10,1.0,True
qlearning,1,158,9,2.0,True
qlearning,1,159,9,2.0,True
qlearning,1,160,9,2.0,True
qlearning,1,161,14,-3.0,True
qlearning,1,162,10,1.0,True
qlearning,1,163,9,2.0,True
qlearning,1,164,10,1.0,True
qlearning,1,165,11,0.0,True
qlearning,1,166,9,2.0,True
qlearning,1,167,10,1.0,True
qlearning,1,168,9,2.0,True
qlearning,1,169,9,2.0,True
qlearning,1,170,9,2.0,True
qlearning,1,171,11,0.0,True
qlearning,1,172,9,2.0,True
qlearning,1,173,14,-3.0,True
qlearning,1,174,9,2.0,True
qlearning,1,175,9,2.0,True
qlearning,1,176,9,2.0,True
qlearning,1,177,9,2.0,True
qlearning,1,178,9,2.0,True
qlearning,1,179,9,2.0,True
qlearning,1,180,11,0.0,True
qlearning,1,181,9,2.0,True
qlearning,1,182,9,2.0,True
qlearning,1,183,10,1.0,True
qlearning,1,184,12,-1.0,True
qlearning,1,185,9,2.0,True
qlearning,1,186,10,1.0,True
qlearning,1,187,13,-2.0,True
qlearning,1,188,9,2.0,True
qlearning,1,189,11,0.0,True
qlearning,1,190,11,0.0,True
qlearning,1,191,9,2.0,True
qlearning,1,192,10,1.0,True
qlearning,1,193,9,2.0,True
qlearning,1,194,11,0.0,True
qlearning,1,195,11,0.0,True
qlearning,1,196,11,0.0,True
qlearning,1,197,13,-2.0,True
qlearning,1,198,11,0.0,True
qlearning,1,199,9,2.0,True
qlearning,1,200,11,0.0,True
qlearning,1,201,11,0.0,True
qlearning,1,202,9,2.0,True
qlearning,1,203,9,2.0,True
qlearning,1,204,11,0.0,True
qlearning,1,205,11,0.0,True
qlearning,1,206,11,0.0,True
qlearning,1,207,12,-1.0,True
qlearning,1,208,9,2.0,True
qlearning,1,209,9,2.0,True
qlearning,1,210,9,2.0,True
qlearning,1,211,11,0.0,True
qlearning,1,212,9,2.0,True
qlearning,1,213,9,2.0,True
qlearning,1,214,9,2.0,True
qlearning,1,215,10,1.0,True
qlearning,1,216,12,-1.0,True
qlearning,1,217,13,-2.0,True
qlearning,1,218,11,0.0,True
qlearning,1,219,9,2.0,True
qlearning,1,220,12,-1.0,True
qlearning,1,221,9,2.0,True
qlearning,1,222,10,1.0,True
qlearning,1,223,13,-2.0,True
qlearning,1,224,9,2.0,True
qlearning,1,225,11,0.0,True
qlearning,1,226,10,1.0,True
qlearning,1,227,10,1.0,True
qlearning,1,228,11,0.0,True
qlearning,1,229,10,1.0,True
qlearning,1,230,9,2.0,True
qlearning,1,231,9,2.0,True
qlearning,1,232,9,2.0,True
qlearning,1,233,9,2.0,True
qlearning,1,234,9,2.0,True
qlearning,1,235,9,2.0,True
qlearning,1,236,9,2.0,True
qlearning,1,237,10,1.0,True
qlearning,1,238,9,2.0,True
qlearning,1,239,11,0.0,True
qlearning,1,240,12,-1.0,True
qlearning,1,241,13,-2.0,True
qlearning,1,242,10,1.0,True
qlearning,1,243,10,1.0,True
qlearning,1,244,13,-2.0,True
qlearning,1,245,11,0.0,True
qlearning,1,246,12,-1.0,True
qlearning,1,247,9,2.0,True
qlearning,1,248,9,2.0,True
qlearning,1,249,9,2.0,True
qlearning,1,250,9,2.0,True
qlearning,1,251,11,0.0,True
qlearning,1,252,9,2.0,True
qlearning,1,253,9,2.0,True
qlearning,1,254,11,0.0,True
qlearning,1,255,9,2.0,True
qlearning,1,256,9,2.0,True
qlearning,1,257,10,1.0,True
qlearning,1,258,12,-1.0,True
qlearning,1,259,13,-2.0,True
qlearning,1,260,9,2.0,True
qlearning,1,261,9,2.0,True
qlearning,1,262,11,0.0,True
qlearning,1,263,9,2.0,True
qlearning,1,264,14,-3.0,True
qlearning,1,265,9,2.0,True
qlearning,1,266,11,0.0,True
qlearning,1,267,9,2.0,True
qlearning,1,268,13,-2.0,True
qlearning,1,269,13,-2.0,True
qlearning,1,270,9,2.0,True
qlearning,1,271,10,1.0,True
qlearning,1,272,9,2.0,True
qlearning,1,273,10,1.0,True
qlearning,1,274,11,0.0,True
qlearning,1,275,9,2.0,True
qlearning,1,276,9,2.0,True
qlearning,1,277,9,2.0,True
qlearning,1,278,11,0.0,True
qlearning,1,279,9,2.0,True
qlearning,1,280,12,-1.0,True
qlearning,1,281,9,2.0,True
qlearning,1,282,9,2.0,True
qlearning,1,283,9,2.0,True
qlearning,1,284,9,2.0,True
qlearning,1,285,9,2.0,True
qlearning,1,286,9,2.0,True
qlearning,1,287,10,1.0,True
qlearning,1,288,12,-1.0,True
qlearning,1,289,9,2.0,True
qlearning,1,290,9,2.0,True
qlearning,1,291,9,2.0,True
qlearning,1,292,11,0.0,True
qlearning,1,293,9,2.0,True
qlearning,1,294,9,2.0,True
qlearning,1,295,9,2.0,True
qlearning,1,296,11,0.0,True
qlearning,1,297,9,2.0,True
qlearning,1,298,10,1.0,True
qlearning,1,299,11,0.0,True
mlp,1,0,42,-31.0,True
mlp,1,1,100,-100.0,False
mlp,1,2,100,-100.0,False
mlp,1,3,100,-100.0,False
mlp,1,4,100,-100.0,False
mlp,1,5,100,-100.0,False
mlp,1,6,100,-100.0,False
mlp,1,7,100,-100.0,False
mlp,1,8,100,-100.0,False
mlp,1,9,81,-70.0,True
mlp,1,10,35,-24.0,True
mlp,1,11,67,-56.0,True
mlp,1,12,87,-76.0,True
mlp,1,13,51,-40.0,True
mlp,1,14,21,-10.0,True
mlp,1,15,35,-24.0,True
mlp,1,16,61,-50.0,True
mlp,1,17,42,-31.0,True
mlp,1,18,13,-2.0,True
mlp,1,19,42,-31.0,True
mlp,1,20,19,-8.0,True
mlp,1,21,11,0.0,True
mlp,1,22,36,-25.0,True
mlp,1,23,23,-12.0,True
mlp,1,24,16,-5.0,True
mlp,1,25,43,-32.0,True
mlp,1,26,15,-4.0,True
mlp,1,27,13,-2.0,True
mlp,1,28,11,0.0,True
mlp,1,29,18,-7.0,True
mlp,1,30,10,1.0,True
mlp,1,31,9,2.0,True
mlp,1,32,9,2.0,True
mlp,1,33,13,-2.0,True
mlp,1,34,16,-5.0,True
mlp,1,35,10,1.0,True
mlp,1,36,10,1.0,True
mlp,1,37,9,2.0,True
mlp,1,38,9,2.0,True
mlp,1,39,9,2.0,True
mlp,1,40,9,2.0,True
mlp,1,41,9,2.0,True
mlp,1,42,11,0.0,True
mlp,1,43,9,2.0,True
mlp,1,44,11,0.0,True
mlp,1,45,9,2.0,True
mlp,1,46,9,2.0,True
mlp,1,47,11,0.0,True
mlp,1,48,9,2.0,True
mlp,1,49,29,-18.0,True
mlp,1,50,11,0.0,True
mlp,1,51,22,-11.0,True
mlp,1,52,11,0.0,True
mlp,1,53,10,1.0,True
mlp,1,54,33,-22.0,True
mlp,1,55,10,1.0,True
mlp,1,56,9,2.0,True
mlp,1,57,11,0.0,True
mlp,1,58,9,2.0,True
mlp,1,59,9,2.0,True
mlp,1,60,9,2.0,True
mlp,1,61,11,0.0,True
mlp,1,62,9,2.0,True
mlp,1,63,9,2.0,True
mlp,1,64,11,0.0,True
mlp,1,65,11,0.0,True
mlp,1,66,9,2.0,True
mlp,1,67,14,-3.0,True
mlp,1,68,9,2.0,True
mlp,1,69,9,2.0,True
mlp,1,70,18,-7.0,True
mlp,1,71,40,-29.0,True
mlp,1,72,40,-29.0,True
mlp,1,73,10,1.0,True
mlp,1,74,9,2.0,True
mlp,1,75,36,-25.0,True
mlp,1,76,13,-2.0,True
mlp,1,77,13,-2.0,True
mlp,1,78,9,2.0,True
mlp,1,79,12,-1.0,True
mlp,1,80,10,1.0,True
mlp,1,81,10,1.0,True
mlp,1,82,13,-2.0,True
mlp,1,83,9,2.0,True
mlp,1,84,11,0.0,True
mlp,1,85,14,-3.0,True
mlp,1,86,9,2.0,True
mlp,1,87,10,1.0,True
mlp,1,88,10,1.0,True
mlp,1,89,9,2.0,True
mlp,1,90,11,0.0,True
mlp,1,91,9,2.0,True
mlp,1,92,10,1.0,True
mlp,1,93,10,1.0,True
mlp,1,94,22,-11.0,True
mlp,1,95,12,-1.0,True
mlp,1,96,9,2.0,True
mlp,1,97,9,2.0,True
mlp,1,98,11,0.0,True
mlp,1,99,34,-23.0,True
mlp,1,100,12,-1.0,True
mlp,1,101,12,-1.0,True
mlp,1,102,13,-2.0,True
mlp,1,103,15,-4.0,True
mlp,1,104,9,2.0,True
mlp,1,105,9,2.0,True
mlp,1,106,11,0.0,True
mlp,1,107,10,1.0,True
mlp,1,108,10,1.0,True
mlp,1,109,10,1.0,True
mlp,1,110,11,0.0,True
mlp,1,111,9,2.0,True
mlp,1,112,9,2.0,True
mlp,1,113,9,2.0,True
mlp,1,114,10,1.0,True
mlp,1,115,13,-2.0,True
mlp,1,116,10,1.0,True
mlp,1,117,12,-1.0,True
mlp,1,118,11,0.0,True
mlp,1,119,13,-2.0,True
mlp,1,120,9,2.0,True
mlp,1,121,11,0.0,True
mlp,1,122,10,1.0,True
mlp,1,123,9,2.0,True
mlp,1,124,11,0.0,True
mlp,1,125,9,2.0,True
mlp,1,126,9,2.0,True
mlp,1,127,10,1.0,True
mlp,1,128,10,1.0,True
mlp,1,129,11,0.0,True
mlp,1,130,10,1.0,True
mlp,1,131,14,-3.0,True
mlp,1,132,13,-2.0,True
mlp,1,133,9,2.0,True
mlp,1,134,16,-5.0,True
mlp,1,135,9,2.0,True
mlp,1,136,9,2.0,True
mlp,1,137,9,2.0,True
mlp,1,138,11,0.0,True
mlp,1,139,9,2.0,True
mlp,1,140,9,2.0,True
mlp,1,141,9,2.0,True
mlp,1,142,9,2.0,True
mlp,1,143,9,2.0,True
mlp,1,144,11,0.0,True
mlp,1,145,9,2.0,True
mlp,1,146,9,2.0,True
mlp,1,147,11,0.0,True
mlp,1,148,11,0.0,True
mlp,1,149,9,2.0,True
mlp,1,150,10,1.0,True
mlp,1,151,9,2.0,True
mlp,1,152,9,2.0,True
mlp,1,153,9,2.0,True
mlp,1,154,9,2.0,True
mlp,1,155,21,-10.0,True
mlp,1,156,16,-5.0,True
mlp,1,157,9,2.0,True
mlp,1,158,13,-2.0,True
mlp,1,159,10,1.0,True
mlp,1,160,9,2.0,True
mlp,1,161,9,2.0,True
mlp,1,162,9,2.0,True
mlp,1,163,17,-6.0,True
mlp,1,164,9,2.0,True
mlp,1,165,9,2.0,True
mlp,1,166,10,1.0,True
mlp,1,167,12,-1.0,True
mlp,1,168,11,0.0,True
mlp,1,169,18,-7.0,True
mlp,1,170,14,-3.0,True
mlp,1,171,9,2.0,True
mlp,1,172,9,2.0,True
mlp,1,173,14,-3.0,True
mlp,1,174,9,2.0,True
mlp,1,175,9,2.0,True
mlp,1,176,9,2.0,True
mlp,1,177,9,2.0,True
mlp,1,178,9,2.0,True
mlp,1,179,12,-1.0,True
mlp,1,180,10,1.0,True
mlp,1,181,9,2.0,True
mlp,1,182,9,2.0,True
mlp,1,183,10,1.0,True
mlp,1,184,12,-1.0,True
mlp,1,185,9,2.0,True
mlp,1,186,10,1.0,True
mlp,1,187,13,-2.0,True
mlp,1,188,9,2.0,True
mlp,1,189,10,1.0,True
mlp,1,190,10,1.0,True
mlp,1,191,10,1.0,True
mlp,1,192,10,1.0,True
mlp,1,193,9,2.0,True
mlp,1,194,11,0.0,True
mlp,1,195,12,-1.0,True
mlp,1,196,13,-2.0,True
mlp,1,197,11,0.0,True
mlp,1,198,11,0.0,True
mlp,1,199,9,2.0,True
mlp,1,200,11,0.0,True
mlp,1,201,11,0.0,True
mlp,1,202,9,2.0,True
mlp,1,203,9,2.0,True
mlp,1,204,11,0.0,True
mlp,1,205,10,1.0,True
mlp,1,206,10,1.0,True
mlp,1,207,12,-1.0,True
mlp,1,208,9,2.0,True
mlp,1,209,9,2.0,True
mlp,1,210,9,2.0,True
mlp,1,211,11,0.0,True
mlp,1,212,9,2.0,True
mlp,1,213,9,2.0,True
mlp,1,214,9,2.0,True
mlp,1,215,10,1.0,True
mlp,1,216,12,-1.0,True
mlp,1,217,13,-2.0,True
mlp,1,218,11,0.0,True
mlp,1,219,9,2.0,True
mlp,1,220,12,-1.0,True
mlp,1,221,9,2.0,True
mlp,1,222,10,1.0,True
mlp,1,223,13,-2.0,True
mlp,1,224,9,2.0,True
mlp,1,225,11,0.0,True
mlp,1,226,10,1.0,True
mlp,1,227,10,1.0,True
mlp,1,228,11,0.0,True
mlp,1,229,10,1.0,True
mlp,1,230,9,2.0,True
mlp,1,231,9,2.0,True
mlp,1,232,9,2.0,True
mlp,1,233,9,2.0,True
mlp,1,234,9,2.0,True
mlp,1,235,9,2.0,True
mlp,1,236,9,2.0,True
mlp,1,237,10,1.0,True
mlp,1,238,9,2.0,True
mlp,1,239,11,0.0,True
mlp,1,240,12,-1.0,True
mlp,1,241,13,-2.0,True
mlp,1,242,11,0.0,True
mlp,1,243,10,1.0,True
mlp,1,244,15,-4.0,True
mlp,1,245,10,1.0,True
mlp,1,246,12,-1.0,True
mlp,1,247,11,0.0,True
mlp,1,248,12,-1.0,True
mlp,1,249,9,2.0,True
mlp,1,250,11,0.0,True
mlp,1,251,9,2.0,True
mlp,1,252,9,2.0,True
mlp,1,253,9,2.0,True
mlp,1,254,10,1.0,True
mlp,1,255,9,2.0,True
mlp,1,256,11,0.0,True
mlp,1,257,10,1.0,True
mlp,1,258,11,0.0,True
mlp,1,259,11,0.0,True
mlp,1,260,9,2.0,True
mlp,1,261,9,2.0,True
mlp,1,262,9,2.0,True
mlp,1,263,17,-6.0,True
mlp,1,264,9,2.0,True
mlp,1,265,11,0.0,True
mlp,1,266,9,2.0,True
mlp,1,267,11,0.0,True
mlp,1,268,10,1.0,True
mlp,1,269,12,-1.0,True
mlp,1,270,11,0.0,True
mlp,1,271,9,2.0,True
mlp,1,272,9,2.0,True
mlp,1,273,9,2.0,True
mlp,1,274,10,1.0,True
mlp,1,275,9,2.0,True
mlp,1,276,9,2.0,True
mlp,1,277,10,1.0,True
mlp,1,278,10,1.0,True
mlp,1,279,9,2.0,True
mlp,1,280,10,1.0,True
mlp,1,281,9,2.0,True
mlp,1,282,9,2.0,True
mlp,1,283,9,2.0,True
mlp,1,284,9,2.0,True
mlp,1,285,9,2.0,True
mlp,1,286,9,2.0,True
mlp,1,287,10,1.0,True
mlp,1,288,10,1.0,True
mlp,1,289,9,2.0,True
mlp,1,290,9,2.0,True
mlp,1,291,9,2.0,True
mlp,1,292,11,0.0,True
mlp,1,293,9,2.0,True
mlp,1,294,9,2.0,True
mlp,1,295,9,2.0,True
mlp,1,296,11,0.0,True
mlp,1,297,9,2.0,True
mlp,1,298,10,1.0,True
mlp,1,299,11,0.0,True
qlearning,2,0,100,-100.0,False
qlearning,2,1,22,-11.0,True
qlearning,2,2,81,-70.0,True
qlearning,2,3,74,-63.0,True
qlearning,2,4,100,-100.0,False
qlearning,2,5,80,-69.0,True
qlearning,2,6,100,-89.0,True
qlearning,2,7,36,-25.0,True
qlearning,2,8,35,-24.0,True
qlearning,2,9,72,-61.0,True
qlearning,2,10,65,-54.0,True
qlearning,2,11,65,-54.0,True
qlearning,2,12,37,-26.0,True
qlearning,2,13,48,-37.0,True
qlearning,2,14,29,-18.0,True
qlearning,2,15,72,-61.0,True
qlearning,2,16,29,-18.0,True
qlearning,2,17,31,-20.0,True
qlearning,2,18,32,-21.0,True
qlearning,2,19,45,-34.0,True
qlearning,2,20,14,-3.0,True
qlearning,2,21,53,-42.0,True
qlearning,2,22,33,-22.0,True
qlearning,2,23,21,-10.0,True
qlearning,2,24,20,-9.0,True
qlearning,2,25,39,-28.0,True
qlearning,2,26,29,-18.0,True
qlearning,2,27,57,-46.0,True
qlearning,2,28,21,-10.0,True
qlearning,2,29,25,-14.0,True
qlearning,2,30,18,-7.0,True
qlearning,2,31,42,-31.0,True
qlearning,2,32,17,-6.0,True
qlearning,2,33,24,-13.0,True
qlearning,2,34,26,-15.0,True
qlearning,2,35,22,-11.0,True
qlearning,2,36,24,-13.0,True
qlearning,2,37,14,-3.0,True
qlearning,2,38,36,-25.0,True
qlearning,2,39,23,-12.0,True
qlearning,2,40,16,-5.0,True
qlearning,2,41,32,-21.0,True
qlearning,2,42,13,-2.0,True
qlearning,2,43,16,-5.0,True
qlearning,2,44,24,-13.0,True
qlearning,2,45,28,-17.0,True
qlearning,2,46,10,1.0,True
qlearning,2,47,22,-11.0,True
qlearning,2,48,30,-19.0,True
qlearning,2,49,21,-10.0,True
qlearning,2,50,20,-9.0,True
qlearning,2,51,14,-3.0,True
qlearning,2,52,11,0.0,True
qlearning,2,53,14,-3.0,True
qlearning,2,54,14,-3.0,True
qlearning,2,55,31,-20.0,True
qlearning,2,56,12,-1.0,True
qlearning,2,57,17,-6.0,True
qlearning,2,58,31,-20.0,True
qlearning,2,59,16,-5.0,True
qlearning,2,60,12,-1.0,True
qlearning,2,61,15,-4.0,True
qlearning,2,62,25,-14.0,True
qlearning,2,63,14,-3.0,True
qlearning,2,64,10,1.0,True
qlearning,2,65,13,-2.0,True
qlearning,2,66,9,2.0,True
qlearning,2,67,22,-11.0,True
qlearning,2,68,11,0.0,True
qlearning,2,69,11,0.0,True
qlearning,2,70,17,-6.0,True
qlearning,2,71,16,-5.0,True
qlearning,2,72,24,-13.0,True
qlearning,2,73,11,0.0,True
qlearning,2,74,9,2.0,True
qlearning,2,75,16,-5.0,True
qlearning,2,76,11,0.0,True
qlearning,2,77,14,-3.0,True
qlearning,2,78,9,2.0,True
qlearning,2,79,9,2.0,True
qlearning,2,80,9,2.0,True
qlearning,2,81,14,-3.0,True
qlearning,2,82,17,-6.0,True
qlearning,2,83,11,0.0,True
qlearning,2,84,10,1.0,True
qlearning,2,85,10,1.0,True
qlearning,2,86,9,2.0,True
qlearning,2,87,9,2.0,True
qlearning,2,88,9,2.0,True
qlearning,2,89,9,2.0,True
qlearning,2,90,13,-2.0,True
qlearning,2,91,15,-4.0,True
qlearning,2,92,9,2.0,True
qlearning,2,93,9,2.0,True
qlearning,2,94,9,2.0,True
qlearning,2,95,9,2.0,True
qlearning,2,96,9,2.0,True
qlearning,2,97,9,2.0,True
qlearning,2,98,12,-1.0,True
qlearning,2,99,11,0.0,True
qlearning,2,100,9,2.0,True
qlearning,2,101,9,2.0,True
qlearning,2,102,12,-1.0,True
qlearning,2,103,9,2.0,True
qlearning,2,104,9,2.0,True
qlearning,2,105,9,2.0,True
qlearning,2,106,9,2.0,True
qlearning,2,107,9,2.0,True
qlearning,2,108,9,2.0,True
qlearning,2,109,9,2.0,True
qlearning,2,110,12,-1.0,True
qlearning,2,111,9,2.0,True
qlearning,2,112,13,-2.0,True
qlearning,2,113,9,2.0,True
qlearning,2,114,11,0.0,True
qlearning,2,115,11,0.0,True
qlearning,2,116,9,2.0,True
qlearning,2,117,10,1.0,True
qlearning,2,118,9,2.0,True
qlearning,2,119,11,0.0,True
qlearning,2,120,12,-1.0,True
qlearning,2,121,11,0.0,True
qlearning,2,122,9,2.0,True
qlearning,2,123,11,0.0,True
qlearning,2,124,9,2.0,True
qlearning,2,125,10,1.0,True
qlearning,2,126,9,2.0,True
qlearning,2,127,9,2.0,True
qlearning,2,128,10,1.0,True
qlearning,2,129,9,2.0,True
qlearning,2,130,9,2.0,True
qlearning,2,131,9,2.0,True
qlearning,2,132,14,-3.0,True
qlearning,2,133,9,2.0,True
qlearning,2,134,9,2.0,True
qlearning,2,135,9,2.0,True
qlearning,2,136,13,-2.0,True
qlearning,2,137,13,-2.0,True
qlearning,2,138,11,0.0,True
qlearning,2,139,11,0.0,True
qlearning,2,140,9,2.0,True
qlearning,2,141,11,0.0,True
qlearning,2,142,10,1.0,True
qlearning,2,143,9,2.0,True
qlearning,2,144,9,2.0,True
qlearning,2,145,9,2.0,True
qlearning,2,146,9,2.0,True
qlearning,2,147,13,-2.0,True
qlearning,2,148,9,2.0,True
qlearning,2,149,9,2.0,True
qlearning,2,150,10,1.0,True
qlearning,2,151,9,2.0,True
qlearning,2,152,11,0.0,True
qlearning,2,153,9,2.0,True
qlearning,2,154,9,2.0,True
qlearning,2,155,12,-1.0,True
qlearning,2,156,9,2.0,True
qlearning,2,157,11,0.0,True
qlearning,2,158,11,0.0,True
qlearning,2,159,9,2.0,True
qlearning,2,160,9,2.0,True
qlearning,2,161,11,0.0,True
qlearning,2,162,11,0.0,True
qlearning,2,163,9,2.0,True
qlearning,2,164,9,2.0,True
qlearning,2,165,9,2.0,True
qlearning,2,166,11,0.0,True
qlearning,2,167,9,2.0,True
qlearning,2,168,9,2.0,True
qlearning,2,169,9,2.0,True
qlearning,2,170,11,0.0,True
qlearning,2,171,9,2.0,True
qlearning,2,172,9,2.0,True
qlearning,2,173,10,1.0,True
qlearning,2,174,9,2.0,True
qlearning,2,175,9,2.0,True
qlearning,2,176,10,1.0,True
qlearning,2,177,10,1.0,True
qlearning,2,178,10,1.0,True
qlearning,2,179,10,1.0,True
qlearning,2,180,11,0.0,True
qlearning,2,181,9,2.0,True
qlearning,2,182,11,0.0,True
qlearning,2,183,9,2.0,True
qlearning,2,184,9,2.0,True
qlearning,2,185,10,1.0,True
qlearning,2,186,9,2.0,True
qlearning,2,187,9,2.0,True
qlearning,2,188,9,2.0,True
qlearning,2,189,13,-2.0,True
qlearning,2,190,9,2.0,True
qlearning,2,191,9,2.0,True
qlearning,2,192,9,2.0,True
qlearning,2,193,9,2.0,True
qlearning,2,194,11,0.0,True
qlearning,2,195,9,2.0,True
qlearning,2,196,14,-3.0,True
qlearning,2,197,9,2.0,True
qlearning,2,198,11,0.0,True
qlearning,2,199,9,2.0,True
qlearning,2,200,12,-1.0,True
qlearning,2,201,10,1.0,True
qlearning,2,202,10,1.0,True
qlearning,2,203,11,0.0,True
qlearning,2,204,9,2.0,True
qlearning,2,205,16,-5.0,True
qlearning,2,206,13,-2.0,True
qlearning,2,207,13,-2.0,True
qlearning,2,208,10,1.0,True
qlearning,2,209,10,1.0,True
qlearning,2,210,10,1.0,True
qlearning,2,211,9,2.0,True
qlearning,2,212,9,2.0,True
qlearning,2,213,9,2.0,True
qlearning,2,214,10,1.0,True
qlearning,2,215,9,2.0,True
qlearning,2,216,9,2.0,True
qlearning,2,217,9,2.0,True
qlearning,2,218,9,2.0,True
qlearning,2,219,11,0.0,True
qlearning,2,220,9,2.0,True
qlearning,2,221,11,0.0,True
qlearning,2,222,10,1.0,True
qlearning,2,223,9,2.0,True
qlearning,2,224,9,2.0,True
qlearning,2,225,11,0.0,True
qlearning,2,226,9,2.0,True
qlearning,2,227,11,0.0,True
qlearning,2,228,9,2.0,True
qlearning,2,229,9,2.0,True
qlearning,2,230,12,-1.0,True
qlearning,2,231,9,2.0,True
qlearning,2,232,9,2.0,True
qlearning,2,233,11,0.0,True
qlearning,2,234,9,2.0,True
qlearning,2,235,15,-4.0,True
qlearning,2,236,13,-2.0,True
qlearning,2,237,10,1.0,True
qlearning,2,238,9,2.0,True
qlearning,2,239,9,2.0,True
qlearning,2,240,10,1.0,True
qlearning,2,241,14,-3.0,True
qlearning,2,242,11,0.0,True
qlearning,2,243,9,2.0,True
qlearning,2,244,9,2.0,True
qlearning,2,245,10,1.0,True
qlearning,2,246,9,2.0,True
qlearning,2,247,9,2.0,True
qlearning,2,248,14,-3.0,True
qlearning,2,249,11,0.0,True
qlearning,2,250,11,0.0,True
qlearning,2,251,9,2.0,True
qlearning,2,252,13,-2.0,True
qlearning,2,253,11,0.0,True
qlearning,2,254,9,2.0,True
qlearning,2,255,10,1.0,True
qlearning,2,256,10,1.0,True
qlearning,2,257,11,0.0,True
qlearning,2,258,9,2.0,True
qlearning,2,259,9,2.0,True
qlearning,2,260,9,2.0,True
qlearning,2,261,11,0.0,True
qlearning,2,262,11,0.0,True
qlearning,2,263,12,-1.0,True
qlearning,2,264,11,0.0,True
qlearning,2,265,9,2.0,True
qlearning,2,266,9,2.0,True
qlearning,2,267,10,1.0,True
qlearning,2,268,13,-2.0,True
qlearning,2,269,9,2.0,True
qlearning,2,270,9,2.0,True
qlearning,2,271,11,0.0,True
qlearning,2,272,9,2.0,True
qlearning,2,273,9,2.0,True
qlearning,2,274,9,2.0,True
qlearning,2,275,9,2.0,True
qlearning,2,276,12,-1.0,True
qlearning,2,277,9,2.0,True
qlearning,2,278,9,2.0,True
qlearning,2,279,11,0.0,True
qlearning,2,280,10,1.0,True
qlearning,2,281,9,2.0,True
qlearning,2,282,9,2.0,True
qlearning,2,283,11,0.0,True
qlearning,2,284,9,2.0,True
qlearning,2,285,11,0.0,True
qlearning,2,286,9,2.0,True
qlearning,2,287,9,2.0,True
qlearning,2,288,10,1.0,True
qlearning,2,289,9,2.0,True
qlearning,2,290,9,2.0,True
qlearning,2,291,9,2.0,True
qlearning,2,292,9,2.0,True
qlearning,2,293,11,0.0,True
qlearning,2,294,11,0.0,True
qlearning,2,295,9,2.0,True
qlearning,2,296,9,2.0,True
qlearning,2,297,9,2.0,True
qlearning,2,298,9,2.0,True
qlearning,2,299,13,-2.0,True
mlp,2,0,46,-35.0,True
mlp,2,1,86,-75.0,True
mlp,2,2,100,-100.0,False
mlp,2,3,61,-50.0,True
mlp,2,4,100,-100.0,False
mlp,2,5,59,-48.0,True
mlp,2,6,100,-100.0,False
mlp,2,7,31,-20.0,True
mlp,2,8,82,-71.0,True
mlp,2,9,100,-100.0,False
mlp,2,10,100,-89.0,True
mlp,2,11,100,-100.0,False
mlp,2,12,100,-100.0,False
mlp,2,13,41,-30.0,True
mlp,2,14,69,-58.0,True
mlp,2,15,85,-74.0,True
mlp,2,16,40,-29.0,True
mlp,2,17,78,-67.0,True
mlp,2,18,29,-18.0,True
mlp,2,19,13,-2.0,True
mlp,2,20,23,-12.0,True
mlp,2,21,12,-1.0,True
mlp,2,22,15,-4.0,True
mlp,2,23,13,-2.0,True
mlp,2,24,13,-2.0,True
mlp,2,25,12,-1.0,True
mlp,2,26,14,-3.0,True
mlp,2,27,25,-14.0,True
mlp,2,28,14,-3.0,True
mlp,2,29,21,-10.0,True
mlp,2,30,16,-5.0,True
mlp,2,31,13,-2.0,True
mlp,2,32,12,-1.0,True
mlp,2,33,13,-2.0,True
mlp,2,34,10,1.0,True
mlp,2,35,9,2.0,True
mlp,2,36,12,-1.0,True
mlp,2,37,11,0.0,True
mlp,2,38,9,2.0,True
mlp,2,39,17,-6.0,True
mlp,2,40,15,-4.0,True
mlp,2,41,9,2.0,True
mlp,2,42,9,2.0,True
mlp,2,43,11,0.0,True
mlp,2,44,13,-2.0,True
mlp,2,45,9,2.0,True
mlp,2,46,10,1.0,True
mlp,2,47,13,-2.0,True
mlp,2,48,16,-5.0,True
mlp,2,49,12,-1.0,True
mlp,2,50,20,-9.0,True
mlp,2,51,11,0.0,True
mlp,2,52,13,-2.0,True
mlp,2,53,16,-5.0,True
mlp,2,54,100,-100.0,False
mlp,2,55,42,-31.0,True
mlp,2,56,12,-1.0,True
mlp,2,57,11,0.0,True
mlp,2,58,29,-18.0,True
mlp,2,59,12,-1.0,True
mlp,2,60,14,-3.0,True
mlp,2,61,12,-1.0,True
mlp,2,62,17,-6.0,True
mlp,2,63,12,-1.0,True
mlp,2,64,18,-7.0,True
mlp,2,65,15,-4.0,True
mlp,2,66,51,-40.0,True
mlp,2,67,14,-3.0,True
mlp,2,68,11,0.0,True
mlp,2,69,14,-3.0,True
mlp,2,70,15,-4.0,True
mlp,2,71,12,-1.0,True
mlp,2,72,11,0.0,True
mlp,2,73,12,-1.0,True
mlp,2,74,10,1.0,True
mlp,2,75,9,2.0,True
mlp,2,76,9,2.0,True
mlp,2,77,9,2.0,True
mlp,2,78,10,1.0,True
mlp,2,79,9,2.0,True
mlp,2,80,9,2.0,True
mlp,2,81,9,2.0,True
mlp,2,82,13,-2.0,True
mlp,2,83,9,2.0,True
mlp,2,84,9,2.0,True
mlp,2,85,13,-2.0,True
mlp,2,86,9,2.0,True
mlp,2,87,10,1.0,True
mlp,2,88,9,2.0,True
mlp,2,89,9,2.0,True
mlp,2,90,9,2.0,True
mlp,2,91,9,2.0,True
mlp,2,92,12,-1.0,True
mlp,2,93,15,-4.0,True
mlp,2,94,9,2.0,True
mlp,2,95,9,2.0,True
mlp,2,96,9,2.0,True
mlp,2,97,9,2.0,True
mlp,2,98,9,2.0,True
mlp,2,99,9,2.0,True
mlp,2,100,12,-1.0,True
mlp,2,101,11,0.0,True
mlp,2,102,9,2.0,True
mlp,2,103,9,2.0,True
mlp,2,104,10,1.0,True
mlp,2,105,10,1.0,True
mlp,2,106,9,2.0,True
mlp,2,107,9,2.0,True
mlp,2,108,9,2.0,True
mlp,2,109,9,2.0,True
mlp,2,110,9,2.0,True
mlp,2,111,10,1.0,True
mlp,2,112,11,0.0,True
mlp,2,113,9,2.0,True
mlp,2,114,11,0.0,True
mlp,2,115,10,1.0,True
mlp,2,116,13,-2.0,True
mlp,2,117,11,0.0,True
mlp,2,118,9,2.0,True
mlp,2,119,10,1.0,True
mlp,2,120,9,2.0,True
mlp,2,121,12,-1.0,True
mlp,2,122,12,-1.0,True
mlp,2,123,11,0.0,True
mlp,2,124,9,2.0,True
mlp,2,125,11,0.0,True
mlp,2,126,9,2.0,True
mlp,2,127,10,1.0,True
mlp,2,128,9,2.0,True
mlp,2,129,9,2.0,True
mlp,2,130,10,1.0,True
mlp,2,131,9,2.0,True
mlp,2,132,9,2.0,True
mlp,2,133,9,2.0,True
mlp,2,134,14,-3.0,True
mlp,2,135,9,2.0,True
mlp,2,136,9,2.0,True
mlp,2,137,9,2.0,True
mlp,2,138,12,-1.0,True
mlp,2,139,14,-3.0,True
mlp,2,140,11,0.0,True
mlp,2,141,12,-1.0,True
mlp,2,142,10,1.0,True
mlp,2,143,10,1.0,True
mlp,2,144,9,2.0,True
mlp,2,145,9,2.0,True
mlp,2,146,9,2.0,True
mlp,2,147,9,2.0,True
mlp,2,148,9,2.0,True
mlp,2,149,13,-2.0,True
mlp,2,150,9,2.0,True
mlp,2,151,9,2.0,True
mlp,2,152,10,1.0,True
mlp,2,153,9,2.0,True
mlp,2,154,11,0.0,True
mlp,2,155,9,2.0,True
mlp,2,156,9,2.0,True
mlp,2,157,12,-1.0,True
mlp,2,158,9,2.0,True
mlp,2,159,11,0.0,True
mlp,2,160,11,0.0,True
mlp,2,161,9,2.0,True
mlp,2,162,9,2.0,True
mlp,2,163,13,-2.0,True
mlp,2,164,12,-1.0,True
mlp,2,165,9,2.0,True
mlp,2,166,9,2.0,True
mlp,2,167,13,-2.0,True
mlp,2,168,9,2.0,True
mlp,2,169,9,2.0,True
mlp,2,170,10,1.0,True
mlp,2,171,9,2.0,True
mlp,2,172,9,2.0,True
mlp,2,173,10,1.0,True
mlp,2,174,9,2.0,True
mlp,2,175,9,2.0,True
mlp,2,176,9,2.0,True
mlp,2,177,12,-1.0,True
mlp,2,178,11,0.0,True
mlp,2,179,10,1.0,True
mlp,2,180,10,1.0,True
mlp,2,181,9,2.0,True
mlp,2,182,10,1.0,True
mlp,2,183,9,2.0,True
mlp,2,184,9,2.0,True
mlp,2,185,9,2.0,True
mlp,2,186,10,1.0,True
mlp,2,187,9,2.0,True
mlp,2,188,9,2.0,True
mlp,2,189,9,2.0,True
mlp,2,190,11,0.0,True
mlp,2,191,11,0.0,True
mlp,2,192,9,2.0,True
mlp,2,193,9,2.0,True
mlp,2,194,9,2.0,True
mlp,2,195,9,2.0,True
mlp,2,196,10,1.0,True
mlp,2,197,13,-2.0,True
mlp,2,198,11,0.0,True
mlp,2,199,9,2.0,True
mlp,2,200,10,1.0,True
mlp,2,201,9,2.0,True
mlp,2,202,12,-1.0,True
mlp,2,203,12,-1.0,True
mlp,2,204,9,2.0,True
mlp,2,205,12,-1.0,True
mlp,2,206,13,-2.0,True
mlp,2,207,15,-4.0,True
mlp,2,208,16,-5.0,True
mlp,2,209,11,0.0,True
mlp,2,210,10,1.0,True
mlp,2,211,9,2.0,True
mlp,2,212,9,2.0,True
mlp,2,213,9,2.0,True
mlp,2,214,9,2.0,True
mlp,2,215,9,2.0,True
mlp,2,216,12,-1.0,True
mlp,2,217,9,2.0,True
mlp,2,218,9,2.0,True
mlp,2,219,9,2.0,True
mlp,2,220,11,0.0,True
mlp,2,221,9,2.0,True
mlp,2,222,11,0.0,True
mlp,2,223,11,0.0,True
mlp,2,224,9,2.0,True
mlp,2,225,9,2.0,True
mlp,2,226,11,0.0,True
mlp,2,227,9,2.0,True
mlp,2,228,10,1.0,True
mlp,2,229,9,2.0,True
mlp,2,230,9,2.0,True
mlp,2,231,12,-1.0,True
mlp,2,232,9,2.0,True
mlp,2,233,9,2.0,True
mlp,2,234,11,0.0,True
mlp,2,235,9,2.0,True
mlp,2,236,13,-2.0,True
mlp,2,237,11,0.0,True
mlp,2,238,11,0.0,True
mlp,2,239,9,2.0,True
mlp,2,240,9,2.0,True
mlp,2,241,10,1.0,True
mlp,2,242,12,-1.0,True
mlp,2,243,10,1.0,True
mlp,2,244,11,0.0,True
mlp,2,245,10,1.0,True
mlp,2,246,11,0.0,True
mlp,2,247,9,2.0,True
mlp,2,248,9,2.0,True
mlp,2,249,10,1.0,True
mlp,2,250,10,1.0,True
mlp,2,251,11,0.0,True
mlp,2,252,9,2.0,True
mlp,2,253,9,2.0,True
mlp,2,254,12,-1.0,True
mlp,2,255,11,0.0,True
mlp,2,256,9,2.0,True
mlp,2,257,11,0.0,True
mlp,2,258,11,0.0,True
mlp,2,259,10,1.0,True
mlp,2,260,9,2.0,True
mlp,2,261,9,2.0,True
mlp,2,262,9,2.0,True
mlp,2,263,10,1.0,True
mlp,2,264,10,1.0,True
mlp,2,265,12,-1.0,True
mlp,2,266,11,0.0,True
mlp,2,267,9,2.0,True
mlp,2,268,9,2.0,True
mlp,2,269,10,1.0,True
mlp,2,270,13,-2.0,True
mlp,2,271,9,2.0,True
mlp,2,272,9,2.0,True
mlp,2,273,11,0.0,True
mlp,2,274,9,2.0,True
mlp,2,275,9,2.0,True
mlp,2,276,9,2.0,True
mlp,2,277,9,2.0,True
mlp,2,278,12,-1.0,True
mlp,2,279,9,2.0,True
mlp,2,280,9,2.0,True
mlp,2,281,11,0.0,True
mlp,2,282,10,1.0,True
mlp,2,283,9,2.0,True
mlp,2,284,9,2.0,True
mlp,2,285,10,1.0,True
mlp,2,286,9,2.0,True
mlp,2,287,11,0.0,True
mlp,2,288,9,2.0,True
mlp,2,289,9,2.0,True
mlp,2,290,10,1.0,True
mlp,2,291,9,2.0,True
mlp,2,292,9,2.0,True
mlp,2,293,9,2.0,True
mlp,2,294,9,2.0,True
mlp,2,295,11,0.0,True
mlp,2,296,11,0.0,True
mlp,2,297,9,2.0,True
mlp,2,298,9,2.0,True
mlp,2,299,9,2.0,True
