seed,tier,digit_width,agent,round,eval_acc,drift_pct
0,tier1,single,connectome,40,0.5433333333333333,3.139864553490345
0,tier1,single,linear,40,0.57,
0,tier1,single,mlp,40,0.5266666666666666,
0,tier1,single,connectome,80,0.5633333333333334,4.341078755348449
0,tier1,single,linear,80,0.5733333333333334,
0,tier1,single,mlp,80,0.55,
0,tier1,single,connectome,120,0.58,4.899177101138642
0,tier1,single,linear,120,0.64,
0,tier1,single,mlp,120,0.52,
0,tier1,single,connectome,160,0.58,5.13195616318144
0,tier1,single,linear,160,0.5566666666666666,
0,tier1,single,mlp,160,0.5833333333333334,
0,tier1,single,connectome,200,0.58,5.3906187436079
0,tier1,single,linear,200,0.55,
0,tier1,single,mlp,200,0.7066666666666667,
0,tier1,single,connectome,240,0.59,5.52755332529308
0,tier1,single,linear,240,0.62,
0,tier1,single,mlp,240,0.6766666666666666,
0,tier1,single,connectome,280,0.58,5.695833067706914
0,tier1,single,linear,280,0.59,
0,tier1,single,mlp,280,0.7,
0,tier1,single,connectome,320,0.5833333333333334,5.904622798697782
0,tier1,single,linear,320,0.6733333333333333,
0,tier1,single,mlp,320,0.7466666666666667,
0,tier1,single,connectome,360,0.5833333333333334,5.989679724855538
0,tier1,single,linear,360,0.6333333333333333,
0,tier1,single,mlp,360,0.5033333333333333,
0,tier1,single,connectome,400,0.5833333333333334,6.059004628958912
0,tier1,single,linear,400,0.66,
0,tier1,single,mlp,400,0.9166666666666666,
0,tier1,single,connectome,440,0.5833333333333334,6.168350637578873
0,tier1,single,linear,440,0.62,
0,tier1,single,mlp,440,0.7166666666666667,
0,tier1,single,connectome,480,0.5833333333333334,6.301548339540637
0,tier1,single,linear,480,0.61,
0,tier1,single,mlp,480,0.6866666666666666,
0,tier1,single,connectome,520,0.5833333333333334,6.333083586529465
0,tier1,single,linear,520,0.6266666666666667,
0,tier1,single,mlp,520,0.7833333333333333,
0,tier1,single,connectome,560,0.5833333333333334,6.359284974913417
0,tier1,single,linear,560,0.67,
0,tier1,single,mlp,560,0.8233333333333334,
0,tier1,single,connectome,600,0.5833333333333334,6.43907670238636
0,tier1,single,linear,600,0.7266666666666667,
0,tier1,single,mlp,600,0.8866666666666667,
0,tier1,single,connectome,640,0.5833333333333334,6.473858673558156
0,tier1,single,linear,640,0.7466666666666667,
0,tier1,single,mlp,640,0.51,
0,tier1,single,connectome,680,0.5833333333333334,6.528987503448553
0,tier1,single,linear,680,0.7466666666666667,
0,tier1,single,mlp,680,0.7433333333333333,
0,tier1,single,connectome,720,0.5833333333333334,6.571238148147176
0,tier1,single,linear,720,0.7133333333333334,
0,tier1,single,mlp,720,0.8366666666666667,
0,tier1,single,connectome,760,0.5833333333333334,6.677933120964713
0,tier1,single,linear,760,0.7333333333333333,
0,tier1,single,mlp,760,0.7833333333333333,
0,tier1,single,connectome,800,0.5833333333333334,6.703676140808247
0,tier1,single,linear,800,0.84,
0,tier1,single,mlp,800,0.9166666666666666,
0,tier2,single,connectome,40,0.7166666666666667,1.771574382909506
0,tier2,single,linear,40,0.57,
0,tier2,single,mlp,40,0.5266666666666666,
0,tier2,single,connectome,80,0.7333333333333333,2.830091337847162
0,tier2,single,linear,80,0.5733333333333334,
0,tier2,single,mlp,80,0.55,
0,tier2,single,connectome,120,0.73,3.4642257770568636
0,tier2,single,linear,120,0.64,
0,tier2,single,mlp,120,0.52,
0,tier2,single,connectome,160,0.7633333333333333,3.7674349771940463
0,tier2,single,linear,160,0.5566666666666666,
0,tier2,single,mlp,160,0.5833333333333334,
0,tier2,single,connectome,200,0.6966666666666667,3.9439116333053743
0,tier2,single,linear,200,0.55,
0,tier2,single,mlp,200,0.7066666666666667,
0,tier2,single,connectome,240,0.7066666666666667,4.069118719199834
0,tier2,single,linear,240,0.62,
0,tier2,single,mlp,240,0.6766666666666666,
0,tier2,single,connectome,280,0.66,4.185590101746308
0,tier2,single,linear,280,0.59,
0,tier2,single,mlp,280,0.7,
0,tier2,single,connectome,320,0.6833333333333333,4.234703559751205
0,tier2,single,linear,320,0.6733333333333333,
0,tier2,single,mlp,320,0.7466666666666667,
0,tier2,single,connectome,360,0.6866666666666666,4.252468678327445
0,tier2,single,linear,360,0.6333333333333333,
0,tier2,single,mlp,360,0.5033333333333333,
0,tier2,single,connectome,400,0.69,4.295567400186845
0,tier2,single,linear,400,0.66,
0,tier2,single,mlp,400,0.9166666666666666,
0,tier2,single,connectome,440,0.68,4.33834507334595
0,tier2,single,linear,440,0.62,
0,tier2,single,mlp,440,0.7166666666666667,
0,tier2,single,connectome,480,0.69,4.348033750954808
0,tier2,single,linear,480,0.61,
0,tier2,single,mlp,480,0.6866666666666666,
0,tier2,single,connectome,520,0.6833333333333333,4.352795761429161
0,tier2,single,linear,520,0.6266666666666667,
0,tier2,single,mlp,520,0.7833333333333333,
0,tier2,single,connectome,560,0.6833333333333333,4.459025690436272
0,tier2,single,linear,560,0.67,
0,tier2,single,mlp,560,0.8233333333333334,
0,tier2,single,connectome,600,0.6866666666666666,4.469699129306029
0,tier2,single,linear,600,0.7266666666666667,
0,tier2,single,mlp,600,0.8866666666666667,
0,tier2,single,connectome,640,0.68,4.508010093221052
0,tier2,single,linear,640,0.7466666666666667,
0,tier2,single,mlp,640,0.51,
0,tier2,single,connectome,680,0.6433333333333333,4.5487200220282675
0,tier2,single,linear,680,0.7466666666666667,
0,tier2,single,mlp,680,0.7433333333333333,
0,tier2,single,connectome,720,0.6466666666666666,4.566424109564451
0,tier2,single,linear,720,0.7133333333333334,
0,tier2,single,mlp,720,0.8366666666666667,
0,tier2,single,connectome,760,0.6466666666666666,4.5735965282510085
0,tier2,single,linear,760,0.7333333333333333,
0,tier2,single,mlp,760,0.7833333333333333,
0,tier2,single,connectome,800,0.65,4.623051696506218
0,tier2,single,linear,800,0.84,
0,tier2,single,mlp,800,0.9166666666666666,
0,tier3,single,connectome,40,0.5166666666666667,2.964947049730442
0,tier3,single,linear,40,0.54,
0,tier3,single,mlp,40,0.45666666666666667,
0,tier3,single,connectome,80,0.5833333333333334,4.270226168023679
0,tier3,single,linear,80,0.61,
0,tier3,single,mlp,80,0.5733333333333334,
0,tier3,single,connectome,120,0.59,4.836122182791
0,tier3,single,linear,120,0.6033333333333334,
0,tier3,single,mlp,120,0.5633333333333334,
0,tier3,single,connectome,160,0.5833333333333334,5.191988773566319
0,tier3,single,linear,160,0.5566666666666666,
0,tier3,single,mlp,160,0.5666666666666667,
0,tier3,single,connectome,200,0.5933333333333334,5.515719660922262
0,tier3,single,linear,200,0.6533333333333333,
0,tier3,single,mlp,200,0.64,
0,tier3,single,connectome,240,0.5966666666666667,5.885874826080643
0,tier3,single,linear,240,0.6133333333333333,
0,tier3,single,mlp,240,0.5033333333333333,
0,tier3,single,connectome,280,0.5966666666666667,5.957419098526047
0,tier3,single,linear,280,0.5933333333333334,
0,tier3,single,mlp,280,0.68,
0,tier3,single,connectome,320,0.5966666666666667,6.084668181302373
0,tier3,single,linear,320,0.5733333333333334,
0,tier3,single,mlp,320,0.8233333333333334,
0,tier3,single,connectome,360,0.5966666666666667,6.200457414828223
0,tier3,single,linear,360,0.75,
0,tier3,single,mlp,360,0.67,
0,tier3,single,connectome,400,0.59,6.338774095274667
0,tier3,single,linear,400,0.7366666666666667,
0,tier3,single,mlp,400,0.9066666666666666,
0,tier3,single,connectome,440,0.5966666666666667,6.537771523036583
0,tier3,single,linear,440,0.5966666666666667,
0,tier3,single,mlp,440,0.77,
0,tier3,single,connectome,480,0.59,6.590736293965001
0,tier3,single,linear,480,0.6233333333333333,
0,tier3,single,mlp,480,0.52,
0,tier3,single,connectome,520,0.59,6.646323492395817
0,tier3,single,linear,520,0.62,
0,tier3,single,mlp,520,0.79,
0,tier3,single,connectome,560,0.59,6.753166592633489
0,tier3,single,linear,560,0.6133333333333333,
0,tier3,single,mlp,560,0.7633333333333333,
0,tier3,single,connectome,600,0.59,6.779746246317787
0,tier3,single,linear,600,0.7466666666666667,
0,tier3,single,mlp,600,0.9766666666666667,
1,tier1,single,connectome,40,0.5133333333333333,2.990208178653535
1,tier1,single,linear,40,0.63,
1,tier1,single,mlp,40,0.51,
1,tier1,single,connectome,80,0.53,4.071167073481707
1,tier1,single,linear,80,0.6033333333333334,
1,tier1,single,mlp,80,0.5366666666666666,
1,tier1,single,connectome,120,0.5733333333333334,4.654460113364931
1,tier1,single,linear,120,0.6066666666666667,
1,tier1,single,mlp,120,0.51,
1,tier1,single,connectome,160,0.5733333333333334,5.050085248036597
1,tier1,single,linear,160,0.7,
1,tier1,single,mlp,160,0.53,
1,tier1,single,connectome,200,0.5733333333333334,5.2435091432134175
1,tier1,single,linear,200,0.7466666666666667,
1,tier1,single,mlp,200,0.57,
1,tier1,single,connectome,240,0.5733333333333334,5.425348584099648
1,tier1,single,linear,240,0.6966666666666667,
1,tier1,single,mlp,240,0.6333333333333333,
1,tier1,single,connectome,280,0.5733333333333334,5.63677917905293
1,tier1,single,linear,280,0.6466666666666666,
1,tier1,single,mlp,280,0.51,
1,tier1,single,connectome,320,0.5733333333333334,5.792009086474835
1,tier1,single,linear,320,0.73,
1,tier1,single,mlp,320,0.6333333333333333,
1,tier1,single,connectome,360,0.5733333333333334,5.977287245024209
1,tier1,single,linear,360,0.6433333333333333,
1,tier1,single,mlp,360,0.51,
1,tier1,single,connectome,400,0.5733333333333334,6.146729755899107
1,tier1,single,linear,400,0.7433333333333333,
1,tier1,single,mlp,400,0.51,
1,tier1,single,connectome,440,0.5733333333333334,6.21725620860358
1,tier1,single,linear,440,0.6233333333333333,
1,tier1,single,mlp,440,0.63,
1,tier1,single,connectome,480,0.5733333333333334,6.259509396262206
1,tier1,single,linear,480,0.7533333333333333,
1,tier1,single,mlp,480,0.6,
1,tier1,single,connectome,520,0.5733333333333334,6.320983547098403
1,tier1,single,linear,520,0.6833333333333333,
1,tier1,single,mlp,520,0.72,
1,tier1,single,connectome,560,0.5733333333333334,6.339482945375315
1,tier1,single,linear,560,0.7133333333333334,
1,tier1,single,mlp,560,0.6566666666666666,
1,tier1,single,connectome,600,0.5733333333333334,6.415138548404476
1,tier1,single,linear,600,0.6433333333333333,
1,tier1,single,mlp,600,0.7533333333333333,
1,tier1,single,connectome,640,0.5733333333333334,6.440176532587365
1,tier1,single,linear,640,0.6466666666666666,
1,tier1,single,mlp,640,0.7433333333333333,
1,tier1,single,connectome,680,0.5733333333333334,6.502612558044442
1,tier1,single,linear,680,0.71,
1,tier1,single,mlp,680,0.81,
1,tier1,single,connectome,720,0.5733333333333334,6.515044453755807
1,tier1,single,linear,720,0.7133333333333334,
1,tier1,single,mlp,720,0.79,
1,tier1,single,connectome,760,0.5733333333333334,6.552366841969925
1,tier1,single,linear,760,0.7333333333333333,
1,tier1,single,mlp,760,0.51,
1,tier1,single,connectome,800,0.5733333333333334,6.660194067728497
1,tier1,single,linear,800,0.7166666666666667,
1,tier1,single,mlp,800,0.9166666666666666,
1,tier2,single,connectome,40,0.6833333333333333,1.4888326731560344
1,tier2,single,linear,40,0.63,
1,tier2,single,mlp,40,0.51,
1,tier2,single,connectome,80,0.8733333333333333,2.5279037718909136
1,tier2,single,linear,80,0.6033333333333334,
1,tier2,single,mlp,80,0.5366666666666666,
1,tier2,single,connectome,120,0.8566666666666667,3.0596955143270574
1,tier2,single,linear,120,0.6066666666666667,
1,tier2,single,mlp,120,0.51,
1,tier2,single,connectome,160,0.9,3.3680650160489574
1,tier2,single,linear,160,0.7,
1,tier2,single,mlp,160,0.53,
1,tier2,single,connectome,200,0.91,3.5330414534197727
1,tier2,single,linear,200,0.7466666666666667,
1,tier2,single,mlp,200,0.57,
1,tier2,single,connectome,240,0.8566666666666667,3.694939637707774
1,tier2,single,linear,240,0.6966666666666667,
1,tier2,single,mlp,240,0.6333333333333333,
1,tier2,single,connectome,280,0.7233333333333334,3.8272806800187547
1,tier2,single,linear,280,0.6466666666666666,
1,tier2,single,mlp,280,0.51,
1,tier2,single,connectome,320,0.71,3.9442670119656995
1,tier2,single,linear,320,0.73,
1,tier2,single,mlp,320,0.6333333333333333,
1,tier2,single,connectome,360,0.76,3.987803758685499
1,tier2,single,linear,360,0.6433333333333333,
1,tier2,single,mlp,360,0.51,
1,tier2,single,connectome,400,0.7166666666666667,4.021600014986395
1,tier2,single,linear,400,0.7433333333333333,
1,tier2,single,mlp,400,0.51,
1,tier2,single,connectome,440,0.7266666666666667,4.034665107738338
1,tier2,single,linear,440,0.6233333333333333,
1,tier2,single,mlp,440,0.63,
1,tier2,single,connectome,480,0.7,4.091555255300345
1,tier2,single,linear,480,0.7533333333333333,
1,tier2,single,mlp,480,0.6,
1,tier2,single,connectome,520,0.7066666666666667,4.142086095636538
1,tier2,single,linear,520,0.6833333333333333,
1,tier2,single,mlp,520,0.72,
1,tier2,single,connectome,560,0.7066666666666667,4.157272970640421
1,tier2,single,linear,560,0.7133333333333334,
1,tier2,single,mlp,560,0.6566666666666666,
1,tier2,single,connectome,600,0.68,4.237760515544
1,tier2,single,linear,600,0.6433333333333333,
1,tier2,single,mlp,600,0.7533333333333333,
1,tier2,single,connectome,640,0.68,4.242985662608777
1,tier2,single,linear,640,0.6466666666666666,
1,tier2,single,mlp,640,0.7433333333333333,
1,tier2,single,connectome,680,0.68,4.248616729663924
1,tier2,single,linear,680,0.71,
1,tier2,single,mlp,680,0.81,
1,tier2,single,connectome,720,0.68,4.254659756239448
1,tier2,single,linear,720,0.7133333333333334,
1,tier2,single,mlp,720,0.79,
1,tier2,single,connectome,760,0.6233333333333333,4.300906026841725
1,tier2,single,linear,760,0.7333333333333333,
1,tier2,single,mlp,760,0.51,
1,tier2,single,connectome,800,0.6233333333333333,4.306525332706862
1,tier2,single,linear,800,0.7166666666666667,
1,tier2,single,mlp,800,0.9166666666666666,
1,tier3,single,connectome,40,0.5733333333333334,3.1890771869353336
1,tier3,single,linear,40,0.59,
1,tier3,single,mlp,40,0.5,
1,tier3,single,connectome,80,0.52,4.4560911145935895
1,tier3,single,linear,80,0.6466666666666666,
1,tier3,single,mlp,80,0.53,
1,tier3,single,connectome,120,0.53,5.038574539586074
1,tier3,single,linear,120,0.5733333333333334,
1,tier3,single,mlp,120,0.53,
1,tier3,single,connectome,160,0.5733333333333334,5.284286778330695
1,tier3,single,linear,160,0.6133333333333333,
1,tier3,single,mlp,160,0.5433333333333333,
1,tier3,single,connectome,200,0.5733333333333334,5.496906207085063
1,tier3,single,linear,200,0.6033333333333334,
1,tier3,single,mlp,200,0.58,
1,tier3,single,connectome,240,0.5733333333333334,5.706310062916493
1,tier3,single,linear,240,0.69,
1,tier3,single,mlp,240,0.6566666666666666,
1,tier3,single,connectome,280,0.5733333333333334,5.780162707304005
1,tier3,single,linear,280,0.69,
1,tier3,single,mlp,280,0.5966666666666667,
1,tier3,single,connectome,320,0.5733333333333334,5.891707104845975
1,tier3,single,linear,320,0.6333333333333333,
1,tier3,single,mlp,320,0.5466666666666666,
1,tier3,single,connectome,360,0.5733333333333334,5.989831030975676
1,tier3,single,linear,360,0.6,
1,tier3,single,mlp,360,0.57,
1,tier3,single,connectome,400,0.5733333333333334,6.14307997255577
1,tier3,single,linear,400,0.65,
1,tier3,single,mlp,400,0.6366666666666667,
1,tier3,single,connectome,440,0.5733333333333334,6.200750490968491
1,tier3,single,linear,440,0.6433333333333333,
1,tier3,single,mlp,440,0.57,
1,tier3,single,connectome,480,0.5733333333333334,6.239688294524086
1,tier3,single,linear,480,0.6366666666666667,
1,tier3,single,mlp,480,0.6233333333333333,
1,tier3,single,connectome,520,0.5733333333333334,6.291251894491224
1,tier3,single,linear,520,0.6933333333333334,
1,tier3,single,mlp,520,0.62,
1,tier3,single,connectome,560,0.5733333333333334,6.458108850783758
1,tier3,single,linear,560,0.6533333333333333,
1,tier3,single,mlp,560,0.7933333333333333,
1,tier3,single,connectome,600,0.5733333333333334,6.49216417113489
1,tier3,single,linear,600,0.69,
1,tier3,single,mlp,600,0.64,
2,tier1,single,connectome,40,0.6366666666666667,2.977333172161765
2,tier1,single,linear,40,0.5933333333333334,
2,tier1,single,mlp,40,0.5566666666666666,
2,tier1,single,connectome,80,0.72,4.109261250056531
2,tier1,single,linear,80,0.64,
2,tier1,single,mlp,80,0.56,
2,tier1,single,connectome,120,0.6066666666666667,5.045141415922077
2,tier1,single,linear,120,0.5766666666666667,
2,tier1,single,mlp,120,0.58,
2,tier1,single,connectome,160,0.6,5.3413749589028825
2,tier1,single,linear,160,0.72,
2,tier1,single,mlp,160,0.5666666666666667,
2,tier1,single,connectome,200,0.6066666666666667,5.6939487343451916
2,tier1,single,linear,200,0.7066666666666667,
2,tier1,single,mlp,200,0.5666666666666667,
2,tier1,single,connectome,240,0.6066666666666667,6.027890241850469
2,tier1,single,linear,240,0.65,
2,tier1,single,mlp,240,0.6066666666666667,
2,tier1,single,connectome,280,0.6,6.140287166733217
2,tier1,single,linear,280,0.6666666666666666,
2,tier1,single,mlp,280,0.5433333333333333,
2,tier1,single,connectome,320,0.6,6.328850193865595
2,tier1,single,linear,320,0.5966666666666667,
2,tier1,single,mlp,320,0.5666666666666667,
2,tier1,single,connectome,360,0.6066666666666667,6.405631692435786
2,tier1,single,linear,360,0.66,
2,tier1,single,mlp,360,0.6733333333333333,
2,tier1,single,connectome,400,0.6033333333333334,6.520335082040643
2,tier1,single,linear,400,0.6466666666666666,
2,tier1,single,mlp,400,0.72,
2,tier1,single,connectome,440,0.6033333333333334,6.616242818528319
2,tier1,single,linear,440,0.81,
2,tier1,single,mlp,440,0.7666666666666667,
2,tier1,single,connectome,480,0.6033333333333334,6.709504605133574
2,tier1,single,linear,480,0.6766666666666666,
2,tier1,single,mlp,480,0.7433333333333333,
2,tier1,single,connectome,520,0.6033333333333334,6.787043270044458
2,tier1,single,linear,520,0.62,
2,tier1,single,mlp,520,0.7266666666666667,
2,tier1,single,connectome,560,0.6033333333333334,6.836632897309791
2,tier1,single,linear,560,0.7633333333333333,
2,tier1,single,mlp,560,0.7933333333333333,
2,tier1,single,connectome,600,0.6033333333333334,6.8798212585092715
2,tier1,single,linear,600,0.6966666666666667,
2,tier1,single,mlp,600,0.7233333333333334,
2,tier1,single,connectome,640,0.6033333333333334,6.984667499405118
2,tier1,single,linear,640,0.7,
2,tier1,single,mlp,640,0.7966666666666666,
2,tier1,single,connectome,680,0.6033333333333334,7.053930100988436
2,tier1,single,linear,680,0.6333333333333333,
2,tier1,single,mlp,680,0.9066666666666666,
2,tier1,single,connectome,720,0.6033333333333334,7.0799255096122
2,tier1,single,linear,720,0.68,
2,tier1,single,mlp,720,0.61,
2,tier1,single,connectome,760,0.6033333333333334,7.125009647493414
2,tier1,single,linear,760,0.7533333333333333,
2,tier1,single,mlp,760,0.76,
2,tier1,single,connectome,800,0.6033333333333334,7.228436916707963
2,tier1,single,linear,800,0.6066666666666667,
2,tier1,single,mlp,800,0.7633333333333333,
2,tier2,single,connectome,40,0.6133333333333333,1.9076612053039115
2,tier2,single,linear,40,0.5933333333333334,
2,tier2,single,mlp,40,0.5566666666666666,
2,tier2,single,connectome,80,0.7366666666666667,2.63652392436521
2,tier2,single,linear,80,0.64,
2,tier2,single,mlp,80,0.56,
2,tier2,single,connectome,120,0.7766666666666666,3.2177175918315153
2,tier2,single,linear,120,0.5766666666666667,
2,tier2,single,mlp,120,0.58,
2,tier2,single,connectome,160,0.7866666666666666,3.620471596999698
2,tier2,single,linear,160,0.72,
2,tier2,single,mlp,160,0.5666666666666667,
2,tier2,single,connectome,200,0.7566666666666667,3.8642441930025453
2,tier2,single,linear,200,0.7066666666666667,
2,tier2,single,mlp,200,0.5666666666666667,
2,tier2,single,connectome,240,0.79,3.969901002399133
2,tier2,single,linear,240,0.65,
2,tier2,single,mlp,240,0.6066666666666667,
2,tier2,single,connectome,280,0.6866666666666666,4.128617943724226
2,tier2,single,linear,280,0.6666666666666666,
2,tier2,single,mlp,280,0.5433333333333333,
2,tier2,single,connectome,320,0.7233333333333334,4.2769399002998165
2,tier2,single,linear,320,0.5966666666666667,
2,tier2,single,mlp,320,0.5666666666666667,
2,tier2,single,connectome,360,0.7533333333333333,4.410108358221554
2,tier2,single,linear,360,0.66,
2,tier2,single,mlp,360,0.6733333333333333,
2,tier2,single,connectome,400,0.7233333333333334,4.519254426611331
2,tier2,single,linear,400,0.6466666666666666,
2,tier2,single,mlp,400,0.72,
2,tier2,single,connectome,440,0.72,4.621459485674763
2,tier2,single,linear,440,0.81,
2,tier2,single,mlp,440,0.7666666666666667,
2,tier2,single,connectome,480,0.7166666666666667,4.633034721735345
2,tier2,single,linear,480,0.6766666666666666,
2,tier2,single,mlp,480,0.7433333333333333,
2,tier2,single,connectome,520,0.6966666666666667,4.723153727647728
2,tier2,single,linear,520,0.62,
2,tier2,single,mlp,520,0.7266666666666667,
2,tier2,single,connectome,560,0.6966666666666667,4.728937690173016
2,tier2,single,linear,560,0.7633333333333333,
2,tier2,single,mlp,560,0.7933333333333333,
2,tier2,single,connectome,600,0.7,4.743708155476518
2,tier2,single,linear,600,0.6966666666666667,
2,tier2,single,mlp,600,0.7233333333333334,
2,tier2,single,connectome,640,0.7033333333333334,4.749422504471742
2,tier2,single,linear,640,0.7,
2,tier2,single,mlp,640,0.7966666666666666,
2,tier2,single,connectome,680,0.7,4.752612647794658
2,tier2,single,linear,680,0.6333333333333333,
2,tier2,single,mlp,680,0.9066666666666666,
2,tier2,single,connectome,720,0.7066666666666667,4.757966214339552
2,tier2,single,linear,720,0.68,
2,tier2,single,mlp,720,0.61,
2,tier2,single,connectome,760,0.7066666666666667,4.777673836487568
2,tier2,single,linear,760,0.7533333333333333,
2,tier2,single,mlp,760,0.76,
2,tier2,single,connectome,800,0.7133333333333334,4.793770773302284
2,tier2,single,linear,800,0.6066666666666667,
2,tier2,single,mlp,800,0.7633333333333333,
2,tier3,single,connectome,40,0.5366666666666666,2.8505329218258493
2,tier3,single,linear,40,0.56,
2,tier3,single,mlp,40,0.49666666666666665,
2,tier3,single,connectome,80,0.61,4.374535526489034
2,tier3,single,linear,80,0.63,
2,tier3,single,mlp,80,0.53,
2,tier3,single,connectome,120,0.5966666666666667,4.995636659946822
2,tier3,single,linear,120,0.61,
2,tier3,single,mlp,120,0.6033333333333334,
2,tier3,single,connectome,160,0.5766666666666667,5.399081714495636
2,tier3,single,linear,160,0.6433333333333333,
2,tier3,single,mlp,160,0.61,
2,tier3,single,connectome,200,0.5866666666666667,5.649202810144287
2,tier3,single,linear,200,0.6233333333333333,
2,tier3,single,mlp,200,0.65,
2,tier3,single,connectome,240,0.5933333333333334,5.800220304322341
2,tier3,single,linear,240,0.6166666666666667,
2,tier3,single,mlp,240,0.6866666666666666,
2,tier3,single,connectome,280,0.5933333333333334,5.929185885100237
2,tier3,single,linear,280,0.7733333333333333,
2,tier3,single,mlp,280,0.7,
2,tier3,single,connectome,320,0.59,5.990955019296704
2,tier3,single,linear,320,0.6733333333333333,
2,tier3,single,mlp,320,0.74,
2,tier3,single,connectome,360,0.6033333333333334,6.14033421149326
2,tier3,single,linear,360,0.6666666666666666,
2,tier3,single,mlp,360,0.53,
2,tier3,single,connectome,400,0.5966666666666667,6.243551050767618
2,tier3,single,linear,400,0.6433333333333333,
2,tier3,single,mlp,400,0.6633333333333333,
2,tier3,single,connectome,440,0.5966666666666667,6.303430129942357
2,tier3,single,linear,440,0.6666666666666666,
2,tier3,single,mlp,440,0.6966666666666667,
2,tier3,single,connectome,480,0.5966666666666667,6.3511824686060105
2,tier3,single,linear,480,0.69,
2,tier3,single,mlp,480,0.53,
2,tier3,single,connectome,520,0.5966666666666667,6.40215800907261
2,tier3,single,linear,520,0.67,
2,tier3,single,mlp,520,0.7433333333333333,
2,tier3,single,connectome,560,0.5966666666666667,6.42297531539164
2,tier3,single,linear,560,0.7433333333333333,
2,tier3,single,mlp,560,0.7966666666666666,
2,tier3,single,connectome,600,0.5966666666666667,6.499255850841373
2,tier3,single,linear,600,0.7266666666666667,
2,tier3,single,mlp,600,0.7466666666666667,
3,tier1,single,connectome,40,0.54,2.9055686158061604
3,tier1,single,linear,40,0.54,
3,tier1,single,mlp,40,0.5766666666666667,
3,tier1,single,connectome,80,0.5533333333333333,4.129977791585469
3,tier1,single,linear,80,0.5733333333333334,
3,tier1,single,mlp,80,0.52,
3,tier1,single,connectome,120,0.5566666666666666,4.773050735203342
3,tier1,single,linear,120,0.5666666666666667,
3,tier1,single,mlp,120,0.5766666666666667,
3,tier1,single,connectome,160,0.57,5.213367756175863
3,tier1,single,linear,160,0.6866666666666666,
3,tier1,single,mlp,160,0.5966666666666667,
3,tier1,single,connectome,200,0.57,5.572656535374311
3,tier1,single,linear,200,0.5866666666666667,
3,tier1,single,mlp,200,0.69,
3,tier1,single,connectome,240,0.5666666666666667,5.912986594145428
3,tier1,single,linear,240,0.5566666666666666,
3,tier1,single,mlp,240,0.7233333333333334,
3,tier1,single,connectome,280,0.5666666666666667,6.0959977038527295
3,tier1,single,linear,280,0.74,
3,tier1,single,mlp,280,0.6033333333333334,
3,tier1,single,connectome,320,0.5666666666666667,6.243453782547529
3,tier1,single,linear,320,0.6433333333333333,
3,tier1,single,mlp,320,0.6133333333333333,
3,tier1,single,connectome,360,0.5633333333333334,6.446651544493284
3,tier1,single,linear,360,0.65,
3,tier1,single,mlp,360,0.7133333333333334,
3,tier1,single,connectome,400,0.5633333333333334,6.53700227763588
3,tier1,single,linear,400,0.67,
3,tier1,single,mlp,400,0.5033333333333333,
3,tier1,single,connectome,440,0.5633333333333334,6.70173204788647
3,tier1,single,linear,440,0.7,
3,tier1,single,mlp,440,0.7033333333333334,
3,tier1,single,connectome,480,0.5633333333333334,6.828841903602668
3,tier1,single,linear,480,0.6433333333333333,
3,tier1,single,mlp,480,0.8266666666666667,
3,tier1,single,connectome,520,0.5633333333333334,6.891805593260227
3,tier1,single,linear,520,0.6433333333333333,
3,tier1,single,mlp,520,0.7766666666666666,
3,tier1,single,connectome,560,0.5633333333333334,6.9529796748161505
3,tier1,single,linear,560,0.6533333333333333,
3,tier1,single,mlp,560,0.7966666666666666,
3,tier1,single,connectome,600,0.5633333333333334,6.987716508447906
3,tier1,single,linear,600,0.66,
3,tier1,single,mlp,600,0.8333333333333334,
3,tier1,single,connectome,640,0.5633333333333334,7.122389127211018
3,tier1,single,linear,640,0.73,
3,tier1,single,mlp,640,0.88,
3,tier1,single,connectome,680,0.5633333333333334,7.159022373264507
3,tier1,single,linear,680,0.6166666666666667,
3,tier1,single,mlp,680,0.72,
3,tier1,single,connectome,720,0.5633333333333334,7.209116778090301
3,tier1,single,linear,720,0.7166666666666667,
3,tier1,single,mlp,720,0.9633333333333334,
3,tier1,single,connectome,760,0.5633333333333334,7.280452527815513
3,tier1,single,linear,760,0.6366666666666667,
3,tier1,single,mlp,760,0.9866666666666667,
3,tier1,single,connectome,800,0.5633333333333334,7.373435860300515
3,tier1,single,linear,800,0.6833333333333333,
3,tier1,single,mlp,800,0.84,
3,tier2,single,connectome,40,0.6266666666666667,1.68732675377249
3,tier2,single,linear,40,0.54,
3,tier2,single,mlp,40,0.5766666666666667,
3,tier2,single,connectome,80,0.6266666666666667,2.7295805258852788
3,tier2,single,linear,80,0.5733333333333334,
3,tier2,single,mlp,80,0.52,
3,tier2,single,connectome,120,0.6733333333333333,3.168305018156344
3,tier2,single,linear,120,0.5666666666666667,
3,tier2,single,mlp,120,0.5766666666666667,
3,tier2,single,connectome,160,0.6866666666666666,3.4506772040344784
3,tier2,single,linear,160,0.6866666666666666,
3,tier2,single,mlp,160,0.5966666666666667,
3,tier2,single,connectome,200,0.6733333333333333,3.782022985117382
3,tier2,single,linear,200,0.5866666666666667,
3,tier2,single,mlp,200,0.69,
3,tier2,single,connectome,240,0.71,3.91455761025854
3,tier2,single,linear,240,0.5566666666666666,
3,tier2,single,mlp,240,0.7233333333333334,
3,tier2,single,connectome,280,0.6533333333333333,4.038754823162076
3,tier2,single,linear,280,0.74,
3,tier2,single,mlp,280,0.6033333333333334,
3,tier2,single,connectome,320,0.6466666666666666,4.209170651977864
3,tier2,single,linear,320,0.6433333333333333,
3,tier2,single,mlp,320,0.6133333333333333,
3,tier2,single,connectome,360,0.6466666666666666,4.217835788185785
3,tier2,single,linear,360,0.65,
3,tier2,single,mlp,360,0.7133333333333334,
3,tier2,single,connectome,400,0.6433333333333333,4.283087823975436
3,tier2,single,linear,400,0.67,
3,tier2,single,mlp,400,0.5033333333333333,
3,tier2,single,connectome,440,0.6466666666666666,4.309571480919646
3,tier2,single,linear,440,0.7,
3,tier2,single,mlp,440,0.7033333333333334,
3,tier2,single,connectome,480,0.6466666666666666,4.38465936812829
3,tier2,single,linear,480,0.6433333333333333,
3,tier2,single,mlp,480,0.8266666666666667,
3,tier2,single,connectome,520,0.65,4.417918424128693
3,tier2,single,linear,520,0.6433333333333333,
3,tier2,single,mlp,520,0.7766666666666666,
3,tier2,single,connectome,560,0.65,4.419625703900254
3,tier2,single,linear,560,0.6533333333333333,
3,tier2,single,mlp,560,0.7966666666666666,
3,tier2,single,connectome,600,0.6466666666666666,4.4340741668934625
3,tier2,single,linear,600,0.66,
3,tier2,single,mlp,600,0.8333333333333334,
3,tier2,single,connectome,640,0.6433333333333333,4.500163790133879
3,tier2,single,linear,640,0.73,
3,tier2,single,mlp,640,0.88,
3,tier2,single,connectome,680,0.6433333333333333,4.51155275437429
3,tier2,single,linear,680,0.6166666666666667,
3,tier2,single,mlp,680,0.72,
3,tier2,single,connectome,720,0.6366666666666667,4.537312621327839
3,tier2,single,linear,720,0.7166666666666667,
3,tier2,single,mlp,720,0.9633333333333334,
3,tier2,single,connectome,760,0.6366666666666667,4.562345201720723
3,tier2,single,linear,760,0.6366666666666667,
3,tier2,single,mlp,760,0.9866666666666667,
3,tier2,single,connectome,800,0.6366666666666667,4.6109685041851725
3,tier2,single,linear,800,0.6833333333333333,
3,tier2,single,mlp,800,0.84,
3,tier3,single,connectome,40,0.54,3.1935225988893974
3,tier3,single,linear,40,0.5533333333333333,
3,tier3,single,mlp,40,0.51,
3,tier3,single,connectome,80,0.5466666666666666,4.536292258626906
3,tier3,single,linear,80,0.6333333333333333,
3,tier3,single,mlp,80,0.5333333333333333,
3,tier3,single,connectome,120,0.5466666666666666,5.021926416190855
3,tier3,single,linear,120,0.6266666666666667,
3,tier3,single,mlp,120,0.5433333333333333,
3,tier3,single,connectome,160,0.55,5.328056205890707
3,tier3,single,linear,160,0.67,
3,tier3,single,mlp,160,0.5533333333333333,
3,tier3,single,connectome,200,0.56,5.564699613527037
3,tier3,single,linear,200,0.7233333333333334,
3,tier3,single,mlp,200,0.6366666666666667,
3,tier3,single,connectome,240,0.56,5.642922334678546
3,tier3,single,linear,240,0.7,
3,tier3,single,mlp,240,0.65,
3,tier3,single,connectome,280,0.56,5.770229269794925
3,tier3,single,linear,280,0.6,
3,tier3,single,mlp,280,0.6966666666666667,
3,tier3,single,connectome,320,0.5633333333333334,5.880527616935756
3,tier3,single,linear,320,0.7633333333333333,
3,tier3,single,mlp,320,0.5033333333333333,
3,tier3,single,connectome,360,0.56,6.058298321818267
3,tier3,single,linear,360,0.69,
3,tier3,single,mlp,360,0.5833333333333334,
3,tier3,single,connectome,400,0.56,6.143466502476124
3,tier3,single,linear,400,0.6666666666666666,
3,tier3,single,mlp,400,0.6533333333333333,
3,tier3,single,connectome,440,0.56,6.181984717631336
3,tier3,single,linear,440,0.68,
3,tier3,single,mlp,440,0.8166666666666667,
3,tier3,single,connectome,480,0.56,6.275555473876874
3,tier3,single,linear,480,0.6566666666666666,
3,tier3,single,mlp,480,0.5366666666666666,
3,tier3,single,connectome,520,0.56,6.324921956402004
3,tier3,single,linear,520,0.7,
3,tier3,single,mlp,520,0.8333333333333334,
3,tier3,single,connectome,560,0.5633333333333334,6.388784582420384
3,tier3,single,linear,560,0.6366666666666667,
3,tier3,single,mlp,560,0.8133333333333334,
3,tier3,single,connectome,600,0.5633333333333334,6.407413671657414
3,tier3,single,linear,600,0.63,
3,tier3,single,mlp,600,0.7766666666666666,
4,tier1,single,connectome,40,0.5166666666666667,3.1908340544269396
4,tier1,single,linear,40,0.5466666666666666,
4,tier1,single,mlp,40,0.5066666666666667,
4,tier1,single,connectome,80,0.5666666666666667,4.212745735871132
4,tier1,single,linear,80,0.5733333333333334,
4,tier1,single,mlp,80,0.5966666666666667,
4,tier1,single,connectome,120,0.5933333333333334,4.9403956219463225
4,tier1,single,linear,120,0.6633333333333333,
4,tier1,single,mlp,120,0.62,
4,tier1,single,connectome,160,0.5866666666666667,5.24484642230464
4,tier1,single,linear,160,0.5833333333333334,
4,tier1,single,mlp,160,0.5733333333333334,
4,tier1,single,connectome,200,0.59,5.614432918032501
4,tier1,single,linear,200,0.57,
4,tier1,single,mlp,200,0.53,
4,tier1,single,connectome,240,0.5933333333333334,5.873843446569645
4,tier1,single,linear,240,0.5633333333333334,
4,tier1,single,mlp,240,0.5833333333333334,
4,tier1,single,connectome,280,0.5933333333333334,5.993732567359243
4,tier1,single,linear,280,0.6966666666666667,
4,tier1,single,mlp,280,0.7466666666666667,
4,tier1,single,connectome,320,0.5933333333333334,6.083315962321136
4,tier1,single,linear,320,0.64,
4,tier1,single,mlp,320,0.61,
4,tier1,single,connectome,360,0.5933333333333334,6.244997995008941
4,tier1,single,linear,360,0.57,
4,tier1,single,mlp,360,0.7766666666666666,
4,tier1,single,connectome,400,0.5933333333333334,6.348102944043195
4,tier1,single,linear,400,0.57,
4,tier1,single,mlp,400,0.72,
4,tier1,single,connectome,440,0.5933333333333334,6.452493995098625
4,tier1,single,linear,440,0.6666666666666666,
4,tier1,single,mlp,440,0.8233333333333334,
4,tier1,single,connectome,480,0.5933333333333334,6.482388397145954
4,tier1,single,linear,480,0.71,
4,tier1,single,mlp,480,0.83,
4,tier1,single,connectome,520,0.5933333333333334,6.544076792362347
4,tier1,single,linear,520,0.7,
4,tier1,single,mlp,520,0.8066666666666666,
4,tier1,single,connectome,560,0.5933333333333334,6.653157061662064
4,tier1,single,linear,560,0.6366666666666667,
4,tier1,single,mlp,560,0.7266666666666667,
4,tier1,single,connectome,600,0.5933333333333334,6.673315105600492
4,tier1,single,linear,600,0.6433333333333333,
4,tier1,single,mlp,600,0.8966666666666666,
4,tier1,single,connectome,640,0.5933333333333334,6.708332300572503
4,tier1,single,linear,640,0.7366666666666667,
4,tier1,single,mlp,640,0.9333333333333333,
4,tier1,single,connectome,680,0.59,6.738344314519939
4,tier1,single,linear,680,0.6033333333333334,
4,tier1,single,mlp,680,0.8766666666666667,
4,tier1,single,connectome,720,0.59,6.78738466242477
4,tier1,single,linear,720,0.6766666666666666,
4,tier1,single,mlp,720,0.9833333333333333,
4,tier1,single,connectome,760,0.59,6.801931029378068
4,tier1,single,linear,760,0.7266666666666667,
4,tier1,single,mlp,760,0.8933333333333333,
4,tier1,single,connectome,800,0.59,6.816149354491065
4,tier1,single,linear,800,0.7466666666666667,
4,tier1,single,mlp,800,0.8766666666666667,
4,tier2,single,connectome,40,0.59,1.828574036686613
4,tier2,single,linear,40,0.5466666666666666,
4,tier2,single,mlp,40,0.5066666666666667,
4,tier2,single,connectome,80,0.6733333333333333,2.7241815039303434
4,tier2,single,linear,80,0.5733333333333334,
4,tier2,single,mlp,80,0.5966666666666667,
4,tier2,single,connectome,120,0.7,3.3372335332407723
4,tier2,single,linear,120,0.6633333333333333,
4,tier2,single,mlp,120,0.62,
4,tier2,single,connectome,160,0.74,3.7035510538856458
4,tier2,single,linear,160,0.5833333333333334,
4,tier2,single,mlp,160,0.5733333333333334,
4,tier2,single,connectome,200,0.68,4.103315809571096
4,tier2,single,linear,200,0.57,
4,tier2,single,mlp,200,0.53,
4,tier2,single,connectome,240,0.75,4.420227431810805
4,tier2,single,linear,240,0.5633333333333334,
4,tier2,single,mlp,240,0.5833333333333334,
4,tier2,single,connectome,280,0.72,4.521603485913478
4,tier2,single,linear,280,0.6966666666666667,
4,tier2,single,mlp,280,0.7466666666666667,
4,tier2,single,connectome,320,0.7633333333333333,4.5382643241087095
4,tier2,single,linear,320,0.64,
4,tier2,single,mlp,320,0.61,
4,tier2,single,connectome,360,0.6966666666666667,4.694961519451955
4,tier2,single,linear,360,0.57,
4,tier2,single,mlp,360,0.7766666666666666,
4,tier2,single,connectome,400,0.69,4.763371275824493
4,tier2,single,linear,400,0.57,
4,tier2,single,mlp,400,0.72,
4,tier2,single,connectome,440,0.6966666666666667,4.885981363816579
4,tier2,single,linear,440,0.6666666666666666,
4,tier2,single,mlp,440,0.8233333333333334,
4,tier2,single,connectome,480,0.6966666666666667,4.894500915564367
4,tier2,single,linear,480,0.71,
4,tier2,single,mlp,480,0.83,
4,tier2,single,connectome,520,0.6866666666666666,4.94273450940846
4,tier2,single,linear,520,0.7,
4,tier2,single,mlp,520,0.8066666666666666,
4,tier2,single,connectome,560,0.69,5.014523859624087
4,tier2,single,linear,560,0.6366666666666667,
4,tier2,single,mlp,560,0.7266666666666667,
4,tier2,single,connectome,600,0.69,5.028273008616656
4,tier2,single,linear,600,0.6433333333333333,
4,tier2,single,mlp,600,0.8966666666666666,
4,tier2,single,connectome,640,0.69,5.052849445559123
4,tier2,single,linear,640,0.7366666666666667,
4,tier2,single,mlp,640,0.9333333333333333,
4,tier2,single,connectome,680,0.69,5.075324443929669
4,tier2,single,linear,680,0.6033333333333334,
4,tier2,single,mlp,680,0.8766666666666667,
4,tier2,single,connectome,720,0.69,5.087242343850564
4,tier2,single,linear,720,0.6766666666666666,
4,tier2,single,mlp,720,0.9833333333333333,
4,tier2,single,connectome,760,0.6566666666666666,5.114898623225846
4,tier2,single,linear,760,0.7266666666666667,
4,tier2,single,mlp,760,0.8933333333333333,
4,tier2,single,connectome,800,0.6566666666666666,5.124881330584972
4,tier2,single,linear,800,0.7466666666666667,
4,tier2,single,mlp,800,0.8766666666666667,
4,tier3,single,connectome,40,0.5366666666666666,3.093143067237634
4,tier3,single,linear,40,0.5166666666666667,
4,tier3,single,mlp,40,0.57,
4,tier3,single,connectome,80,0.5366666666666666,4.337366669485056
4,tier3,single,linear,80,0.5433333333333333,
4,tier3,single,mlp,80,0.5533333333333333,
4,tier3,single,connectome,120,0.5766666666666667,4.841694443896094
4,tier3,single,linear,120,0.76,
4,tier3,single,mlp,120,0.5766666666666667,
4,tier3,single,connectome,160,0.5833333333333334,5.363097558982741
4,tier3,single,linear,160,0.74,
4,tier3,single,mlp,160,0.5233333333333333,
4,tier3,single,connectome,200,0.58,5.521905411127917
4,tier3,single,linear,200,0.5666666666666667,
4,tier3,single,mlp,200,0.5766666666666667,
4,tier3,single,connectome,240,0.5833333333333334,5.638561158274559
4,tier3,single,linear,240,0.5433333333333333,
4,tier3,single,mlp,240,0.7666666666666667,
4,tier3,single,connectome,280,0.5833333333333334,5.825044044125034
4,tier3,single,linear,280,0.6066666666666667,
4,tier3,single,mlp,280,0.5633333333333334,
4,tier3,single,connectome,320,0.5833333333333334,5.905407301858499
4,tier3,single,linear,320,0.66,
4,tier3,single,mlp,320,0.63,
4,tier3,single,connectome,360,0.59,6.022693703085718
4,tier3,single,linear,360,0.66,
4,tier3,single,mlp,360,0.6666666666666666,
4,tier3,single,connectome,400,0.5933333333333334,6.106711830082524
4,tier3,single,linear,400,0.6533333333333333,
4,tier3,single,mlp,400,0.8166666666666667,
4,tier3,single,connectome,440,0.59,6.164172554295053
4,tier3,single,linear,440,0.6833333333333333,
4,tier3,single,mlp,440,0.8466666666666667,
4,tier3,single,connectome,480,0.59,6.204533143971949
4,tier3,single,linear,480,0.6633333333333333,
4,tier3,single,mlp,480,0.8033333333333333,
4,tier3,single,connectome,520,0.59,6.262513267764952
4,tier3,single,linear,520,0.6366666666666667,
4,tier3,single,mlp,520,0.7766666666666666,
4,tier3,single,connectome,560,0.59,6.332210079768666
4,tier3,single,linear,560,0.66,
4,tier3,single,mlp,560,0.8166666666666667,
4,tier3,single,connectome,600,0.59,6.388026144599691
4,tier3,single,linear,600,0.6633333333333333,
4,tier3,single,mlp,600,0.8633333333333333,
0,tier1,two,connectome,40,0.51,3.1082056550714037
0,tier1,two,linear,40,0.7466666666666667,
0,tier1,two,mlp,40,0.49666666666666665,
0,tier1,two,connectome,80,0.5633333333333334,4.474664576580569
0,tier1,two,linear,80,0.72,
0,tier1,two,mlp,80,0.5166666666666667,
0,tier1,two,connectome,120,0.5566666666666666,5.431392564285173
0,tier1,two,linear,120,0.74,
0,tier1,two,mlp,120,0.54,
0,tier1,two,connectome,160,0.5866666666666667,6.127743380781751
0,tier1,two,linear,160,0.73,
0,tier1,two,mlp,160,0.5533333333333333,
0,tier1,two,connectome,200,0.5833333333333334,6.596133090829935
0,tier1,two,linear,200,0.7066666666666667,
0,tier1,two,mlp,200,0.5566666666666666,
0,tier1,two,connectome,240,0.5833333333333334,6.972530587054023
0,tier1,two,linear,240,0.7433333333333333,
0,tier1,two,mlp,240,0.4866666666666667,
0,tier1,two,connectome,280,0.59,7.238918362097545
0,tier1,two,linear,280,0.76,
0,tier1,two,mlp,280,0.5366666666666666,
0,tier1,two,connectome,320,0.58,7.467007888026055
0,tier1,two,linear,320,0.7766666666666666,
0,tier1,two,mlp,320,0.5333333333333333,
0,tier1,two,connectome,360,0.5833333333333334,7.6919555868716945
0,tier1,two,linear,360,0.7733333333333333,
0,tier1,two,mlp,360,0.5766666666666667,
0,tier1,two,connectome,400,0.58,7.883846077167113
0,tier1,two,linear,400,0.78,
0,tier1,two,mlp,400,0.5733333333333334,
0,tier1,two,connectome,440,0.58,8.078524923105082
0,tier1,two,linear,440,0.68,
0,tier1,two,mlp,440,0.54,
0,tier1,two,connectome,480,0.5833333333333334,8.220398568854776
0,tier1,two,linear,480,0.74,
0,tier1,two,mlp,480,0.52,
0,tier1,two,connectome,520,0.5833333333333334,8.329972172394944
0,tier1,two,linear,520,0.7733333333333333,
0,tier1,two,mlp,520,0.5733333333333334,
0,tier1,two,connectome,560,0.5833333333333334,8.492703176083706
0,tier1,two,linear,560,0.7633333333333333,
0,tier1,two,mlp,560,0.56,
0,tier1,two,connectome,600,0.5866666666666667,8.603262812364777
0,tier1,two,linear,600,0.7433333333333333,
0,tier1,two,mlp,600,0.5766666666666667,
0,tier1,two,connectome,640,0.5866666666666667,8.755760945004184
0,tier1,two,linear,640,0.7666666666666667,
0,tier1,two,mlp,640,0.6166666666666667,
0,tier1,two,connectome,680,0.5866666666666667,8.979531889108747
0,tier1,two,linear,680,0.7233333333333334,
0,tier1,two,mlp,680,0.6533333333333333,
0,tier1,two,connectome,720,0.5866666666666667,9.08551101868563
0,tier1,two,linear,720,0.74,
0,tier1,two,mlp,720,0.5966666666666667,
0,tier1,two,connectome,760,0.5866666666666667,9.182776060074545
0,tier1,two,linear,760,0.7833333333333333,
0,tier1,two,mlp,760,0.6566666666666666,
0,tier1,two,connectome,800,0.5933333333333334,9.25534895984089
0,tier1,two,linear,800,0.75,
0,tier1,two,mlp,800,0.64,
0,tier2,two,connectome,40,0.5233333333333333,1.7297396711062625
0,tier2,two,linear,40,0.7466666666666667,
0,tier2,two,mlp,40,0.49666666666666665,
0,tier2,two,connectome,80,0.5733333333333334,2.656484888903458
0,tier2,two,linear,80,0.72,
0,tier2,two,mlp,80,0.5166666666666667,
0,tier2,two,connectome,120,0.55,3.337250698220788
0,tier2,two,linear,120,0.74,
0,tier2,two,mlp,120,0.54,
0,tier2,two,connectome,160,0.5466666666666666,3.8811358048179874
0,tier2,two,linear,160,0.73,
0,tier2,two,mlp,160,0.5533333333333333,
0,tier2,two,connectome,200,0.58,4.3931503115760515
0,tier2,two,linear,200,0.7066666666666667,
0,tier2,two,mlp,200,0.5566666666666666,
0,tier2,two,connectome,240,0.5666666666666667,4.852308123205796
0,tier2,two,linear,240,0.7433333333333333,
0,tier2,two,mlp,240,0.4866666666666667,
0,tier2,two,connectome,280,0.59,5.236247403056779
0,tier2,two,linear,280,0.76,
0,tier2,two,mlp,280,0.5366666666666666,
0,tier2,two,connectome,320,0.5866666666666667,5.462889666873966
0,tier2,two,linear,320,0.7766666666666666,
0,tier2,two,mlp,320,0.5333333333333333,
0,tier2,two,connectome,360,0.58,5.694563494925754
0,tier2,two,linear,360,0.7733333333333333,
0,tier2,two,mlp,360,0.5766666666666667,
0,tier2,two,connectome,400,0.5866666666666667,6.039388235500979
0,tier2,two,linear,400,0.78,
0,tier2,two,mlp,400,0.5733333333333334,
0,tier2,two,connectome,440,0.5966666666666667,6.185373211834434
0,tier2,two,linear,440,0.68,
0,tier2,two,mlp,440,0.54,
0,tier2,two,connectome,480,0.5966666666666667,6.300222821639425
0,tier2,two,linear,480,0.74,
0,tier2,two,mlp,480,0.52,
0,tier2,two,connectome,520,0.6,6.395993238286975
0,tier2,two,linear,520,0.7733333333333333,
0,tier2,two,mlp,520,0.5733333333333334,
0,tier2,two,connectome,560,0.59,6.540491218759069
0,tier2,two,linear,560,0.7633333333333333,
0,tier2,two,mlp,560,0.56,
0,tier2,two,connectome,600,0.5966666666666667,6.656156482984806
0,tier2,two,linear,600,0.7433333333333333,
0,tier2,two,mlp,600,0.5766666666666667,
0,tier2,two,connectome,640,0.6,6.718865876642132
0,tier2,two,linear,640,0.7666666666666667,
0,tier2,two,mlp,640,0.6166666666666667,
0,tier2,two,connectome,680,0.5933333333333334,6.885821372634757
0,tier2,two,linear,680,0.7233333333333334,
0,tier2,two,mlp,680,0.6533333333333333,
0,tier2,two,connectome,720,0.6,7.012383220470455
0,tier2,two,linear,720,0.74,
0,tier2,two,mlp,720,0.5966666666666667,
0,tier2,two,connectome,760,0.6,7.117544152666589
0,tier2,two,linear,760,0.7833333333333333,
0,tier2,two,mlp,760,0.6566666666666666,
0,tier2,two,connectome,800,0.6033333333333334,7.179517995143243
0,tier2,two,linear,800,0.75,
0,tier2,two,mlp,800,0.64,
0,tier3,two,connectome,40,0.5233333333333333,2.9969543336697018
0,tier3,two,linear,40,0.7066666666666667,
0,tier3,two,mlp,40,0.5133333333333333,
0,tier3,two,connectome,80,0.5366666666666666,4.444756188253227
0,tier3,two,linear,80,0.7466666666666667,
0,tier3,two,mlp,80,0.5033333333333333,
0,tier3,two,connectome,120,0.5633333333333334,5.380114411578297
0,tier3,two,linear,120,0.7366666666666667,
0,tier3,two,mlp,120,0.5033333333333333,
0,tier3,two,connectome,160,0.5833333333333334,6.051722862992255
0,tier3,two,linear,160,0.72,
0,tier3,two,mlp,160,0.51,
0,tier3,two,connectome,200,0.58,6.526628272306396
0,tier3,two,linear,200,0.7166666666666667,
0,tier3,two,mlp,200,0.4766666666666667,
0,tier3,two,connectome,240,0.58,6.945741774909534
0,tier3,two,linear,240,0.7533333333333333,
0,tier3,two,mlp,240,0.5033333333333333,
0,tier3,two,connectome,280,0.59,7.25044305682808
0,tier3,two,linear,280,0.7633333333333333,
0,tier3,two,mlp,280,0.5166666666666667,
0,tier3,two,connectome,320,0.5933333333333334,7.4065623645107985
0,tier3,two,linear,320,0.7433333333333333,
0,tier3,two,mlp,320,0.5166666666666667,
0,tier3,two,connectome,360,0.59,7.595821526943812
0,tier3,two,linear,360,0.7166666666666667,
0,tier3,two,mlp,360,0.5033333333333333,
0,tier3,two,connectome,400,0.5933333333333334,7.796258905807044
0,tier3,two,linear,400,0.7166666666666667,
0,tier3,two,mlp,400,0.5133333333333333,
0,tier3,two,connectome,440,0.5866666666666667,8.04031313463015
0,tier3,two,linear,440,0.7566666666666667,
0,tier3,two,mlp,440,0.4866666666666667,
0,tier3,two,connectome,480,0.5866666666666667,8.14998782083041
0,tier3,two,linear,480,0.74,
0,tier3,two,mlp,480,0.51,
0,tier3,two,connectome,520,0.5866666666666667,8.287527626996143
0,tier3,two,linear,520,0.75,
0,tier3,two,mlp,520,0.48333333333333334,
0,tier3,two,connectome,560,0.5866666666666667,8.364737614326726
0,tier3,two,linear,560,0.7433333333333333,
0,tier3,two,mlp,560,0.49666666666666665,
0,tier3,two,connectome,600,0.5933333333333334,8.457818215031816
0,tier3,two,linear,600,0.7433333333333333,
0,tier3,two,mlp,600,0.5133333333333333,
1,tier1,two,connectome,40,0.5433333333333333,2.9554370150617486
1,tier1,two,linear,40,0.72,
1,tier1,two,mlp,40,0.5166666666666667,
1,tier1,two,connectome,80,0.5566666666666666,4.566907589834893
1,tier1,two,linear,80,0.7233333333333334,
1,tier1,two,mlp,80,0.5366666666666666,
1,tier1,two,connectome,120,0.5233333333333333,5.582343305763167
1,tier1,two,linear,120,0.74,
1,tier1,two,mlp,120,0.58,
1,tier1,two,connectome,160,0.53,6.3200235796975255
1,tier1,two,linear,160,0.73,
1,tier1,two,mlp,160,0.5666666666666667,
1,tier1,two,connectome,200,0.5266666666666666,6.848558743980693
1,tier1,two,linear,200,0.75,
1,tier1,two,mlp,200,0.5333333333333333,
1,tier1,two,connectome,240,0.53,7.267996473984127
1,tier1,two,linear,240,0.7366666666666667,
1,tier1,two,mlp,240,0.62,
1,tier1,two,connectome,280,0.54,7.553298785524939
1,tier1,two,linear,280,0.7466666666666667,
1,tier1,two,mlp,280,0.48,
1,tier1,two,connectome,320,0.5433333333333333,7.8004738620108975
1,tier1,two,linear,320,0.7633333333333333,
1,tier1,two,mlp,320,0.4866666666666667,
1,tier1,two,connectome,360,0.5433333333333333,8.035775222506
1,tier1,two,linear,360,0.7333333333333333,
1,tier1,two,mlp,360,0.5566666666666666,
1,tier1,two,connectome,400,0.5466666666666666,8.190260042647225
1,tier1,two,linear,400,0.75,
1,tier1,two,mlp,400,0.6033333333333334,
1,tier1,two,connectome,440,0.5433333333333333,8.386825129166917
1,tier1,two,linear,440,0.7366666666666667,
1,tier1,two,mlp,440,0.6066666666666667,
1,tier1,two,connectome,480,0.54,8.507009233316785
1,tier1,two,linear,480,0.7333333333333333,
1,tier1,two,mlp,480,0.6166666666666667,
1,tier1,two,connectome,520,0.5466666666666666,8.700653094533807
1,tier1,two,linear,520,0.74,
1,tier1,two,mlp,520,0.6166666666666667,
1,tier1,two,connectome,560,0.5466666666666666,8.788312740253943
1,tier1,two,linear,560,0.7433333333333333,
1,tier1,two,mlp,560,0.4533333333333333,
1,tier1,two,connectome,600,0.5466666666666666,8.926157701619955
1,tier1,two,linear,600,0.7466666666666667,
1,tier1,two,mlp,600,0.4533333333333333,
1,tier1,two,connectome,640,0.5466666666666666,9.01803866094395
1,tier1,two,linear,640,0.7466666666666667,
1,tier1,two,mlp,640,0.5,
1,tier1,two,connectome,680,0.55,9.14545748630043
1,tier1,two,linear,680,0.7466666666666667,
1,tier1,two,mlp,680,0.5,
1,tier1,two,connectome,720,0.55,9.207950092617558
1,tier1,two,linear,720,0.75,
1,tier1,two,mlp,720,0.5533333333333333,
1,tier1,two,connectome,760,0.55,9.309917702790774
1,tier1,two,linear,760,0.7433333333333333,
1,tier1,two,mlp,760,0.5333333333333333,
1,tier1,two,connectome,800,0.55,9.43989093146959
1,tier1,two,linear,800,0.75,
1,tier1,two,mlp,800,0.55,
1,tier2,two,connectome,40,0.56,2.1081125704471564
1,tier2,two,linear,40,0.72,
1,tier2,two,mlp,40,0.5166666666666667,
1,tier2,two,connectome,80,0.5966666666666667,3.3390832187724633
1,tier2,two,linear,80,0.7233333333333334,
1,tier2,two,mlp,80,0.5366666666666666,
1,tier2,two,connectome,120,0.5533333333333333,4.1102984598674785
1,tier2,two,linear,120,0.74,
1,tier2,two,mlp,120,0.58,
1,tier2,two,connectome,160,0.5266666666666666,4.900010238409403
1,tier2,two,linear,160,0.73,
1,tier2,two,mlp,160,0.5666666666666667,
1,tier2,two,connectome,200,0.5533333333333333,5.6003894214196634
1,tier2,two,linear,200,0.75,
1,tier2,two,mlp,200,0.5333333333333333,
1,tier2,two,connectome,240,0.54,5.944873405354578
1,tier2,two,linear,240,0.7366666666666667,
1,tier2,two,mlp,240,0.62,
1,tier2,two,connectome,280,0.57,6.210900080077769
1,tier2,two,linear,280,0.7466666666666667,
1,tier2,two,mlp,280,0.48,
1,tier2,two,connectome,320,0.56,6.501821697483718
1,tier2,two,linear,320,0.7633333333333333,
1,tier2,two,mlp,320,0.4866666666666667,
1,tier2,two,connectome,360,0.5533333333333333,6.6065814777394865
1,tier2,two,linear,360,0.7333333333333333,
1,tier2,two,mlp,360,0.5566666666666666,
1,tier2,two,connectome,400,0.57,6.787875453705218
1,tier2,two,linear,400,0.75,
1,tier2,two,mlp,400,0.6033333333333334,
1,tier2,two,connectome,440,0.58,6.931860391996844
1,tier2,two,linear,440,0.7366666666666667,
1,tier2,two,mlp,440,0.6066666666666667,
1,tier2,two,connectome,480,0.5766666666666667,7.056437459550727
1,tier2,two,linear,480,0.7333333333333333,
1,tier2,two,mlp,480,0.6166666666666667,
1,tier2,two,connectome,520,0.5733333333333334,7.213375600354194
1,tier2,two,linear,520,0.74,
1,tier2,two,mlp,520,0.6166666666666667,
1,tier2,two,connectome,560,0.5733333333333334,7.337962204008087
1,tier2,two,linear,560,0.7433333333333333,
1,tier2,two,mlp,560,0.4533333333333333,
1,tier2,two,connectome,600,0.5733333333333334,7.420878593583886
1,tier2,two,linear,600,0.7466666666666667,
1,tier2,two,mlp,600,0.4533333333333333,
1,tier2,two,connectome,640,0.57,7.4866134739039785
1,tier2,two,linear,640,0.7466666666666667,
1,tier2,two,mlp,640,0.5,
1,tier2,two,connectome,680,0.5733333333333334,7.59290983774115
1,tier2,two,linear,680,0.7466666666666667,
1,tier2,two,mlp,680,0.5,
1,tier2,two,connectome,720,0.5733333333333334,7.663642270205811
1,tier2,two,linear,720,0.75,
1,tier2,two,mlp,720,0.5533333333333333,
1,tier2,two,connectome,760,0.57,7.749647720444434
1,tier2,two,linear,760,0.7433333333333333,
1,tier2,two,mlp,760,0.5333333333333333,
1,tier2,two,connectome,800,0.57,7.8831149761664445
1,tier2,two,linear,800,0.75,
1,tier2,two,mlp,800,0.55,
1,tier3,two,connectome,40,0.5233333333333333,3.563727987507825
1,tier3,two,linear,40,0.5433333333333333,
1,tier3,two,mlp,40,0.48,
1,tier3,two,connectome,80,0.5766666666666667,5.108979248080435
1,tier3,two,linear,80,0.7266666666666667,
1,tier3,two,mlp,80,0.5666666666666667,
1,tier3,two,connectome,120,0.5733333333333334,5.873078015608945
1,tier3,two,linear,120,0.7233333333333334,
1,tier3,two,mlp,120,0.5266666666666666,
1,tier3,two,connectome,160,0.5766666666666667,6.477771653261733
1,tier3,two,linear,160,0.7333333333333333,
1,tier3,two,mlp,160,0.59,
1,tier3,two,connectome,200,0.5233333333333333,6.912751954799376
1,tier3,two,linear,200,0.75,
1,tier3,two,mlp,200,0.56,
1,tier3,two,connectome,240,0.5333333333333333,7.26931309152533
1,tier3,two,linear,240,0.75,
1,tier3,two,mlp,240,0.5033333333333333,
1,tier3,two,connectome,280,0.5233333333333333,7.6231004946287495
1,tier3,two,linear,280,0.75,
1,tier3,two,mlp,280,0.5733333333333334,
1,tier3,two,connectome,320,0.5233333333333333,7.856589360382196
1,tier3,two,linear,320,0.7333333333333333,
1,tier3,two,mlp,320,0.57,
1,tier3,two,connectome,360,0.53,8.008138968940736
1,tier3,two,linear,360,0.7466666666666667,
1,tier3,two,mlp,360,0.61,
1,tier3,two,connectome,400,0.5233333333333333,8.230962660444433
1,tier3,two,linear,400,0.7433333333333333,
1,tier3,two,mlp,400,0.5866666666666667,
1,tier3,two,connectome,440,0.5333333333333333,8.43540710853133
1,tier3,two,linear,440,0.7566666666666667,
1,tier3,two,mlp,440,0.6166666666666667,
1,tier3,two,connectome,480,0.53,8.595516956197695
1,tier3,two,linear,480,0.7433333333333333,
1,tier3,two,mlp,480,0.6066666666666667,
1,tier3,two,connectome,520,0.53,8.72903062093975
1,tier3,two,linear,520,0.7466666666666667,
1,tier3,two,mlp,520,0.5966666666666667,
1,tier3,two,connectome,560,0.53,8.838578794879894
1,tier3,two,linear,560,0.75,
1,tier3,two,mlp,560,0.6133333333333333,
1,tier3,two,connectome,600,0.5266666666666666,8.895957508632346
1,tier3,two,linear,600,0.75,
1,tier3,two,mlp,600,0.61,
2,tier1,two,connectome,40,0.5433333333333333,3.12386615637572
2,tier1,two,linear,40,0.7033333333333334,
2,tier1,two,mlp,40,0.4633333333333333,
2,tier1,two,connectome,80,0.5833333333333334,4.647574413418636
2,tier1,two,linear,80,0.71,
2,tier1,two,mlp,80,0.4633333333333333,
2,tier1,two,connectome,120,0.5733333333333334,5.581370623562277
2,tier1,two,linear,120,0.71,
2,tier1,two,mlp,120,0.5066666666666667,
2,tier1,two,connectome,160,0.5933333333333334,6.319193303256767
2,tier1,two,linear,160,0.71,
2,tier1,two,mlp,160,0.51,
2,tier1,two,connectome,200,0.5733333333333334,6.746521838147414
2,tier1,two,linear,200,0.71,
2,tier1,two,mlp,200,0.49666666666666665,
2,tier1,two,connectome,240,0.5566666666666666,7.146244634992826
2,tier1,two,linear,240,0.71,
2,tier1,two,mlp,240,0.53,
2,tier1,two,connectome,280,0.5733333333333334,7.473922196272376
2,tier1,two,linear,280,0.6433333333333333,
2,tier1,two,mlp,280,0.56,
2,tier1,two,connectome,320,0.5766666666666667,7.7383175621540765
2,tier1,two,linear,320,0.7466666666666667,
2,tier1,two,mlp,320,0.5433333333333333,
2,tier1,two,connectome,360,0.56,7.996960752510518
2,tier1,two,linear,360,0.7233333333333334,
2,tier1,two,mlp,360,0.58,
2,tier1,two,connectome,400,0.5566666666666666,8.188768596605861
2,tier1,two,linear,400,0.73,
2,tier1,two,mlp,400,0.55,
2,tier1,two,connectome,440,0.55,8.378247725079076
2,tier1,two,linear,440,0.7233333333333334,
2,tier1,two,mlp,440,0.5566666666666666,
2,tier1,two,connectome,480,0.5666666666666667,8.500107639870476
2,tier1,two,linear,480,0.7266666666666667,
2,tier1,two,mlp,480,0.5566666666666666,
2,tier1,two,connectome,520,0.5666666666666667,8.658523876175295
2,tier1,two,linear,520,0.74,
2,tier1,two,mlp,520,0.57,
2,tier1,two,connectome,560,0.56,8.806009834650121
2,tier1,two,linear,560,0.7333333333333333,
2,tier1,two,mlp,560,0.5766666666666667,
2,tier1,two,connectome,600,0.5633333333333334,8.868827939847547
2,tier1,two,linear,600,0.71,
2,tier1,two,mlp,600,0.6266666666666667,
2,tier1,two,connectome,640,0.56,8.992515607140616
2,tier1,two,linear,640,0.73,
2,tier1,two,mlp,640,0.6,
2,tier1,two,connectome,680,0.56,9.070019306351467
2,tier1,two,linear,680,0.72,
2,tier1,two,mlp,680,0.6133333333333333,
2,tier1,two,connectome,720,0.56,9.13835690623394
2,tier1,two,linear,720,0.71,
2,tier1,two,mlp,720,0.6,
2,tier1,two,connectome,760,0.5533333333333333,9.241209466487962
2,tier1,two,linear,760,0.7166666666666667,
2,tier1,two,mlp,760,0.61,
2,tier1,two,connectome,800,0.5533333333333333,9.299042734340832
2,tier1,two,linear,800,0.7066666666666667,
2,tier1,two,mlp,800,0.5466666666666666,
2,tier2,two,connectome,40,0.5866666666666667,1.6681572855349662
2,tier2,two,linear,40,0.7033333333333334,
2,tier2,two,mlp,40,0.4633333333333333,
2,tier2,two,connectome,80,0.52,2.736559679611659
2,tier2,two,linear,80,0.71,
2,tier2,two,mlp,80,0.4633333333333333,
2,tier2,two,connectome,120,0.5833333333333334,3.6324753218206713
2,tier2,two,linear,120,0.71,
2,tier2,two,mlp,120,0.5066666666666667,
2,tier2,two,connectome,160,0.5666666666666667,4.367570359042667
2,tier2,two,linear,160,0.71,
2,tier2,two,mlp,160,0.51,
2,tier2,two,connectome,200,0.6166666666666667,4.9616633500557645
2,tier2,two,linear,200,0.71,
2,tier2,two,mlp,200,0.49666666666666665,
2,tier2,two,connectome,240,0.6133333333333333,5.375417564454003
2,tier2,two,linear,240,0.71,
2,tier2,two,mlp,240,0.53,
2,tier2,two,connectome,280,0.58,5.810237023771498
2,tier2,two,linear,280,0.6433333333333333,
2,tier2,two,mlp,280,0.56,
2,tier2,two,connectome,320,0.6,6.120407576915045
2,tier2,two,linear,320,0.7466666666666667,
2,tier2,two,mlp,320,0.5433333333333333,
2,tier2,two,connectome,360,0.5833333333333334,6.2972818883967365
2,tier2,two,linear,360,0.7233333333333334,
2,tier2,two,mlp,360,0.58,
2,tier2,two,connectome,400,0.6133333333333333,6.5050747790666925
2,tier2,two,linear,400,0.73,
2,tier2,two,mlp,400,0.55,
2,tier2,two,connectome,440,0.6166666666666667,6.6542219261630375
2,tier2,two,linear,440,0.7233333333333334,
2,tier2,two,mlp,440,0.5566666666666666,
2,tier2,two,connectome,480,0.6,6.870679953040915
2,tier2,two,linear,480,0.7266666666666667,
2,tier2,two,mlp,480,0.5566666666666666,
2,tier2,two,connectome,520,0.6,6.988486389588609
2,tier2,two,linear,520,0.74,
2,tier2,two,mlp,520,0.57,
2,tier2,two,connectome,560,0.6033333333333334,7.1211939360099255
2,tier2,two,linear,560,0.7333333333333333,
2,tier2,two,mlp,560,0.5766666666666667,
2,tier2,two,connectome,600,0.6066666666666667,7.215645192156269
2,tier2,two,linear,600,0.71,
2,tier2,two,mlp,600,0.6266666666666667,
2,tier2,two,connectome,640,0.6033333333333334,7.251511100029057
2,tier2,two,linear,640,0.73,
2,tier2,two,mlp,640,0.6,
2,tier2,two,connectome,680,0.61,7.3665533390542235
2,tier2,two,linear,680,0.72,
2,tier2,two,mlp,680,0.6133333333333333,
2,tier2,two,connectome,720,0.6,7.440773441162073
2,tier2,two,linear,720,0.71,
2,tier2,two,mlp,720,0.6,
2,tier2,two,connectome,760,0.6066666666666667,7.581958580491139
2,tier2,two,linear,760,0.7166666666666667,
2,tier2,two,mlp,760,0.61,
2,tier2,two,connectome,800,0.6033333333333334,7.651266955354498
2,tier2,two,linear,800,0.7066666666666667,
2,tier2,two,mlp,800,0.5466666666666666,
2,tier3,two,connectome,40,0.5266666666666666,3.108054984691266
2,tier3,two,linear,40,0.7033333333333334,
2,tier3,two,mlp,40,0.4533333333333333,
2,tier3,two,connectome,80,0.53,4.726439231970732
2,tier3,two,linear,80,0.75,
2,tier3,two,mlp,80,0.5033333333333333,
2,tier3,two,connectome,120,0.5433333333333333,5.601089371160303
2,tier3,two,linear,120,0.71,
2,tier3,two,mlp,120,0.45666666666666667,
2,tier3,two,connectome,160,0.58,6.263382324345747
2,tier3,two,linear,160,0.7066666666666667,
2,tier3,two,mlp,160,0.5033333333333333,
2,tier3,two,connectome,200,0.5566666666666666,6.675313236422318
2,tier3,two,linear,200,0.72,
2,tier3,two,mlp,200,0.4633333333333333,
2,tier3,two,connectome,240,0.5566666666666666,6.974492480695816
2,tier3,two,linear,240,0.7066666666666667,
2,tier3,two,mlp,240,0.52,
2,tier3,two,connectome,280,0.56,7.271853508567653
2,tier3,two,linear,280,0.72,
2,tier3,two,mlp,280,0.54,
2,tier3,two,connectome,320,0.5633333333333334,7.484244706661813
2,tier3,two,linear,320,0.7066666666666667,
2,tier3,two,mlp,320,0.49666666666666665,
2,tier3,two,connectome,360,0.5533333333333333,7.711001721549105
2,tier3,two,linear,360,0.74,
2,tier3,two,mlp,360,0.5566666666666666,
2,tier3,two,connectome,400,0.55,7.909755660890799
2,tier3,two,linear,400,0.7333333333333333,
2,tier3,two,mlp,400,0.5266666666666666,
2,tier3,two,connectome,440,0.5533333333333333,8.04677924617606
2,tier3,two,linear,440,0.7033333333333334,
2,tier3,two,mlp,440,0.4766666666666667,
2,tier3,two,connectome,480,0.55,8.212091354267182
2,tier3,two,linear,480,0.6866666666666666,
2,tier3,two,mlp,480,0.53,
2,tier3,two,connectome,520,0.55,8.295434961123371
2,tier3,two,linear,520,0.71,
2,tier3,two,mlp,520,0.49,
2,tier3,two,connectome,560,0.5533333333333333,8.414792603272485
2,tier3,two,linear,560,0.7333333333333333,
2,tier3,two,mlp,560,0.5,
2,tier3,two,connectome,600,0.5533333333333333,8.540634157687524
2,tier3,two,linear,600,0.73,
2,tier3,two,mlp,600,0.5566666666666666,
3,tier1,two,connectome,40,0.49,3.2205781039641304
3,tier1,two,linear,40,0.7366666666666667,
3,tier1,two,mlp,40,0.51,
3,tier1,two,connectome,80,0.49666666666666665,4.778729164888533
3,tier1,two,linear,80,0.74,
3,tier1,two,mlp,80,0.52,
3,tier1,two,connectome,120,0.51,5.585301403985871
3,tier1,two,linear,120,0.7233333333333334,
3,tier1,two,mlp,120,0.5133333333333333,
3,tier1,two,connectome,160,0.51,6.328864180145608
3,tier1,two,linear,160,0.7533333333333333,
3,tier1,two,mlp,160,0.55,
3,tier1,two,connectome,200,0.5,6.79088568260797
3,tier1,two,linear,200,0.78,
3,tier1,two,mlp,200,0.5533333333333333,
3,tier1,two,connectome,240,0.5033333333333333,7.336079142126366
3,tier1,two,linear,240,0.7833333333333333,
3,tier1,two,mlp,240,0.49333333333333335,
3,tier1,two,connectome,280,0.5066666666666667,7.671842044733307
3,tier1,two,linear,280,0.7666666666666667,
3,tier1,two,mlp,280,0.49666666666666665,
3,tier1,two,connectome,320,0.51,7.946001741283934
3,tier1,two,linear,320,0.7733333333333333,
3,tier1,two,mlp,320,0.57,
3,tier1,two,connectome,360,0.5133333333333333,8.152390918032607
3,tier1,two,linear,360,0.7766666666666666,
3,tier1,two,mlp,360,0.59,
3,tier1,two,connectome,400,0.51,8.329862189374843
3,tier1,two,linear,400,0.7633333333333333,
3,tier1,two,mlp,400,0.6066666666666667,
3,tier1,two,connectome,440,0.5166666666666667,8.511704173221077
3,tier1,two,linear,440,0.75,
3,tier1,two,mlp,440,0.6266666666666667,
3,tier1,two,connectome,480,0.5133333333333333,8.684151827078722
3,tier1,two,linear,480,0.7233333333333334,
3,tier1,two,mlp,480,0.6166666666666667,
3,tier1,two,connectome,520,0.5133333333333333,8.774130016580976
3,tier1,two,linear,520,0.7433333333333333,
3,tier1,two,mlp,520,0.6066666666666667,
3,tier1,two,connectome,560,0.5133333333333333,8.916300552910943
3,tier1,two,linear,560,0.78,
3,tier1,two,mlp,560,0.5033333333333333,
3,tier1,two,connectome,600,0.52,9.06236436100447
3,tier1,two,linear,600,0.7666666666666667,
3,tier1,two,mlp,600,0.5233333333333333,
3,tier1,two,connectome,640,0.52,9.158382080512245
3,tier1,two,linear,640,0.7633333333333333,
3,tier1,two,mlp,640,0.63,
3,tier1,two,connectome,680,0.52,9.265440696610115
3,tier1,two,linear,680,0.7633333333333333,
3,tier1,two,mlp,680,0.6433333333333333,
3,tier1,two,connectome,720,0.52,9.351681370648953
3,tier1,two,linear,720,0.6833333333333333,
3,tier1,two,mlp,720,0.5066666666666667,
3,tier1,two,connectome,760,0.52,9.457051461305278
3,tier1,two,linear,760,0.7666666666666667,
3,tier1,two,mlp,760,0.67,
3,tier1,two,connectome,800,0.52,9.560950449600258
3,tier1,two,linear,800,0.7666666666666667,
3,tier1,two,mlp,800,0.6066666666666667,
3,tier2,two,connectome,40,0.47,2.1306810225977877
3,tier2,two,linear,40,0.7366666666666667,
3,tier2,two,mlp,40,0.51,
3,tier2,two,connectome,80,0.4766666666666667,3.1969470124025277
3,tier2,two,linear,80,0.74,
3,tier2,two,mlp,80,0.52,
3,tier2,two,connectome,120,0.5633333333333334,4.071253216251785
3,tier2,two,linear,120,0.7233333333333334,
3,tier2,two,mlp,120,0.5133333333333333,
3,tier2,two,connectome,160,0.5533333333333333,4.809705914286851
3,tier2,two,linear,160,0.7533333333333333,
3,tier2,two,mlp,160,0.55,
3,tier2,two,connectome,200,0.57,5.2207347113025975
3,tier2,two,linear,200,0.78,
3,tier2,two,mlp,200,0.5533333333333333,
3,tier2,two,connectome,240,0.55,5.804417459806178
3,tier2,two,linear,240,0.7833333333333333,
3,tier2,two,mlp,240,0.49333333333333335,
3,tier2,two,connectome,280,0.5466666666666666,6.049164645229917
3,tier2,two,linear,280,0.7666666666666667,
3,tier2,two,mlp,280,0.49666666666666665,
3,tier2,two,connectome,320,0.5433333333333333,6.332740922669152
3,tier2,two,linear,320,0.7733333333333333,
3,tier2,two,mlp,320,0.57,
3,tier2,two,connectome,360,0.54,6.517900197838417
3,tier2,two,linear,360,0.7766666666666666,
3,tier2,two,mlp,360,0.59,
3,tier2,two,connectome,400,0.5633333333333334,6.759902257939646
3,tier2,two,linear,400,0.7633333333333333,
3,tier2,two,mlp,400,0.6066666666666667,
3,tier2,two,connectome,440,0.5533333333333333,6.91293186921954
3,tier2,two,linear,440,0.75,
3,tier2,two,mlp,440,0.6266666666666667,
3,tier2,two,connectome,480,0.56,6.993303391573012
3,tier2,two,linear,480,0.7233333333333334,
3,tier2,two,mlp,480,0.6166666666666667,
3,tier2,two,connectome,520,0.55,7.07508053506777
3,tier2,two,linear,520,0.7433333333333333,
3,tier2,two,mlp,520,0.6066666666666667,
3,tier2,two,connectome,560,0.5666666666666667,7.214581599135297
3,tier2,two,linear,560,0.78,
3,tier2,two,mlp,560,0.5033333333333333,
3,tier2,two,connectome,600,0.5733333333333334,7.337545794307706
3,tier2,two,linear,600,0.7666666666666667,
3,tier2,two,mlp,600,0.5233333333333333,
3,tier2,two,connectome,640,0.58,7.390064275755717
3,tier2,two,linear,640,0.7633333333333333,
3,tier2,two,mlp,640,0.63,
3,tier2,two,connectome,680,0.5866666666666667,7.482922367460604
3,tier2,two,linear,680,0.7633333333333333,
3,tier2,two,mlp,680,0.6433333333333333,
3,tier2,two,connectome,720,0.59,7.526703874080627
3,tier2,two,linear,720,0.6833333333333333,
3,tier2,two,mlp,720,0.5066666666666667,
3,tier2,two,connectome,760,0.5933333333333334,7.6267706216521045
3,tier2,two,linear,760,0.7666666666666667,
3,tier2,two,mlp,760,0.67,
3,tier2,two,connectome,800,0.5866666666666667,7.747478575562451
3,tier2,two,linear,800,0.7666666666666667,
3,tier2,two,mlp,800,0.6066666666666667,
3,tier3,two,connectome,40,0.4633333333333333,3.4405940497552607
3,tier3,two,linear,40,0.7466666666666667,
3,tier3,two,mlp,40,0.49666666666666665,
3,tier3,two,connectome,80,0.47,4.887838042488276
3,tier3,two,linear,80,0.78,
3,tier3,two,mlp,80,0.49333333333333335,
3,tier3,two,connectome,120,0.48333333333333334,5.765839485090912
3,tier3,two,linear,120,0.7833333333333333,
3,tier3,two,mlp,120,0.5533333333333333,
3,tier3,two,connectome,160,0.5,6.323447675340656
3,tier3,two,linear,160,0.7333333333333333,
3,tier3,two,mlp,160,0.5166666666666667,
3,tier3,two,connectome,200,0.5,6.770984477629777
3,tier3,two,linear,200,0.7266666666666667,
3,tier3,two,mlp,200,0.58,
3,tier3,two,connectome,240,0.49,7.134792414622357
3,tier3,two,linear,240,0.7633333333333333,
3,tier3,two,mlp,240,0.53,
3,tier3,two,connectome,280,0.4866666666666667,7.418824517642008
3,tier3,two,linear,280,0.7666666666666667,
3,tier3,two,mlp,280,0.5033333333333333,
3,tier3,two,connectome,320,0.5033333333333333,7.650457022593757
3,tier3,two,linear,320,0.7766666666666666,
3,tier3,two,mlp,320,0.5033333333333333,
3,tier3,two,connectome,360,0.5033333333333333,7.8714211745957545
3,tier3,two,linear,360,0.7866666666666666,
3,tier3,two,mlp,360,0.5233333333333333,
3,tier3,two,connectome,400,0.5066666666666667,8.106226657890405
3,tier3,two,linear,400,0.75,
3,tier3,two,mlp,400,0.53,
3,tier3,two,connectome,440,0.5066666666666667,8.328240416633362
3,tier3,two,linear,440,0.77,
3,tier3,two,mlp,440,0.5466666666666666,
3,tier3,two,connectome,480,0.5033333333333333,8.50541734035533
3,tier3,two,linear,480,0.5066666666666667,
3,tier3,two,mlp,480,0.49666666666666665,
3,tier3,two,connectome,520,0.5066666666666667,8.598281789460223
3,tier3,two,linear,520,0.7833333333333333,
3,tier3,two,mlp,520,0.53,
3,tier3,two,connectome,560,0.5033333333333333,8.685288530199761
3,tier3,two,linear,560,0.7566666666666667,
3,tier3,two,mlp,560,0.5266666666666666,
3,tier3,two,connectome,600,0.5066666666666667,8.815783065679055
3,tier3,two,linear,600,0.7266666666666667,
3,tier3,two,mlp,600,0.63,
4,tier1,two,connectome,40,0.49333333333333335,3.3285995482928796
4,tier1,two,linear,40,0.7466666666666667,
4,tier1,two,mlp,40,0.4666666666666667,
4,tier1,two,connectome,80,0.49333333333333335,4.782843356302294
4,tier1,two,linear,80,0.76,
4,tier1,two,mlp,80,0.4666666666666667,
4,tier1,two,connectome,120,0.54,5.671845326004986
4,tier1,two,linear,120,0.7733333333333333,
4,tier1,two,mlp,120,0.5833333333333334,
4,tier1,two,connectome,160,0.5433333333333333,6.345265000680601
4,tier1,two,linear,160,0.76,
4,tier1,two,mlp,160,0.54,
4,tier1,two,connectome,200,0.53,6.843610143816169
4,tier1,two,linear,200,0.7833333333333333,
4,tier1,two,mlp,200,0.4666666666666667,
4,tier1,two,connectome,240,0.52,7.216766637517295
4,tier1,two,linear,240,0.7866666666666666,
4,tier1,two,mlp,240,0.5633333333333334,
4,tier1,two,connectome,280,0.51,7.537051178330087
4,tier1,two,linear,280,0.79,
4,tier1,two,mlp,280,0.53,
4,tier1,two,connectome,320,0.51,7.814408647083636
4,tier1,two,linear,320,0.77,
4,tier1,two,mlp,320,0.5466666666666666,
4,tier1,two,connectome,360,0.5166666666666667,8.070311162297573
4,tier1,two,linear,360,0.7966666666666666,
4,tier1,two,mlp,360,0.53,
4,tier1,two,connectome,400,0.5133333333333333,8.280137785229387
4,tier1,two,linear,400,0.77,
4,tier1,two,mlp,400,0.4666666666666667,
4,tier1,two,connectome,440,0.5166666666666667,8.464862849978257
4,tier1,two,linear,440,0.7733333333333333,
4,tier1,two,mlp,440,0.5533333333333333,
4,tier1,two,connectome,480,0.5266666666666666,8.580997290324422
4,tier1,two,linear,480,0.77,
4,tier1,two,mlp,480,0.49666666666666665,
4,tier1,two,connectome,520,0.5233333333333333,8.701790433394846
4,tier1,two,linear,520,0.7833333333333333,
4,tier1,two,mlp,520,0.5166666666666667,
4,tier1,two,connectome,560,0.5266666666666666,8.870365794908952
4,tier1,two,linear,560,0.79,
4,tier1,two,mlp,560,0.54,
4,tier1,two,connectome,600,0.5266666666666666,9.015355202401496
4,tier1,two,linear,600,0.82,
4,tier1,two,mlp,600,0.5133333333333333,
4,tier1,two,connectome,640,0.5266666666666666,9.111317612529222
4,tier1,two,linear,640,0.8,
4,tier1,two,mlp,640,0.56,
4,tier1,two,connectome,680,0.53,9.196638370787218
4,tier1,two,linear,680,0.8,
4,tier1,two,mlp,680,0.5766666666666667,
4,tier1,two,connectome,720,0.5266666666666666,9.297064947199024
4,tier1,two,linear,720,0.78,
4,tier1,two,mlp,720,0.6333333333333333,
4,tier1,two,connectome,760,0.5233333333333333,9.404553959277287
4,tier1,two,linear,760,0.7833333333333333,
4,tier1,two,mlp,760,0.6233333333333333,
4,tier1,two,connectome,800,0.5233333333333333,9.457682751125855
4,tier1,two,linear,800,0.8,
4,tier1,two,mlp,800,0.5366666666666666,
4,tier2,two,connectome,40,0.5733333333333334,1.863902585323909
4,tier2,two,linear,40,0.7466666666666667,
4,tier2,two,mlp,40,0.4666666666666667,
4,tier2,two,connectome,80,0.49666666666666665,3.131871712333038
4,tier2,two,linear,80,0.76,
4,tier2,two,mlp,80,0.4666666666666667,
4,tier2,two,connectome,120,0.59,3.965837988055419
4,tier2,two,linear,120,0.7733333333333333,
4,tier2,two,mlp,120,0.5833333333333334,
4,tier2,two,connectome,160,0.5666666666666667,4.462471401239422
4,tier2,two,linear,160,0.76,
4,tier2,two,mlp,160,0.54,
4,tier2,two,connectome,200,0.5433333333333333,5.041776761969001
4,tier2,two,linear,200,0.7833333333333333,
4,tier2,two,mlp,200,0.4666666666666667,
4,tier2,two,connectome,240,0.5466666666666666,5.413277152968613
4,tier2,two,linear,240,0.7866666666666666,
4,tier2,two,mlp,240,0.5633333333333334,
4,tier2,two,connectome,280,0.5,5.6883001844400285
4,tier2,two,linear,280,0.79,
4,tier2,two,mlp,280,0.53,
4,tier2,two,connectome,320,0.5466666666666666,5.877936976433387
4,tier2,two,linear,320,0.77,
4,tier2,two,mlp,320,0.5466666666666666,
4,tier2,two,connectome,360,0.56,6.204400910051828
4,tier2,two,linear,360,0.7966666666666666,
4,tier2,two,mlp,360,0.53,
4,tier2,two,connectome,400,0.5466666666666666,6.426343465914719
4,tier2,two,linear,400,0.77,
4,tier2,two,mlp,400,0.4666666666666667,
4,tier2,two,connectome,440,0.54,6.597010412030737
4,tier2,two,linear,440,0.7733333333333333,
4,tier2,two,mlp,440,0.5533333333333333,
4,tier2,two,connectome,480,0.5466666666666666,6.739700347941178
4,tier2,two,linear,480,0.77,
4,tier2,two,mlp,480,0.49666666666666665,
4,tier2,two,connectome,520,0.5466666666666666,6.824141242038371
4,tier2,two,linear,520,0.7833333333333333,
4,tier2,two,mlp,520,0.5166666666666667,
4,tier2,two,connectome,560,0.5466666666666666,6.967017449768983
4,tier2,two,linear,560,0.79,
4,tier2,two,mlp,560,0.54,
4,tier2,two,connectome,600,0.5566666666666666,7.026822783103655
4,tier2,two,linear,600,0.82,
4,tier2,two,mlp,600,0.5133333333333333,
4,tier2,two,connectome,640,0.56,7.159515071764957
4,tier2,two,linear,640,0.8,
4,tier2,two,mlp,640,0.56,
4,tier2,two,connectome,680,0.5633333333333334,7.235607428174518
4,tier2,two,linear,680,0.8,
4,tier2,two,mlp,680,0.5766666666666667,
4,tier2,two,connectome,720,0.55,7.277629206472932
4,tier2,two,linear,720,0.78,
4,tier2,two,mlp,720,0.6333333333333333,
4,tier2,two,connectome,760,0.56,7.367972946475521
4,tier2,two,linear,760,0.7833333333333333,
4,tier2,two,mlp,760,0.6233333333333333,
4,tier2,two,connectome,800,0.5566666666666666,7.404103957928551
4,tier2,two,linear,800,0.8,
4,tier2,two,mlp,800,0.5366666666666666,
4,tier3,two,connectome,40,0.5,3.244395149475903
4,tier3,two,linear,40,0.7833333333333333,
4,tier3,two,mlp,40,0.5233333333333333,
4,tier3,two,connectome,80,0.5833333333333334,4.499743883863495
4,tier3,two,linear,80,0.7533333333333333,
4,tier3,two,mlp,80,0.5366666666666666,
4,tier3,two,connectome,120,0.5333333333333333,5.6649208459186555
4,tier3,two,linear,120,0.7566666666666667,
4,tier3,two,mlp,120,0.47333333333333333,
4,tier3,two,connectome,160,0.5233333333333333,6.22396199412971
4,tier3,two,linear,160,0.7566666666666667,
4,tier3,two,mlp,160,0.5333333333333333,
4,tier3,two,connectome,200,0.54,6.699945618484836
4,tier3,two,linear,200,0.7533333333333333,
4,tier3,two,mlp,200,0.5333333333333333,
4,tier3,two,connectome,240,0.54,7.01914940129664
4,tier3,two,linear,240,0.7533333333333333,
4,tier3,two,mlp,240,0.5966666666666667,
4,tier3,two,connectome,280,0.5366666666666666,7.338561071088634
4,tier3,two,linear,280,0.77,
4,tier3,two,mlp,280,0.54,
4,tier3,two,connectome,320,0.54,7.55624162598763
4,tier3,two,linear,320,0.7566666666666667,
4,tier3,two,mlp,320,0.5333333333333333,
4,tier3,two,connectome,360,0.5433333333333333,7.839805824366853
4,tier3,two,linear,360,0.7633333333333333,
4,tier3,two,mlp,360,0.5733333333333334,
4,tier3,two,connectome,400,0.5366666666666666,8.1382724040997
4,tier3,two,linear,400,0.7533333333333333,
4,tier3,two,mlp,400,0.58,
4,tier3,two,connectome,440,0.5366666666666666,8.366824113008633
4,tier3,two,linear,440,0.7733333333333333,
4,tier3,two,mlp,440,0.5633333333333334,
4,tier3,two,connectome,480,0.5333333333333333,8.525420899473616
4,tier3,two,linear,480,0.77,
4,tier3,two,mlp,480,0.57,
4,tier3,two,connectome,520,0.5266666666666666,8.67842825985349
4,tier3,two,linear,520,0.7633333333333333,
4,tier3,two,mlp,520,0.5666666666666667,
4,tier3,two,connectome,560,0.53,8.77611479686279
4,tier3,two,linear,560,0.7733333333333333,
4,tier3,two,mlp,560,0.5733333333333334,
4,tier3,two,connectome,600,0.5333333333333333,8.924864606458772
4,tier3,two,linear,600,0.7633333333333333,
4,tier3,two,mlp,600,0.5633333333333334,
