round,agent,a,b,c,label,pred,correct,drift_pct
0,connectome,42,40,82,True,False,False,0.07738937031184018
0,linear,42,40,82,True,False,False,
0,mlp,42,40,82,True,True,True,
1,connectome,34,8,39,False,False,True,0.29132223294069076
1,linear,34,8,39,False,True,False,
1,mlp,34,8,39,False,True,False,
2,connectome,11,28,39,True,False,False,0.34310260038115137
2,linear,11,28,39,True,False,False,
2,mlp,11,28,39,True,True,True,
3,connectome,1,9,1,False,True,False,0.5046069040050425
3,linear,1,9,1,False,False,True,
3,mlp,1,9,1,False,True,False,
4,connectome,1,0,4,False,True,False,0.650403224493324
4,linear,1,0,4,False,False,True,
4,mlp,1,0,4,False,True,False,
5,connectome,16,3,19,True,False,False,0.6882307478716545
5,linear,16,3,19,True,False,False,
5,mlp,16,3,19,True,True,True,
6,connectome,43,12,55,True,False,False,0.7331472093277154
6,linear,43,12,55,True,True,True,
6,mlp,43,12,55,True,True,True,
7,connectome,44,2,45,False,True,False,0.8751568239700351
7,linear,44,2,45,False,True,False,
7,mlp,44,2,45,False,True,False,
8,connectome,44,32,77,False,True,False,1.0256205886075835
8,linear,44,32,77,False,True,False,
8,mlp,44,32,77,False,True,False,
9,connectome,6,7,13,True,False,False,1.0578953601520877
9,linear,6,7,13,True,True,True,
9,mlp,6,7,13,True,False,False,
10,connectome,45,21,66,True,False,False,1.0935756319447054
10,linear,45,21,66,True,True,True,
10,mlp,45,21,66,True,True,True,
11,connectome,41,14,53,False,False,True,1.2155932897237494
11,linear,41,14,53,False,True,False,
11,mlp,41,14,53,False,True,False,
12,connectome,15,38,53,True,False,False,1.2478228442607122
12,linear,15,38,53,True,True,True,
12,mlp,15,38,53,True,False,False,
13,connectome,20,28,48,True,True,True,1.2871746734916862
13,linear,20,28,48,True,True,True,
13,mlp,20,28,48,True,True,True,
14,connectome,47,38,85,True,True,True,1.3185092650428312
14,linear,47,38,85,True,True,True,
14,mlp,47,38,85,True,True,True,
15,connectome,11,27,38,True,True,True,1.353441668192265
15,linear,11,27,38,True,True,True,
15,mlp,11,27,38,True,True,True,
16,connectome,22,22,44,True,True,True,1.3895563093402796
16,linear,22,22,44,True,True,True,
16,mlp,22,22,44,True,True,True,
17,connectome,31,40,71,True,True,True,1.4420717710232873
17,linear,31,40,71,True,True,True,
17,mlp,31,40,71,True,True,True,
18,connectome,30,37,76,False,True,False,1.5685538334889124
18,linear,30,37,76,False,False,True,
18,mlp,30,37,76,False,True,False,
19,connectome,29,0,92,False,True,False,1.6991394387232888
19,linear,29,0,92,False,False,True,
19,mlp,29,0,92,False,True,False,
20,connectome,38,16,68,False,True,False,1.8226274836561769
20,linear,38,16,68,False,False,True,
20,mlp,38,16,68,False,True,False,
21,connectome,0,31,13,False,True,False,1.9016224699733912
21,linear,0,31,13,False,False,True,
21,mlp,0,31,13,False,True,False,
22,connectome,15,19,34,True,False,False,1.931575360100773
22,linear,15,19,34,True,True,True,
22,mlp,15,19,34,True,True,True,
23,connectome,10,39,48,False,True,False,2.039440412389379
23,linear,10,39,48,False,True,False,
23,mlp,10,39,48,False,True,False,
24,connectome,33,44,78,False,False,True,2.1383617154148093
24,linear,33,44,78,False,True,False,
24,mlp,33,44,78,False,True,False,
25,connectome,45,22,33,False,True,False,2.2351305617332717
25,linear,45,22,33,False,False,True,
25,mlp,45,22,33,False,True,False,
26,connectome,41,38,77,False,True,False,2.3206166123914196
26,linear,41,38,77,False,True,False,
26,mlp,41,38,77,False,True,False,
27,connectome,1,20,35,False,False,True,2.3980171627871765
27,linear,1,20,35,False,False,True,
27,mlp,1,20,35,False,True,False,
28,connectome,42,6,37,False,False,True,2.4682923392564193
28,linear,42,6,37,False,False,True,
28,mlp,42,6,37,False,True,False,
29,connectome,32,34,98,False,False,True,2.546588011572994
29,linear,32,34,98,False,False,True,
29,mlp,32,34,98,False,True,False,
30,connectome,28,44,51,False,False,True,2.652077780284429
30,linear,28,44,51,False,False,True,
30,mlp,28,44,51,False,False,True,
31,connectome,43,42,85,True,False,False,2.691398935060375
31,linear,43,42,85,True,True,True,
31,mlp,43,42,85,True,True,True,
32,connectome,31,4,53,False,False,True,2.7607114422337378
32,linear,31,4,53,False,False,True,
32,mlp,31,4,53,False,False,True,
33,connectome,43,26,69,True,False,False,2.790452630940926
33,linear,43,26,69,True,True,True,
33,mlp,43,26,69,True,False,False,
34,connectome,24,8,23,False,False,True,2.8805849873933216
34,linear,24,8,23,False,False,True,
34,mlp,24,8,23,False,False,True,
35,connectome,34,38,81,False,False,True,2.9601036645360144
35,linear,34,38,81,False,False,True,
35,mlp,34,38,81,False,False,True,
36,connectome,27,22,33,False,False,True,3.0606332308279147
36,linear,27,22,33,False,False,True,
36,mlp,27,22,33,False,False,True,
37,connectome,19,27,45,False,False,True,3.1490767439687666
37,linear,19,27,45,False,True,False,
37,mlp,19,27,45,False,False,True,
38,connectome,19,47,66,True,False,False,3.170565709598411
38,linear,19,47,66,True,True,True,
38,mlp,19,47,66,True,False,False,
39,connectome,48,35,86,False,False,True,3.240228509512094
39,linear,48,35,86,False,True,False,
39,mlp,48,35,86,False,False,True,
40,connectome,26,28,54,True,False,False,3.2617349579917545
40,linear,26,28,54,True,True,True,
40,mlp,26,28,54,True,False,False,
41,connectome,13,22,35,True,False,False,3.284092662332193
41,linear,13,22,35,True,True,True,
41,mlp,13,22,35,True,False,False,
42,connectome,38,1,36,False,False,True,3.3591061679607677
42,linear,38,1,36,False,True,False,
42,mlp,38,1,36,False,False,True,
43,connectome,0,23,23,True,True,True,3.3814873946812276
43,linear,0,23,23,True,True,True,
43,mlp,0,23,23,True,False,False,
44,connectome,30,37,67,True,True,True,3.4060698711537
44,linear,30,37,67,True,True,True,
44,mlp,30,37,67,True,False,False,
45,connectome,12,49,64,False,False,True,3.478449505959867
45,linear,12,49,64,False,True,False,
45,mlp,12,49,64,False,False,True,
46,connectome,8,13,98,False,False,True,3.5354337430419593
46,linear,8,13,98,False,False,True,
46,mlp,8,13,98,False,False,True,
47,connectome,27,43,70,True,False,False,3.5587021449332306
47,linear,27,43,70,True,True,True,
47,mlp,27,43,70,True,False,False,
48,connectome,32,44,76,True,False,False,3.5850465748173135
48,linear,32,44,76,True,True,True,
48,mlp,32,44,76,True,False,False,
49,connectome,8,42,50,True,False,False,3.6066607812270726
49,linear,8,42,50,True,True,True,
49,mlp,8,42,50,True,False,False,
50,connectome,34,13,67,False,False,True,3.646931095823886
50,linear,34,13,67,False,False,True,
50,mlp,34,13,67,False,False,True,
51,connectome,32,5,37,True,False,False,3.669092038634145
51,linear,32,5,37,True,True,True,
51,mlp,32,5,37,True,False,False,
52,connectome,47,17,46,False,False,True,3.725919565806094
52,linear,47,17,46,False,False,True,
52,mlp,47,17,46,False,False,True,
53,connectome,26,31,54,False,False,True,3.778846192334478
53,linear,26,31,54,False,True,False,
53,mlp,26,31,54,False,False,True,
54,connectome,38,45,83,True,False,False,3.8006908544944475
54,linear,38,45,83,True,True,True,
54,mlp,38,45,83,True,False,False,
55,connectome,34,48,82,True,False,False,3.8231575882449857
55,linear,34,48,82,True,True,True,
55,mlp,34,48,82,True,False,False,
56,connectome,24,48,71,False,False,True,3.8891785515653394
56,linear,24,48,71,False,True,False,
56,mlp,24,48,71,False,False,True,
57,connectome,16,26,37,False,False,True,3.9287991398815594
57,linear,16,26,37,False,True,False,
57,mlp,16,26,37,False,False,True,
58,connectome,26,48,75,False,False,True,3.965322402914947
58,linear,26,48,75,False,True,False,
58,mlp,26,48,75,False,False,True,
59,connectome,46,8,58,False,False,True,3.9985824125253524
59,linear,46,8,58,False,True,False,
59,mlp,46,8,58,False,False,True,
60,connectome,34,31,66,False,False,True,4.042414142605422
60,linear,34,31,66,False,True,False,
60,mlp,34,31,66,False,False,True,
61,connectome,25,38,79,False,False,True,4.069032894299755
61,linear,25,38,79,False,False,True,
61,mlp,25,38,79,False,False,True,
62,connectome,17,12,92,False,False,True,4.1186978567551575
62,linear,17,12,92,False,False,True,
62,mlp,17,12,92,False,False,True,
63,connectome,46,27,73,True,False,False,4.134850738689924
63,linear,46,27,73,True,True,True,
63,mlp,46,27,73,True,False,False,
64,connectome,45,20,68,False,False,True,4.175685590407253
64,linear,45,20,68,False,True,False,
64,mlp,45,20,68,False,False,True,
65,connectome,4,39,43,True,False,False,4.196219038816024
65,linear,4,39,43,True,True,True,
65,mlp,4,39,43,True,False,False,
66,connectome,37,3,40,True,False,False,4.214039466772315
66,linear,37,3,40,True,True,True,
66,mlp,37,3,40,True,False,False,
67,connectome,37,39,67,False,False,True,4.239785665315852
67,linear,37,39,67,False,False,True,
67,mlp,37,39,67,False,False,True,
68,connectome,6,27,33,True,False,False,4.254242710799067
68,linear,6,27,33,True,True,True,
68,mlp,6,27,33,True,False,False,
69,connectome,8,28,36,True,False,False,4.267259487310967
69,linear,8,28,36,True,True,True,
69,mlp,8,28,36,True,False,False,
70,connectome,36,3,36,False,False,True,4.301468021002239
70,linear,36,3,36,False,True,False,
70,mlp,36,3,36,False,False,True,
71,connectome,8,37,45,True,False,False,4.313021324032801
71,linear,8,37,45,True,True,True,
71,mlp,8,37,45,True,False,False,
72,connectome,0,38,83,False,True,False,4.357583519373538
72,linear,0,38,83,False,False,True,
72,mlp,0,38,83,False,False,True,
73,connectome,24,47,74,False,False,True,4.386253486179746
73,linear,24,47,74,False,True,False,
73,mlp,24,47,74,False,False,True,
74,connectome,23,2,25,True,False,False,4.404349507426289
74,linear,23,2,25,True,True,True,
74,mlp,23,2,25,True,False,False,
75,connectome,32,3,35,True,False,False,4.4242516660144835
75,linear,32,3,35,True,True,True,
75,mlp,32,3,35,True,False,False,
76,connectome,9,27,36,True,False,False,4.435394281004669
76,linear,9,27,36,True,True,True,
76,mlp,9,27,36,True,False,False,
77,connectome,37,3,40,True,False,False,4.4509104693288535
77,linear,37,3,40,True,True,True,
77,mlp,37,3,40,True,False,False,
78,connectome,48,7,54,False,False,True,4.482641524237861
78,linear,48,7,54,False,True,False,
78,mlp,48,7,54,False,False,True,
79,connectome,48,45,39,False,False,True,4.518095790460272
79,linear,48,45,39,False,False,True,
79,mlp,48,45,39,False,True,False,
80,connectome,36,40,76,True,False,False,4.532830018583741
80,linear,36,40,76,True,True,True,
80,mlp,36,40,76,True,False,False,
81,connectome,42,21,63,True,False,False,4.5629679090512925
81,linear,42,21,63,True,True,True,
81,mlp,42,21,63,True,False,False,
82,connectome,19,45,64,True,False,False,4.5748556113221595
82,linear,19,45,64,True,True,True,
82,mlp,19,45,64,True,True,True,
83,connectome,5,0,50,False,False,True,4.621736032575016
83,linear,5,0,50,False,False,True,
83,mlp,5,0,50,False,False,True,
84,connectome,28,25,35,False,False,True,4.653820876794347
84,linear,28,25,35,False,False,True,
84,mlp,28,25,35,False,True,False,
85,connectome,43,31,74,True,True,True,4.677657630246137
85,linear,43,31,74,True,True,True,
85,mlp,43,31,74,True,True,True,
86,connectome,12,27,39,True,False,False,4.692847048210023
86,linear,12,27,39,True,True,True,
86,mlp,12,27,39,True,False,False,
87,connectome,28,6,33,False,False,True,4.721373655646101
87,linear,28,6,33,False,True,False,
87,mlp,28,6,33,False,True,False,
88,connectome,43,4,47,True,False,False,4.739287855252477
88,linear,43,4,47,True,True,True,
88,mlp,43,4,47,True,False,False,
89,connectome,28,34,62,True,False,False,4.750923168743114
89,linear,28,34,62,True,True,True,
89,mlp,28,34,62,True,True,True,
90,connectome,32,33,56,False,True,False,4.781807417971347
90,linear,32,33,56,False,True,False,
90,mlp,32,33,56,False,True,False,
91,connectome,6,14,20,True,False,False,4.794317191832783
91,linear,6,14,20,True,True,True,
91,mlp,6,14,20,True,True,True,
92,connectome,35,24,60,False,False,True,4.828178611483738
92,linear,35,24,60,False,True,False,
92,mlp,35,24,60,False,True,False,
93,connectome,41,38,79,True,True,True,4.839741132744308
93,linear,41,38,79,True,True,True,
93,mlp,41,38,79,True,True,True,
94,connectome,42,6,48,True,False,False,4.852184153905683
94,linear,42,6,48,True,True,True,
94,mlp,42,6,48,True,True,True,
95,connectome,47,20,67,True,False,False,4.863466631695997
95,linear,47,20,67,True,True,True,
95,mlp,47,20,67,True,True,True,
96,connectome,38,13,51,True,False,False,4.875132460706661
96,linear,38,13,51,True,True,True,
96,mlp,38,13,51,True,True,True,
97,connectome,11,17,34,False,True,False,4.91031081576882
97,linear,11,17,34,False,True,False,
97,mlp,11,17,34,False,True,False,
98,connectome,12,40,51,False,True,False,4.9516313728465935
98,linear,12,40,51,False,True,False,
98,mlp,12,40,51,False,True,False,
99,connectome,42,27,69,True,True,True,4.96180130563589
99,linear,42,27,69,True,True,True,
99,mlp,42,27,69,True,True,True,
100,connectome,6,47,55,False,False,True,4.981461247283863
100,linear,6,47,55,False,True,False,
100,mlp,6,47,55,False,True,False,
101,connectome,45,25,89,False,False,True,4.995197999346421
101,linear,45,25,89,False,False,True,
101,mlp,45,25,89,False,True,False,
102,connectome,13,40,53,True,False,False,5.0118766382616675
102,linear,13,40,53,True,True,True,
102,mlp,13,40,53,True,True,True,
103,connectome,42,11,50,False,True,False,5.052826876789102
103,linear,42,11,50,False,True,False,
103,mlp,42,11,50,False,True,False,
104,connectome,35,23,55,False,False,True,5.06204478892753
104,linear,35,23,55,False,True,False,
104,mlp,35,23,55,False,True,False,
105,connectome,17,44,44,False,False,True,5.09247798062535
105,linear,17,44,44,False,False,True,
105,mlp,17,44,44,False,True,False,
106,connectome,42,37,79,True,True,True,5.100886595743037
106,linear,42,37,79,True,True,True,
106,mlp,42,37,79,True,True,True,
107,connectome,4,38,42,True,False,False,5.11577785164665
107,linear,4,38,42,True,True,True,
107,mlp,4,38,42,True,True,True,
108,connectome,7,6,13,True,False,False,5.124837146654932
108,linear,7,6,13,True,True,True,
108,mlp,7,6,13,True,True,True,
109,connectome,30,43,73,True,True,True,5.15191967067969
109,linear,30,43,73,True,True,True,
109,mlp,30,43,73,True,True,True,
110,connectome,11,24,35,True,True,True,5.160242460897298
110,linear,11,24,35,True,True,True,
110,mlp,11,24,35,True,True,True,
111,connectome,40,28,68,True,True,True,5.168290611434656
111,linear,40,28,68,True,True,True,
111,mlp,40,28,68,True,True,True,
112,connectome,49,7,56,True,False,False,5.174514506040345
112,linear,49,7,56,True,True,True,
112,mlp,49,7,56,True,True,True,
113,connectome,28,12,41,False,False,True,5.214296254446712
113,linear,28,12,41,False,True,False,
113,mlp,28,12,41,False,True,False,
114,connectome,30,8,38,True,True,True,5.224743687746263
114,linear,30,8,38,True,True,True,
114,mlp,30,8,38,True,True,True,
115,connectome,2,26,39,False,True,False,5.2629564298311955
115,linear,2,26,39,False,False,True,
115,mlp,2,26,39,False,True,False,
116,connectome,23,10,30,False,True,False,5.2964411735318055
116,linear,23,10,30,False,True,False,
116,mlp,23,10,30,False,True,False,
117,connectome,8,33,41,True,False,False,5.307031330461487
117,linear,8,33,41,True,True,True,
117,mlp,8,33,41,True,True,True,
118,connectome,17,43,6,False,False,True,5.339959801661589
118,linear,17,43,6,False,False,True,
118,mlp,17,43,6,False,True,False,
119,connectome,23,0,23,True,False,False,5.351236557791897
119,linear,23,0,23,True,True,True,
119,mlp,23,0,23,True,True,True,
120,connectome,37,17,67,False,False,True,5.355023025235359
120,linear,37,17,67,False,False,True,
120,mlp,37,17,67,False,True,False,
121,connectome,27,5,32,True,False,False,5.361169995300978
121,linear,27,5,32,True,True,True,
121,mlp,27,5,32,True,True,True,
122,connectome,25,17,24,False,False,True,5.383829040401692
122,linear,25,17,24,False,False,True,
122,mlp,25,17,24,False,True,False,
123,connectome,15,35,61,False,False,True,5.400974948217367
123,linear,15,35,61,False,False,True,
123,mlp,15,35,61,False,True,False,
124,connectome,0,5,9,False,True,False,5.4411518090340945
124,linear,0,5,9,False,False,True,
124,mlp,0,5,9,False,True,False,
125,connectome,27,1,27,False,False,True,5.46446884503541
125,linear,27,1,27,False,True,False,
125,mlp,27,1,27,False,True,False,
126,connectome,41,15,97,False,True,False,5.4884966383573754
126,linear,41,15,97,False,False,True,
126,mlp,41,15,97,False,True,False,
127,connectome,12,26,40,False,False,True,5.521862180807877
127,linear,12,26,40,False,True,False,
127,mlp,12,26,40,False,True,False,
128,connectome,39,46,85,True,False,False,5.526082222931735
128,linear,39,46,85,True,True,True,
128,mlp,39,46,85,True,True,True,
129,connectome,5,25,3,False,False,True,5.545775540929737
129,linear,5,25,3,False,False,True,
129,mlp,5,25,3,False,True,False,
130,connectome,18,41,59,True,False,False,5.555136812438295
130,linear,18,41,59,True,True,True,
130,mlp,18,41,59,True,True,True,
131,connectome,8,13,22,False,False,True,5.581375709482282
131,linear,8,13,22,False,True,False,
131,mlp,8,13,22,False,True,False,
132,connectome,47,42,90,False,False,True,5.623024308400356
132,linear,47,42,90,False,True,False,
132,mlp,47,42,90,False,True,False,
133,connectome,26,26,54,False,False,True,5.626986875823978
133,linear,26,26,54,False,True,False,
133,mlp,26,26,54,False,False,True,
134,connectome,29,17,9,False,False,True,5.642591749878243
134,linear,29,17,9,False,False,True,
134,mlp,29,17,9,False,False,True,
135,connectome,22,26,91,False,True,False,5.668085559641549
135,linear,22,26,91,False,False,True,
135,mlp,22,26,91,False,False,True,
136,connectome,36,16,89,False,False,True,5.673333593346347
136,linear,36,16,89,False,False,True,
136,mlp,36,16,89,False,False,True,
137,connectome,7,2,9,True,False,False,5.683614144895745
137,linear,7,2,9,True,True,True,
137,mlp,7,2,9,True,False,False,
138,connectome,32,6,35,False,False,True,5.703544593913964
138,linear,32,6,35,False,True,False,
138,mlp,32,6,35,False,False,True,
139,connectome,38,42,80,True,False,False,5.713073065042675
139,linear,38,42,80,True,True,True,
139,mlp,38,42,80,True,False,False,
140,connectome,14,44,58,True,False,False,5.720325586969305
140,linear,14,44,58,True,True,True,
140,mlp,14,44,58,True,False,False,
141,connectome,45,30,75,True,False,False,5.731442772359467
141,linear,45,30,75,True,True,True,
141,mlp,45,30,75,True,False,False,
142,connectome,40,3,34,False,True,False,5.770703531835358
142,linear,40,3,34,False,False,True,
142,mlp,40,3,34,False,False,True,
143,connectome,6,35,41,True,False,False,5.775443609279692
143,linear,6,35,41,True,True,True,
143,mlp,6,35,41,True,False,False,
144,connectome,14,12,79,False,False,True,5.79113939415404
144,linear,14,12,79,False,False,True,
144,mlp,14,12,79,False,False,True,
145,connectome,8,31,39,True,False,False,5.799743499321906
145,linear,8,31,39,True,True,True,
145,mlp,8,31,39,True,False,False,
146,connectome,6,12,18,True,False,False,5.806821192748376
146,linear,6,12,18,True,True,True,
146,mlp,6,12,18,True,False,False,
147,connectome,18,35,35,False,False,True,5.816291175797033
147,linear,18,35,35,False,False,True,
147,mlp,18,35,35,False,False,True,
148,connectome,15,33,50,False,False,True,5.833037838892342
148,linear,15,33,50,False,True,False,
148,mlp,15,33,50,False,False,True,
149,connectome,31,11,42,True,True,True,5.853153923990732
149,linear,31,11,42,True,True,True,
149,mlp,31,11,42,True,False,False,
150,connectome,27,43,7,False,False,True,5.87789692481335
150,linear,27,43,7,False,False,True,
150,mlp,27,43,7,False,False,True,
151,connectome,29,1,3,False,False,True,5.907117442460063
151,linear,29,1,3,False,False,True,
151,mlp,29,1,3,False,False,True,
152,connectome,27,17,44,True,False,False,5.910260541022936
152,linear,27,17,44,True,True,True,
152,mlp,27,17,44,True,False,False,
153,connectome,15,8,22,False,False,True,5.9330473698637665
153,linear,15,8,22,False,True,False,
153,mlp,15,8,22,False,False,True,
154,connectome,15,18,26,False,False,True,5.942907061532781
154,linear,15,18,26,False,False,True,
154,mlp,15,18,26,False,False,True,
155,connectome,49,21,38,False,False,True,5.960547575068906
155,linear,49,21,38,False,False,True,
155,mlp,49,21,38,False,False,True,
156,connectome,16,29,46,False,False,True,5.967208858794996
156,linear,16,29,46,False,True,False,
156,mlp,16,29,46,False,False,True,
157,connectome,1,28,29,True,False,False,5.976710628843682
157,linear,1,28,29,True,True,True,
157,mlp,1,28,29,True,False,False,
158,connectome,38,39,78,False,False,True,5.977652795524543
158,linear,38,39,78,False,True,False,
158,mlp,38,39,78,False,False,True,
159,connectome,13,13,26,True,False,False,5.982960588789395
159,linear,13,13,26,True,True,True,
159,mlp,13,13,26,True,False,False,
160,connectome,49,29,78,True,False,False,5.985335713431567
160,linear,49,29,78,True,True,True,
160,mlp,49,29,78,True,False,False,
161,connectome,30,32,62,True,True,True,6.009980174554096
161,linear,30,32,62,True,True,True,
161,mlp,30,32,62,True,False,False,
162,connectome,0,20,18,False,False,True,6.0522174687127075
162,linear,0,20,18,False,True,False,
162,mlp,0,20,18,False,True,False,
163,connectome,2,39,38,False,False,True,6.071669841250491
163,linear,2,39,38,False,True,False,
163,mlp,2,39,38,False,False,True,
164,connectome,30,6,36,True,True,True,6.079966883998075
164,linear,30,6,36,True,True,True,
164,mlp,30,6,36,True,False,False,
165,connectome,48,7,52,False,False,True,6.092054208629125
165,linear,48,7,52,False,True,False,
165,mlp,48,7,52,False,False,True,
166,connectome,0,17,31,False,False,True,6.122839282417267
166,linear,0,17,31,False,False,True,
166,mlp,0,17,31,False,False,True,
167,connectome,41,36,80,False,True,False,6.15143613912341
167,linear,41,36,80,False,True,False,
167,mlp,41,36,80,False,False,True,
168,connectome,24,0,69,False,False,True,6.165433226716205
168,linear,24,0,69,False,False,True,
168,mlp,24,0,69,False,False,True,
169,connectome,7,32,42,False,False,True,6.185167867814246
169,linear,7,32,42,False,True,False,
169,mlp,7,32,42,False,False,True,
170,connectome,9,28,0,False,False,True,6.204918402412301
170,linear,9,28,0,False,False,True,
170,mlp,9,28,0,False,False,True,
171,connectome,12,30,42,True,True,True,6.2190280159852
171,linear,12,30,42,True,True,True,
171,mlp,12,30,42,True,True,True,
172,connectome,32,5,73,False,True,False,6.233321358418266
172,linear,32,5,73,False,False,True,
172,mlp,32,5,73,False,False,True,
173,connectome,22,26,84,False,True,False,6.240729636645038
173,linear,22,26,84,False,False,True,
173,mlp,22,26,84,False,False,True,
174,connectome,38,10,70,False,False,True,6.263577496525925
174,linear,38,10,70,False,False,True,
174,mlp,38,10,70,False,False,True,
175,connectome,16,40,10,False,False,True,6.289922562150009
175,linear,16,40,10,False,False,True,
175,mlp,16,40,10,False,False,True,
176,connectome,25,23,84,False,False,True,6.2984923373578425
176,linear,25,23,84,False,False,True,
176,mlp,25,23,84,False,False,True,
177,connectome,13,12,25,True,False,False,6.30316057618211
177,linear,13,12,25,True,True,True,
177,mlp,13,12,25,True,False,False,
178,connectome,23,4,29,False,False,True,6.3242970239814325
178,linear,23,4,29,False,True,False,
178,mlp,23,4,29,False,False,True,
179,connectome,28,2,84,False,False,True,6.332144598548607
179,linear,28,2,84,False,False,True,
179,mlp,28,2,84,False,False,True,
180,connectome,11,17,82,False,True,False,6.344659140460046
180,linear,11,17,82,False,False,True,
180,mlp,11,17,82,False,False,True,
181,connectome,24,6,31,False,False,True,6.356349127590733
181,linear,24,6,31,False,True,False,
181,mlp,24,6,31,False,False,True,
182,connectome,22,16,38,True,True,True,6.360519581994546
182,linear,22,16,38,True,True,True,
182,mlp,22,16,38,True,False,False,
183,connectome,0,43,36,False,True,False,6.39767286336851
183,linear,0,43,36,False,False,True,
183,mlp,0,43,36,False,False,True,
184,connectome,4,33,37,True,False,False,6.402688216233095
184,linear,4,33,37,True,True,True,
184,mlp,4,33,37,True,False,False,
185,connectome,12,14,62,False,True,False,6.409818040339612
185,linear,12,14,62,False,False,True,
185,mlp,12,14,62,False,False,True,
186,connectome,31,11,42,True,True,True,6.4274827119957605
186,linear,31,11,42,True,True,True,
186,mlp,31,11,42,True,False,False,
187,connectome,39,2,41,True,False,False,6.437346853844779
187,linear,39,2,41,True,True,True,
187,mlp,39,2,41,True,False,False,
188,connectome,34,4,38,True,False,False,6.441590418348658
188,linear,34,4,38,True,True,True,
188,mlp,34,4,38,True,False,False,
189,connectome,40,6,46,True,True,True,6.450493957056797
189,linear,40,6,46,True,True,True,
189,mlp,40,6,46,True,False,False,
190,connectome,42,11,53,True,True,True,6.467782270632601
190,linear,42,11,53,True,True,True,
190,mlp,42,11,53,True,False,False,
191,connectome,12,1,13,True,True,True,6.472468310176885
191,linear,12,1,13,True,True,True,
191,mlp,12,1,13,True,False,False,
192,connectome,31,12,41,False,True,False,6.505121823826736
192,linear,31,12,41,False,True,False,
192,mlp,31,12,41,False,False,True,
193,connectome,31,1,38,False,False,True,6.534688184033764
193,linear,31,1,38,False,True,False,
193,mlp,31,1,38,False,False,True,
194,connectome,31,19,49,False,True,False,6.547506609665482
194,linear,31,19,49,False,True,False,
194,mlp,31,19,49,False,False,True,
195,connectome,25,20,45,True,False,False,6.553267685550749
195,linear,25,20,45,True,True,True,
195,mlp,25,20,45,True,False,False,
196,connectome,8,27,35,True,False,False,6.555576057492859
196,linear,8,27,35,True,True,True,
196,mlp,8,27,35,True,False,False,
197,connectome,33,34,67,True,True,True,6.558808795395814
197,linear,33,34,67,True,True,True,
197,mlp,33,34,67,True,False,False,
198,connectome,6,5,12,False,False,True,6.569747337845814
198,linear,6,5,12,False,True,False,
198,mlp,6,5,12,False,False,True,
199,connectome,16,4,20,True,False,False,6.576045614031571
199,linear,16,4,20,True,True,True,
199,mlp,16,4,20,True,False,False,
200,connectome,27,17,44,True,False,False,6.578070445933423
200,linear,27,17,44,True,True,True,
200,mlp,27,17,44,True,False,False,
201,connectome,10,9,19,True,True,True,6.5864672998610985
201,linear,10,9,19,True,True,True,
201,mlp,10,9,19,True,False,False,
202,connectome,26,5,31,True,False,False,6.590039522924364
202,linear,26,5,31,True,True,True,
202,mlp,26,5,31,True,False,False,
203,connectome,22,31,55,False,True,False,6.605025821958064
203,linear,22,31,55,False,True,False,
203,mlp,22,31,55,False,True,False,
204,connectome,29,39,68,True,False,False,6.606069707039018
204,linear,29,39,68,True,True,True,
204,mlp,29,39,68,True,False,False,
205,connectome,44,7,51,True,False,False,6.616492664348547
205,linear,44,7,51,True,True,True,
205,mlp,44,7,51,True,False,False,
206,connectome,29,43,65,False,False,True,6.6239238292153395
206,linear,29,43,65,False,True,False,
206,mlp,29,43,65,False,False,True,
207,connectome,23,7,30,True,False,False,6.63659094872692
207,linear,23,7,30,True,True,True,
207,mlp,23,7,30,True,False,False,
208,connectome,37,22,62,False,False,True,6.643862542853567
208,linear,37,22,62,False,True,False,
208,mlp,37,22,62,False,False,True,
209,connectome,4,16,2,False,False,True,6.659918156568245
209,linear,4,16,2,False,False,True,
209,mlp,4,16,2,False,False,True,
210,connectome,34,12,80,False,False,True,6.6834011207097115
210,linear,34,12,80,False,False,True,
210,mlp,34,12,80,False,False,True,
211,connectome,1,1,2,True,True,True,6.691332612956963
211,linear,1,1,2,True,True,True,
211,mlp,1,1,2,True,True,True,
212,connectome,24,8,91,False,False,True,6.698231663443269
212,linear,24,8,91,False,False,True,
212,mlp,24,8,91,False,False,True,
213,connectome,6,22,82,False,False,True,6.709634931833694
213,linear,6,22,82,False,False,True,
213,mlp,6,22,82,False,False,True,
214,connectome,38,34,14,False,False,True,6.7233891667462675
214,linear,38,34,14,False,False,True,
214,mlp,38,34,14,False,False,True,
215,connectome,29,48,41,False,False,True,6.733158583335198
215,linear,29,48,41,False,False,True,
215,mlp,29,48,41,False,False,True,
216,connectome,36,3,95,False,False,True,6.737714296179363
216,linear,36,3,95,False,False,True,
216,mlp,36,3,95,False,False,True,
217,connectome,45,26,74,False,False,True,6.739400278660904
217,linear,45,26,74,False,True,False,
217,mlp,45,26,74,False,False,True,
218,connectome,13,25,38,True,False,False,6.74210916680338
218,linear,13,25,38,True,True,True,
218,mlp,13,25,38,True,True,True,
219,connectome,9,13,23,False,False,True,6.751433565391904
219,linear,9,13,23,False,True,False,
219,mlp,9,13,23,False,False,True,
220,connectome,37,7,4,False,False,True,6.7574622878174155
220,linear,37,7,4,False,False,True,
220,mlp,37,7,4,False,False,True,
221,connectome,25,6,88,False,False,True,6.76058440696027
221,linear,25,6,88,False,False,True,
221,mlp,25,6,88,False,False,True,
222,connectome,14,41,55,True,False,False,6.768205658087237
222,linear,14,41,55,True,True,True,
222,mlp,14,41,55,True,True,True,
223,connectome,1,47,84,False,True,False,6.7826636571804535
223,linear,1,47,84,False,False,True,
223,mlp,1,47,84,False,False,True,
224,connectome,21,29,50,True,False,False,6.800012366056313
224,linear,21,29,50,True,True,True,
224,mlp,21,29,50,True,False,False,
225,connectome,42,49,91,True,True,True,6.814272014269349
225,linear,42,49,91,True,True,True,
225,mlp,42,49,91,True,False,False,
226,connectome,41,16,11,False,False,True,6.836699650009852
226,linear,41,16,11,False,False,True,
226,mlp,41,16,11,False,False,True,
227,connectome,35,17,52,True,False,False,6.841921618374625
227,linear,35,17,52,True,True,True,
227,mlp,35,17,52,True,False,False,
228,connectome,46,35,81,True,False,False,6.848092746560266
228,linear,46,35,81,True,True,True,
228,mlp,46,35,81,True,False,False,
229,connectome,15,18,33,True,False,False,6.853685351345379
229,linear,15,18,33,True,True,True,
229,mlp,15,18,33,True,False,False,
230,connectome,35,26,61,True,False,False,6.857464825648834
230,linear,35,26,61,True,True,True,
230,mlp,35,26,61,True,False,False,
231,connectome,2,25,30,False,False,True,6.8733964700633985
231,linear,2,25,30,False,True,False,
231,mlp,2,25,30,False,False,True,
232,connectome,11,11,0,False,True,False,6.89522206002335
232,linear,11,11,0,False,False,True,
232,mlp,11,11,0,False,False,True,
233,connectome,0,49,49,True,True,True,6.900842637368489
233,linear,0,49,49,True,True,True,
233,mlp,0,49,49,True,True,True,
234,connectome,48,21,66,False,False,True,6.910898136957681
234,linear,48,21,66,False,True,False,
234,mlp,48,21,66,False,False,True,
235,connectome,25,21,46,True,False,False,6.914732920641186
235,linear,25,21,46,True,True,True,
235,mlp,25,21,46,True,True,True,
236,connectome,40,34,73,False,True,False,6.936755590001319
236,linear,40,34,73,False,True,False,
236,mlp,40,34,73,False,True,False,
237,connectome,15,17,32,True,False,False,6.940124376264398
237,linear,15,17,32,True,True,True,
237,mlp,15,17,32,True,False,False,
238,connectome,49,40,89,True,False,False,6.94431581008823
238,linear,49,40,89,True,True,True,
238,mlp,49,40,89,True,False,False,
239,connectome,33,28,61,True,True,True,6.955399301258362
239,linear,33,28,61,True,True,True,
239,mlp,33,28,61,True,False,False,
240,connectome,7,7,14,True,False,False,6.9583707500210785
240,linear,7,7,14,True,True,True,
240,mlp,7,7,14,True,False,False,
241,connectome,0,32,35,False,True,False,6.98633250246664
241,linear,0,32,35,False,True,False,
241,mlp,0,32,35,False,True,False,
242,connectome,23,40,63,True,True,True,6.997240529396612
242,linear,23,40,63,True,True,True,
242,mlp,23,40,63,True,True,True,
243,connectome,13,47,61,False,False,True,7.009647631247954
243,linear,13,47,61,False,True,False,
243,mlp,13,47,61,False,False,True,
244,connectome,21,46,67,True,True,True,7.0131022424111125
244,linear,21,46,67,True,True,True,
244,mlp,21,46,67,True,True,True,
245,connectome,40,20,60,True,True,True,7.033437022069702
245,linear,40,20,60,True,True,True,
245,mlp,40,20,60,True,True,True,
246,connectome,18,39,90,False,False,True,7.039564919935303
246,linear,18,39,90,False,False,True,
246,mlp,18,39,90,False,False,True,
247,connectome,46,43,89,True,False,False,7.041701006337256
247,linear,46,43,89,True,True,True,
247,mlp,46,43,89,True,True,True,
248,connectome,19,23,24,False,False,True,7.048491981023464
248,linear,19,23,24,False,False,True,
248,mlp,19,23,24,False,False,True,
249,connectome,13,2,15,True,False,False,7.051804822166493
249,linear,13,2,15,True,True,True,
249,mlp,13,2,15,True,True,True,
250,connectome,6,45,51,True,False,False,7.0555830249899465
250,linear,6,45,51,True,True,True,
250,mlp,6,45,51,True,False,False,
251,connectome,47,4,15,False,False,True,7.066075277959538
251,linear,47,4,15,False,False,True,
251,mlp,47,4,15,False,True,False,
252,connectome,28,40,86,False,False,True,7.076805297689347
252,linear,28,40,86,False,False,True,
252,mlp,28,40,86,False,True,False,
253,connectome,32,48,80,True,True,True,7.0868004019784845
253,linear,32,48,80,True,True,True,
253,mlp,32,48,80,True,True,True,
254,connectome,8,36,44,True,False,False,7.08844824005999
254,linear,8,36,44,True,True,True,
254,mlp,8,36,44,True,True,True,
255,connectome,44,46,11,False,False,True,7.1158238402250165
255,linear,44,46,11,False,False,True,
255,mlp,44,46,11,False,False,True,
256,connectome,19,24,43,True,False,False,7.118698656507644
256,linear,19,24,43,True,True,True,
256,mlp,19,24,43,True,False,False,
257,connectome,32,14,46,True,True,True,7.121127183309865
257,linear,32,14,46,True,True,True,
257,mlp,32,14,46,True,True,True,
258,connectome,2,48,50,True,False,False,7.1347612633623285
258,linear,2,48,50,True,True,True,
258,mlp,2,48,50,True,True,True,
259,connectome,28,29,54,False,False,True,7.136131918803581
259,linear,28,29,54,False,True,False,
259,mlp,28,29,54,False,True,False,
260,connectome,0,44,44,True,True,True,7.1455599430122
260,linear,0,44,44,True,True,True,
260,mlp,0,44,44,True,True,True,
261,connectome,34,20,76,False,True,False,7.150714522936912
261,linear,34,20,76,False,False,True,
261,mlp,34,20,76,False,True,False,
262,connectome,34,14,84,False,True,False,7.152595041858631
262,linear,34,14,84,False,False,True,
262,mlp,34,14,84,False,True,False,
263,connectome,35,29,64,True,False,False,7.155323637941126
263,linear,35,29,64,True,True,True,
263,mlp,35,29,64,True,True,True,
264,connectome,48,17,64,False,False,True,7.157686683523286
264,linear,48,17,64,False,True,False,
264,mlp,48,17,64,False,True,False,
265,connectome,23,49,72,True,True,True,7.166447180731295
265,linear,23,49,72,True,True,True,
265,mlp,23,49,72,True,True,True,
266,connectome,32,0,30,False,True,False,7.205340482486849
266,linear,32,0,30,False,True,False,
266,mlp,32,0,30,False,True,False,
267,connectome,33,36,69,True,True,True,7.206563010507967
267,linear,33,36,69,True,True,True,
267,mlp,33,36,69,True,True,True,
268,connectome,33,46,79,True,True,True,7.2079781677492605
268,linear,33,46,79,True,True,True,
268,mlp,33,46,79,True,True,True,
269,connectome,19,41,60,True,False,False,7.213423280854238
269,linear,19,41,60,True,True,True,
269,mlp,19,41,60,True,False,False,
270,connectome,12,47,30,False,False,True,7.23838815493706
270,linear,12,47,30,False,False,True,
270,mlp,12,47,30,False,True,False,
271,connectome,23,44,67,True,True,True,7.241492473359898
271,linear,23,44,67,True,True,True,
271,mlp,23,44,67,True,True,True,
272,connectome,3,14,17,True,False,False,7.244337409862498
272,linear,3,14,17,True,True,True,
272,mlp,3,14,17,True,True,True,
273,connectome,24,2,70,False,True,False,7.258239136455207
273,linear,24,2,70,False,False,True,
273,mlp,24,2,70,False,False,True,
274,connectome,8,40,51,False,False,True,7.276598671931991
274,linear,8,40,51,False,True,False,
274,mlp,8,40,51,False,True,False,
275,connectome,24,25,49,True,False,False,7.277611405752916
275,linear,24,25,49,True,True,True,
275,mlp,24,25,49,True,True,True,
276,connectome,27,16,40,False,False,True,7.281689677856645
276,linear,27,16,40,False,True,False,
276,mlp,27,16,40,False,True,False,
277,connectome,45,1,46,True,False,False,7.286467263961012
277,linear,45,1,46,True,True,True,
277,mlp,45,1,46,True,True,True,
278,connectome,49,47,96,True,False,False,7.287357299961825
278,linear,49,47,96,True,True,True,
278,mlp,49,47,96,True,True,True,
279,connectome,11,12,32,False,True,False,7.288574106322938
279,linear,11,12,32,False,False,True,
279,mlp,11,12,32,False,True,False,
280,connectome,37,48,85,True,False,False,7.289445705863735
280,linear,37,48,85,True,True,True,
280,mlp,37,48,85,True,True,True,
281,connectome,11,47,58,True,True,True,7.293022379107004
281,linear,11,47,58,True,True,True,
281,mlp,11,47,58,True,True,True,
282,connectome,44,1,45,True,False,False,7.299224658552674
282,linear,44,1,45,True,True,True,
282,mlp,44,1,45,True,True,True,
283,connectome,38,31,38,False,False,True,7.309170810861767
283,linear,38,31,38,False,False,True,
283,mlp,38,31,38,False,True,False,
284,connectome,26,30,65,False,False,True,7.315447471887505
284,linear,26,30,65,False,True,False,
284,mlp,26,30,65,False,True,False,
285,connectome,2,16,18,True,False,False,7.318101686389931
285,linear,2,16,18,True,True,True,
285,mlp,2,16,18,True,True,True,
286,connectome,24,24,48,True,False,False,7.318684659970464
286,linear,24,24,48,True,True,True,
286,mlp,24,24,48,True,True,True,
287,connectome,18,13,31,True,False,False,7.323291232014675
287,linear,18,13,31,True,True,True,
287,mlp,18,13,31,True,False,False,
288,connectome,1,48,49,True,True,True,7.327717253898721
288,linear,1,48,49,True,True,True,
288,mlp,1,48,49,True,True,True,
289,connectome,26,16,36,False,False,True,7.330837465821573
289,linear,26,16,36,False,True,False,
289,mlp,26,16,36,False,True,False,
290,connectome,24,13,34,False,False,True,7.331457948062141
290,linear,24,13,34,False,True,False,
290,mlp,24,13,34,False,True,False,
291,connectome,39,43,82,True,False,False,7.3342984343847375
291,linear,39,43,82,True,True,True,
291,mlp,39,43,82,True,True,True,
292,connectome,25,16,53,False,False,True,7.335044157405419
292,linear,25,16,53,False,False,True,
292,mlp,25,16,53,False,True,False,
293,connectome,43,15,58,True,True,True,7.336973628307183
293,linear,43,15,58,True,True,True,
293,mlp,43,15,58,True,True,True,
294,connectome,29,20,51,False,False,True,7.350720234339749
294,linear,29,20,51,False,True,False,
294,mlp,29,20,51,False,False,True,
295,connectome,35,44,97,False,True,False,7.352305134161199
295,linear,35,44,97,False,False,True,
295,mlp,35,44,97,False,True,False,
296,connectome,1,37,38,True,True,True,7.355429796264055
296,linear,1,37,38,True,True,True,
296,mlp,1,37,38,True,True,True,
297,connectome,17,31,48,True,False,False,7.358387258746759
297,linear,17,31,48,True,True,True,
297,mlp,17,31,48,True,True,True,
298,connectome,32,38,70,True,True,True,7.368222156555749
298,linear,32,38,70,True,True,True,
298,mlp,32,38,70,True,True,True,
299,connectome,20,42,60,False,True,False,7.395623186320798
299,linear,20,42,60,False,True,False,
299,mlp,20,42,60,False,True,False,
300,connectome,23,41,63,False,True,False,7.416326695179724
300,linear,23,41,63,False,True,False,
300,mlp,23,41,63,False,True,False,
301,connectome,22,17,39,True,True,True,7.417411903360716
301,linear,22,17,39,True,True,True,
301,mlp,22,17,39,True,True,True,
302,connectome,16,23,40,False,False,True,7.42244823564532
302,linear,16,23,40,False,True,False,
302,mlp,16,23,40,False,False,True,
303,connectome,1,48,94,False,True,False,7.430021170532243
303,linear,1,48,94,False,False,True,
303,mlp,1,48,94,False,True,False,
304,connectome,12,29,41,True,True,True,7.440120536181476
304,linear,12,29,41,True,True,True,
304,mlp,12,29,41,True,True,True,
305,connectome,22,13,35,True,True,True,7.440821757402117
305,linear,22,13,35,True,True,True,
305,mlp,22,13,35,True,True,True,
306,connectome,20,22,43,False,True,False,7.448610208149237
306,linear,20,22,43,False,True,False,
306,mlp,20,22,43,False,True,False,
307,connectome,6,35,44,False,False,True,7.449638199730177
307,linear,6,35,44,False,True,False,
307,mlp,6,35,44,False,True,False,
308,connectome,5,7,12,True,False,False,7.454372555514505
308,linear,5,7,12,True,True,True,
308,mlp,5,7,12,True,True,True,
309,connectome,20,18,38,True,True,True,7.457516289817378
309,linear,20,18,38,True,True,True,
309,mlp,20,18,38,True,True,True,
310,connectome,11,30,38,False,False,True,7.485176065762664
310,linear,11,30,38,False,True,False,
310,mlp,11,30,38,False,True,False,
311,connectome,21,5,27,False,True,False,7.49740134597384
311,linear,21,5,27,False,True,False,
311,mlp,21,5,27,False,True,False,
312,connectome,45,25,44,False,False,True,7.500833070496977
312,linear,45,25,44,False,False,True,
312,mlp,45,25,44,False,True,False,
313,connectome,22,29,51,True,True,True,7.508737861664203
313,linear,22,29,51,True,True,True,
313,mlp,22,29,51,True,True,True,
314,connectome,43,22,65,True,True,True,7.5128402918879535
314,linear,43,22,65,True,True,True,
314,mlp,43,22,65,True,True,True,
315,connectome,48,36,84,True,False,False,7.513509090368565
315,linear,48,36,84,True,True,True,
315,mlp,48,36,84,True,False,False,
316,connectome,1,44,45,True,True,True,7.518580388353201
316,linear,1,44,45,True,True,True,
316,mlp,1,44,45,True,True,True,
317,connectome,13,38,97,False,True,False,7.5198639474143745
317,linear,13,38,97,False,False,True,
317,mlp,13,38,97,False,True,False,
318,connectome,15,25,40,True,False,False,7.521356664935739
318,linear,15,25,40,True,True,True,
318,mlp,15,25,40,True,False,False,
319,connectome,45,45,4,False,False,True,7.542894900415429
319,linear,45,45,4,False,False,True,
319,mlp,45,45,4,False,False,True,
320,connectome,26,47,73,True,False,False,7.543897462396345
320,linear,26,47,73,True,True,True,
320,mlp,26,47,73,True,True,True,
321,connectome,3,30,60,False,True,False,7.565009752075645
321,linear,3,30,60,False,False,True,
321,mlp,3,30,60,False,False,True,
322,connectome,17,37,54,True,False,False,7.565341608355948
322,linear,17,37,54,True,True,True,
322,mlp,17,37,54,True,True,True,
323,connectome,36,36,69,False,False,True,7.566333998496855
323,linear,36,36,69,False,True,False,
323,mlp,36,36,69,False,True,False,
324,connectome,4,15,19,True,False,False,7.568247575898605
324,linear,4,15,19,True,True,True,
324,mlp,4,15,19,True,True,True,
325,connectome,8,18,26,True,False,False,7.568979948379274
325,linear,8,18,26,True,True,True,
325,mlp,8,18,26,True,True,True,
326,connectome,10,1,75,False,True,False,7.5760341194257235
326,linear,10,1,75,False,False,True,
326,mlp,10,1,75,False,True,False,
327,connectome,10,37,47,True,True,True,7.5782992610477935
327,linear,10,37,47,True,True,True,
327,mlp,10,37,47,True,True,True,
328,connectome,30,25,31,False,True,False,7.5998101597074585
328,linear,30,25,31,False,False,True,
328,mlp,30,25,31,False,True,False,
329,connectome,33,8,41,True,True,True,7.6063106012134005
329,linear,33,8,41,True,True,True,
329,mlp,33,8,41,True,True,True,
330,connectome,5,22,72,False,False,True,7.610173357456932
330,linear,5,22,72,False,False,True,
330,mlp,5,22,72,False,False,True,
331,connectome,20,23,5,False,True,False,7.631827933356727
331,linear,20,23,5,False,False,True,
331,mlp,20,23,5,False,True,False,
332,connectome,11,0,11,True,True,True,7.642543331066523
332,linear,11,0,11,True,True,True,
332,mlp,11,0,11,True,True,True,
333,connectome,8,21,29,True,False,False,7.645130792868889
333,linear,8,21,29,True,True,True,
333,mlp,8,21,29,True,True,True,
334,connectome,30,39,68,False,True,False,7.651830220995013
334,linear,30,39,68,False,True,False,
334,mlp,30,39,68,False,True,False,
335,connectome,5,13,18,True,False,False,7.653312130936368
335,linear,5,13,18,True,True,True,
335,mlp,5,13,18,True,True,True,
336,connectome,32,28,40,False,True,False,7.669370287611048
336,linear,32,28,40,False,False,True,
336,mlp,32,28,40,False,True,False,
337,connectome,34,11,45,True,False,False,7.670935479492479
337,linear,34,11,45,True,True,True,
337,mlp,34,11,45,True,True,True,
338,connectome,24,46,71,False,True,False,7.675432068516589
338,linear,24,46,71,False,True,False,
338,mlp,24,46,71,False,True,False,
339,connectome,31,38,78,False,True,False,7.677329116678323
339,linear,31,38,78,False,True,False,
339,mlp,31,38,78,False,True,False,
340,connectome,33,31,63,False,True,False,7.68596691606622
340,linear,33,31,63,False,True,False,
340,mlp,33,31,63,False,False,True,
341,connectome,26,4,79,False,False,True,7.687234581627378
341,linear,26,4,79,False,False,True,
341,mlp,26,4,79,False,True,False,
342,connectome,8,43,51,True,False,False,7.691051564590867
342,linear,8,43,51,True,True,True,
342,mlp,8,43,51,True,False,False,
343,connectome,40,47,87,True,True,True,7.6932168950328474
343,linear,40,47,87,True,True,True,
343,mlp,40,47,87,True,True,True,
344,connectome,18,43,32,False,False,True,7.704456778243122
344,linear,18,43,32,False,False,True,
344,mlp,18,43,32,False,False,True,
345,connectome,38,29,67,True,False,False,7.704867466283497
345,linear,38,29,67,True,True,True,
345,mlp,38,29,67,True,True,True,
346,connectome,47,5,52,True,False,False,7.707055047625498
346,linear,47,5,52,True,True,True,
346,mlp,47,5,52,True,False,False,
347,connectome,8,40,48,True,False,False,7.710118678688298
347,linear,8,40,48,True,True,True,
347,mlp,8,40,48,True,True,True,
348,connectome,25,17,42,True,False,False,7.711063388329162
348,linear,25,17,42,True,True,True,
348,mlp,25,17,42,True,False,False,
349,connectome,34,45,97,False,True,False,7.711583423649637
349,linear,34,45,97,False,False,True,
349,mlp,34,45,97,False,False,True,
350,connectome,42,12,54,True,True,True,7.71874058457618
350,linear,42,12,54,True,True,True,
350,mlp,42,12,54,True,False,False,
351,connectome,10,18,95,False,True,False,7.723230180460284
351,linear,10,18,95,False,False,True,
351,mlp,10,18,95,False,False,True,
352,connectome,18,38,57,False,False,True,7.724170439921144
352,linear,18,38,57,False,True,False,
352,mlp,18,38,57,False,True,False,
353,connectome,40,40,83,False,True,False,7.745886682600996
353,linear,40,40,83,False,True,False,
353,mlp,40,40,83,False,False,True,
354,connectome,14,23,37,True,False,False,7.746425154381488
354,linear,14,23,37,True,True,True,
354,mlp,14,23,37,True,True,True,
355,connectome,18,1,91,False,False,True,7.753317211727788
355,linear,18,1,91,False,False,True,
355,mlp,18,1,91,False,False,True,
356,connectome,32,25,75,False,True,False,7.754121422828524
356,linear,32,25,75,False,False,True,
356,mlp,32,25,75,False,False,True,
357,connectome,20,32,52,True,True,True,7.7647764252382645
357,linear,20,32,52,True,True,True,
357,mlp,20,32,52,True,False,False,
358,connectome,41,36,77,True,True,True,7.7664560503198
358,linear,41,36,77,True,True,True,
358,mlp,41,36,77,True,False,False,
359,connectome,23,20,43,True,True,True,7.7679780118811905
359,linear,23,20,43,True,True,True,
359,mlp,23,20,43,True,False,False,
360,connectome,7,40,49,False,False,True,7.7800558004122315
360,linear,7,40,49,False,True,False,
360,mlp,7,40,49,False,True,False,
361,connectome,25,31,34,False,False,True,7.786434815578064
361,linear,25,31,34,False,False,True,
361,mlp,25,31,34,False,False,True,
362,connectome,46,27,73,True,False,False,7.787453271058994
362,linear,46,27,73,True,True,True,
362,mlp,46,27,73,True,False,False,
363,connectome,5,18,23,True,False,False,7.7907457685220045
363,linear,5,18,23,True,True,True,
363,mlp,5,18,23,True,True,True,
364,connectome,19,43,60,False,False,True,7.797277361287975
364,linear,19,43,60,False,True,False,
364,mlp,19,43,60,False,False,True,
365,connectome,33,37,70,True,True,True,7.801136938831504
365,linear,33,37,70,True,True,True,
365,mlp,33,37,70,True,False,False,
366,connectome,9,34,43,True,False,False,7.803117268933314
366,linear,9,34,43,True,True,True,
366,mlp,9,34,43,True,False,False,
367,connectome,18,42,60,True,False,False,7.807031520116892
367,linear,18,42,60,True,True,True,
367,mlp,18,42,60,True,False,False,
368,connectome,39,6,45,True,False,False,7.807924099077708
368,linear,39,6,45,True,True,True,
368,mlp,39,6,45,True,True,True,
369,connectome,37,11,50,False,False,True,7.816990387225996
369,linear,37,11,50,False,True,False,
369,mlp,37,11,50,False,False,True,
370,connectome,28,21,49,True,False,False,7.818499633987376
370,linear,28,21,49,True,True,True,
370,mlp,28,21,49,True,True,True,
371,connectome,27,45,72,True,False,False,7.8201741731489065
371,linear,27,45,72,True,True,True,
371,mlp,27,45,72,True,True,True,
372,connectome,21,48,69,True,True,True,7.821038143809696
372,linear,21,48,69,True,True,True,
372,mlp,21,48,69,True,True,True,
373,connectome,4,1,5,True,False,False,7.82260651439113
373,linear,4,1,5,True,True,True,
373,mlp,4,1,5,True,True,True,
374,connectome,29,46,75,True,False,False,7.822733026651246
374,linear,29,46,75,True,True,True,
374,mlp,29,46,75,True,True,True,
375,connectome,36,5,41,True,False,False,7.823969540952376
375,linear,36,5,41,True,True,True,
375,mlp,36,5,41,True,True,True,
376,connectome,13,44,75,False,True,False,7.827820853875897
376,linear,13,44,75,False,False,True,
376,mlp,13,44,75,False,True,False,
377,connectome,1,36,37,True,True,True,7.829828520797732
377,linear,1,36,37,True,True,True,
377,mlp,1,36,37,True,True,True,
378,connectome,19,23,42,True,False,False,7.832391188740075
378,linear,19,23,42,True,True,True,
378,mlp,19,23,42,True,True,True,
379,connectome,4,24,29,False,False,True,7.840370361487369
379,linear,4,24,29,False,True,False,
379,mlp,4,24,29,False,True,False,
380,connectome,14,5,91,False,True,False,7.843564319250289
380,linear,14,5,91,False,False,True,
380,mlp,14,5,91,False,False,True,
381,connectome,28,20,48,True,False,False,7.845066572871662
381,linear,28,20,48,True,True,True,
381,mlp,28,20,48,True,True,True,
382,connectome,46,42,88,True,False,False,7.846207726172706
382,linear,46,42,88,True,True,True,
382,mlp,46,42,88,True,True,True,
383,connectome,16,17,35,False,False,True,7.848013227774356
383,linear,16,17,35,False,True,False,
383,mlp,16,17,35,False,True,False,
384,connectome,2,14,16,True,False,False,7.84924338467548
384,linear,2,14,16,True,True,True,
384,mlp,2,14,16,True,True,True,
385,connectome,3,21,24,True,False,False,7.851398543277451
385,linear,3,21,24,True,True,True,
385,mlp,3,21,24,True,True,True,
386,connectome,32,46,78,True,True,True,7.851960537437964
386,linear,32,46,78,True,True,True,
386,mlp,32,46,78,True,True,True,
387,connectome,18,42,60,True,False,False,7.855330595181045
387,linear,18,42,60,True,True,True,
387,mlp,18,42,60,True,True,True,
388,connectome,45,25,7,False,False,True,7.864080284809044
388,linear,45,25,7,False,False,True,
388,mlp,45,25,7,False,True,False,
389,connectome,4,33,37,True,False,False,7.865334599830191
389,linear,4,33,37,True,True,True,
389,mlp,4,33,37,True,True,True,
390,connectome,41,10,51,True,True,True,7.880928030564445
390,linear,41,10,51,True,True,True,
390,mlp,41,10,51,True,True,True,
391,connectome,9,36,54,False,False,True,7.881383220404862
391,linear,9,36,54,False,True,False,
391,mlp,9,36,54,False,True,False,
392,connectome,10,35,45,True,True,True,7.88300054296634
392,linear,10,35,45,True,True,True,
392,mlp,10,35,45,True,True,True,
393,connectome,16,43,59,True,False,False,7.884497710667708
393,linear,16,43,59,True,True,True,
393,mlp,16,43,59,True,True,True,
394,connectome,30,4,94,False,True,False,7.893014719455494
394,linear,30,4,94,False,False,True,
394,mlp,30,4,94,False,False,True,
395,connectome,10,14,23,False,True,False,7.89830471200033
395,linear,10,14,23,False,True,False,
395,mlp,10,14,23,False,True,False,
396,connectome,22,22,44,True,True,True,7.899083493501043
396,linear,22,22,44,True,True,True,
396,mlp,22,22,44,True,True,True,
397,connectome,9,47,56,True,False,False,7.89933270358127
397,linear,9,47,56,True,True,True,
397,mlp,9,47,56,True,True,True,
398,connectome,18,44,62,True,False,False,7.900471313922311
398,linear,18,44,62,True,True,True,
398,mlp,18,44,62,True,True,True,
399,connectome,47,11,61,False,False,True,7.910897449931842
399,linear,47,11,61,False,True,False,
399,mlp,47,11,61,False,True,False,
